probe	chr	position	unadjusted_interaction_m	unadjusted_se	unadjusted_p	unadjusted_hc3_se	unadjusted_hc3_p	unadjusted_cluster_se	unadjusted_cluster_p	unadjusted_interaction_beta	cell_adjusted_interaction_m	cell_adjusted_se	cell_adjusted_p	cell_adjusted_hc3_se	cell_adjusted_hc3_p	cell_adjusted_cluster_se	cell_adjusted_cluster_p	cell_adjusted_interaction_beta	fully_adjusted_interaction_m	fully_adjusted_se	fully_adjusted_p	fully_adjusted_hc3_se	fully_adjusted_hc3_p	fully_adjusted_cluster_se	fully_adjusted_cluster_p	fully_adjusted_interaction_beta	fully_adjusted_linear_age_interaction_m	fully_adjusted_linear_age_se	fully_adjusted_linear_age_p	fully_adjusted_linear_age_hc3_se	fully_adjusted_linear_age_hc3_p	fully_adjusted_linear_age_cluster_se	fully_adjusted_linear_age_cluster_p	fully_adjusted_linear_age_interaction_beta	unadjusted_fdr	unadjusted_hc3_fdr	unadjusted_cluster_fdr	cell_adjusted_fdr	cell_adjusted_hc3_fdr	cell_adjusted_cluster_fdr	fully_adjusted_fdr	fully_adjusted_hc3_fdr	fully_adjusted_cluster_fdr	fully_adjusted_linear_age_fdr	fully_adjusted_linear_age_hc3_fdr	fully_adjusted_linear_age_cluster_fdr
cg01620164	2	163733762.0	-0.459747067335227	0.04651552528655652	1.070867990947704e-21	0.048693668319006664	4.903377667683222e-20	0.05495435871551483	1.0342179823855126e-11	-0.07306796347083472	-0.44510360488750267	0.046211044019069385	9.77762486262567e-21	0.048961290515573345	9.39560712705395e-19	0.05553360305838403	4.144366919790349e-11	-0.07101632057256868	-0.44824442229027683	0.04788314714227584	1.2796487047450439e-19	0.05295288769938054	1.7145473632649694e-16	0.0567852344070658	6.703417231380488e-11	-0.07180493870801463	-0.02138539066723183	0.00228735683834505	1.4121536856225647e-19	0.002531559985930541	1.9617595018928627e-16	0.0027168052445404977	7.318851426913326e-11	-0.003426440426643986	4.3346915797978444e-16	1.9848039224578178e-14	4.18633857563955e-06	3.9578163247682066e-15	3.803182039710279e-13	1.677569274893497e-05	5.179800416528131e-14	6.940196253444841e-11	2.713429337169888e-05	5.716158053273586e-14	7.940868964546987e-11	2.9625466371402568e-05
cg23256579	12	10849804.0	-0.30305847713001605	0.032212513596210045	6.517343816104255e-20	0.036635594318454125	6.284872705275238e-16	0.04105644601780997	5.111450033337256e-10	-0.055675670125789584	-0.2858163866303078	0.03200953477130322	3.538484868944626e-18	0.03596899449014098	7.420090579690603e-15	0.03960798510242709	9.846798723787545e-10	-0.05313134517312203	-0.2836192364505055	0.03325873391841083	1.0549464636805855e-16	0.03806215863323014	2.9681322221699225e-13	0.04209262604038632	6.522356670064714e-09	-0.05319282706680711	-0.013480690846340397	0.0015926519945763246	1.7233422331451891e-16	0.0018209706142011991	4.159141726587089e-13	0.0020132903415115656	7.700312765991913e-09	-0.002531607700946202	1.3190549909570642e-14	1.2720048141297134e-10	6.896760262814516e-05	7.161592603530063e-13	1.5017632625594507e-09	0.00013286055759369645	2.1351219720400922e-11	6.007247326433039e-08	0.0008800463666596018	3.487898195796045e-11	8.417749327565508e-08	0.0010389852341188349
cg00167275	10	87094831.0	0.3113495135175378	0.044005422228346566	3.523062044632798e-12	0.04498771600454334	9.893461225224251e-12	0.04741708197834269	1.2825956029449275e-08	0.018059039827531542	0.284949575287061	0.04168311949590144	1.736988120846315e-11	0.042088725122033044	2.6697538090874414e-11	0.04536280538435357	3.911548254266983e-08	0.015665176933607767	0.2789160530907405	0.03466296433303257	4.08069438167657e-15	0.038069788460900394	7.063541083645761e-13	0.04462182811515268	4.4128991656103745e-08	0.01573189729301562	0.013315980127766192	0.0016561211053044693	4.2681611050685616e-15	0.0018179907792877778	7.155682812843827e-13	0.00213459982120557	4.633383905834506e-08	0.000751738568754717	3.565189059031495e-07	1.001176228782487e-06	0.0012979322398671415	1.7577581563013347e-06	2.7016773902596044e-06	0.00395832059251738	4.129489284745467e-10	9.530671168204607e-08	0.00297711093825544	4.3191976414824187e-10	9.654995853437876e-08	0.0031258583959256816
cg00804338	13	113584919.0	0.3374041095812088	0.04075647954031174	5.988567941439783e-16	0.04372548800510209	3.9669548646120244e-14	0.043411037009203804	1.0846424805049646e-10	0.018529798855726445	0.3193093455471695	0.04087309521478043	1.990855711681811e-14	0.04363184277717644	6.724887894010713e-13	0.04258198938291523	3.2112123076522233e-10	0.01680624203680805	0.29989535300246073	0.03665826905956487	1.4955741124016626e-15	0.04184391231099144	2.0972227814910262e-12	0.04430271256408219	5.7661097716370004e-09	0.015370333844611199	0.0143052366753781	0.0017515044466487053	1.6545318129689363e-15	0.0019989214667123644	2.2518498330443107e-12	0.002117796689948826	6.10446163529305e-09	0.0007338048084794253	8.080234990132733e-11	5.35251963654083e-09	2.1952241859312054e-05	2.6862151584723283e-09	9.073734321337795e-08	6.499220757641949e-05	2.017943253134274e-10	2.122300322900705e-07	0.0008800463666596018	2.232421169496683e-10	2.2787763274229382e-07	0.0010389852341188349
cg18942579	17	59838412.0	-0.13228163380949537	0.03004566503326764	1.2301620513346798e-05	0.030355244148762933	1.5036216575427325e-05	0.02970540604538648	3.6730752861231584e-05	-0.02183803469816782	-0.1442597420379197	0.027678919199570728	2.444116073299025e-07	0.02750920549699118	2.0671882758416407e-07	0.028588407611334667	4.334780176605815e-06	-0.023824347617690724	-0.14356898121588416	0.023248691909036893	1.1662528805980547e-09	0.025094083076740114	1.6174902184149412e-08	0.027327810391429813	2.0065269018975837e-06	-0.023752531119628488	-0.006872000059915989	0.0011105686756166925	1.0824618981792365e-09	0.0011980989668280105	1.4909423483059767e-08	0.0013036959509158963	1.8788740496537084e-06	-0.0011369688835630746	0.06113271420145375	0.0811097174903521	0.11851737087394493	0.008993969422710902	0.009561060088810797	0.11482551679763633	8.494372722919199e-05	0.0013094650861613104	0.06247753684083151	7.769219433305646e-05	0.0012070162331486764	0.05850279034161362
cg12054453	17	59838356.0	-0.20127764600518802	0.037606425935433445	1.1667748752803469e-07	0.03945124356022253	4.2977871525397354e-07	0.03807186255133379	1.7722322664389269e-06	-0.030346989176219592	-0.18905460658875956	0.03653072852991702	2.9554651556347626e-07	0.03828804100935809	9.833198270620018e-07	0.03613663737691523	2.177712646862286e-06	-0.028612207178632144	-0.2290467459499284	0.0373244031143597	1.468950253850443e-09	0.04174503844921924	5.8788145578157585e-08	0.04053712142193523	4.482966191483825e-07	-0.03443999095668495	-0.010967598958090723	0.0017828734064207436	1.3435479264973954e-09	0.0019942990357065993	5.489104076452122e-08	0.001937787029309129	4.32231896595752e-07	-0.0016491478473083404	0.0029605851997952758	0.011262913535861268	0.03775628913189201	0.009969350434110884	0.02843079639697416	0.06680191997463622	8.494372722919199e-05	0.003966073655260561	0.024672890729446027	7.769219433305646e-05	0.0037031600256308655	0.024994303399959755
cg08115371	11	79404662.0	0.11292671922008898	0.02720762595276399	3.7107214688674935e-05	0.029215422306909974	0.0001209001498547178	0.029089743927432906	0.0002570904935425455	0.01698891597012877	0.14720471511198185	0.025352032482019445	9.572180237179643e-09	0.027524713738099338	1.1949953845088188e-07	0.02804144954065372	2.0370815234140864e-06	0.022179587595659234	0.15840708629343433	0.02579029148245369	1.4219099965525522e-09	0.029506843766460737	1.1079931440084487e-07	0.030905079819713462	3.2308265510236702e-06	0.023780690164242235	0.007581085998793934	0.0012318654654262624	1.3236114728763515e-09	0.0014100118143002991	1.061202654260286e-07	0.001478097495126498	3.1909727903190347e-06	0.0011381954159769448	0.08374959079305361	0.1853724445403115	0.2370520757349253	0.0007749311665892576	0.00793269714197477	0.06680191997463622	8.494372722919199e-05	0.005456775825873245	0.07692845081194201	7.769219433305646e-05	0.005231135707696094	0.0759795022931594
cg17107691	19	11178700.0	-0.2078470416593963	0.0325235891636021	2.954662847496602e-10	0.0332508744594494	6.963823044189624e-10	0.03337752976963447	4.8365516763499076e-08	-0.019642058598943968	-0.16763049779596864	0.029570874113963325	2.0817835176270063e-08	0.030616519853428076	6.042117292782366e-08	0.03042637314569295	7.66138318363104e-07	-0.01589843760312048	-0.16603304516291925	0.028282765957021096	6.945240005105303e-09	0.031021546992469475	1.2079777282053663e-07	0.026527886436686278	4.274842491799836e-08	-0.015763223594791854	-0.007941610877074696	0.0013510136697262017	6.6419028918753366e-09	0.0014818280884570294	1.1630977923792464e-07	0.0012676421417920863	4.175006648342093e-08	-0.0007541785300416954	2.3919945827964343e-05	5.6376743665924174e-05	0.003915507794415889	0.0013743022020285196	0.004891492728248649	0.038764970865246544	0.0003123683427762822	0.005456775825873245	0.00297711093825544	0.00029872548647577493	0.005231135707696094	0.0031258583959256816
cg16936953	17	59838304.0	-0.1473975867983684	0.03173706109169941	4.050921950377123e-06	0.031965828068144346	4.734002210125859e-06	0.03245134724096538	2.683588201811604e-05	-0.024941875065935846	-0.14973203093785806	0.02915613099564715	3.6253665888732584e-07	0.02924348007508052	3.921743298542065e-07	0.031035939353108787	9.750504885771605e-06	-0.02531866079693694	-0.1677586732009254	0.029600651788301697	2.1842409152728685e-08	0.031348797660923765	1.213266921606372e-07	0.03293991503025858	3.647096027435899e-06	-0.028378156669825263	-0.008034603443216165	0.0014139882867775103	2.011245621106984e-08	0.0014975172513327724	1.1269858347406256e-07	0.001574006305742941	3.4927451523449126e-06	-0.001359082640409381	0.0347519992585319	0.047759183969539355	0.1057527962909172	0.011288359722645263	0.01587455017613753	0.17160167909466467	0.0008648295316029433	0.005456775825873245	0.08201569284853254	0.0008141180362485482	0.005231135707696094	0.07854465894453505
cg23778841	13	113585382.0	0.15948771888264643	0.027298827273153956	7.77588792744708e-09	0.03178715582367952	6.595874244274931e-07	0.02870678810726621	6.425393705776053e-07	0.005431167910831666	0.15075382655393677	0.02732038781722669	4.7863659651493954e-08	0.030444730252431353	9.171750487180823e-07	0.027812502063693855	1.0727296705683724e-06	0.005064036685830933	0.15554750347573543	0.025987277852053847	3.574032527200538e-09	0.029229340184912557	1.4195206571781685e-07	0.02910411372472329	1.4271946330321385e-06	0.005636583380109675	0.007421137171494134	0.0012415459543515407	3.7484443898224244e-09	0.0013953995646310583	1.444660364503446e-07	0.001391857676445464	1.496893461976948e-06	0.0002690420852198965	0.0004496496061336874	0.014832765356779663	0.021674084503376236	0.0024217994680888347	0.02843079639697416	0.043422273424167754	0.00018083845105722692	0.005745978301745506	0.05106139422339446	0.00018966332068068631	0.005523504039919089	0.050493085518284575
cg00565090	19	47755001.0	-0.06348234995582769	0.013480090301021977	2.9783962966293623e-06	0.013413944028598175	2.6660959013503773e-06	0.013335411735361945	1.2293014498275084e-05	-0.010964376746651013	-0.044153939299005525	0.011199990677567655	8.857435607521433e-05	0.011210114644998796	8.98705409042561e-05	0.009588843421774783	2.1485295667691585e-05	-0.007633406054914869	-0.049595100646547194	0.008795788808910117	2.5638315787064476e-08	0.009352519918595998	1.5667358609148665e-07	0.009489506503864077	2.221621333620408e-06	-0.008575719557920207	-0.0023729499645571243	0.00042020939577237234	2.4451381189375306e-08	0.0004467978440527643	1.5010152214670573e-07	0.0004540259274096903	2.2203472532247174e-06	-0.00041032046224354275	0.03172642600364534	0.03721345852538999	0.0870585367177528	0.2961243236921875	0.472442430634383	0.23505087665554603	0.0008648295316029433	0.00576534583626093	0.06423389630620498	0.0008247919526649087	0.005523504039919089	0.06419705872871863
cg08280341	2	163737690.0	-0.1644520416898709	0.0297855568015528	4.692845959015787e-08	0.03087330833436669	1.3361199970120332e-07	0.029408351031985167	5.597726538383899e-07	-0.02003696498630091	-0.1636768853697736	0.029794922984906522	5.471169579642669e-08	0.031243820539146018	2.1258190388256715e-07	0.0295011701629959	6.613573929046112e-07	-0.02001176697733638	-0.16809798116110186	0.029798750053196113	2.5271545570913164e-08	0.032294300256553096	2.6060373932486424e-07	0.03154494827638482	1.5137412655193859e-06	-0.020743438058044458	-0.008041403150318293	0.0014231489782495557	2.3999701889240398e-08	0.001543385077343049	2.538907432721708e-07	0.0015066812791879574	1.4671775863681143e-06	-0.0009922105172261082	0.0017268947871166248	0.005814771227948383	0.020598768558060452	0.0024607071510627763	0.009561060088810797	0.03824374708172961	0.0008648295316029433	0.008790663617928044	0.05106139422339446	0.0008247919526649087	0.008564221394494925	0.050493085518284575
cg21121843	4	3202255.0	-0.15194155960924327	0.03102446819569871	1.1977526089691664e-06	0.03280439049274951	4.2977498963800485e-06	0.031250322580526756	8.505369140320825e-06	-0.022276809392889164	-0.1363234367842282	0.029796645096250362	5.603704696022125e-06	0.03221012835147138	2.612160072289243e-05	0.028447814958081467	1.0965689852792082e-05	-0.01972833627852783	-0.16621152863074912	0.029581347275239173	2.858826867107018e-08	0.03360955713653368	9.697602266053924e-07	0.030836413952730454	1.2023138597406463e-06	-0.024316164486200505	-0.007933786203985495	0.00141333664624543	2.94330295916887e-08	0.0016073158821770757	1.0154652506114117e-06	0.0014762848363277987	1.2767091291819261e-06	-0.0011604979365536217	0.020201245596515253	0.04663928709024451	0.08197211516015439	0.08724170761422784	0.2857724298760694	0.17712106305103517	0.0008901573198062924	0.03019557336969312	0.0486676211087398	0.0009164607705548099	0.0316186977337107	0.050493085518284575
cg01409343	17	59838379.0	-0.09254062265654311	0.028950628329458612	0.0014514269945180105	0.028952368257400087	0.001452380164529581	0.029706106157301244	0.0028004006659468742	-0.01264402629519318	-0.10806120016161952	0.023371312609800417	4.4687338896965394e-06	0.023315794742257374	4.24391401680302e-06	0.023233320158925822	1.8205672010696923e-05	-0.014868694331073878	-0.11537114888057759	0.022400021751180613	3.4530269629182894e-07	0.024032119937859347	1.965618722650883e-06	0.025538189705953646	2.9267298288821072e-05	-0.016111379215747526	-0.00552497500081224	0.001070093900773949	3.2373048821102674e-07	0.0011478144272141688	1.8481299346067508e-06	0.0012199589174238423	2.8128319381948655e-05	-0.0007714846310981643	0.3088630196868371	0.3836024475653875	0.44078242649738536	0.07235470040292137	0.09543690263686537	0.22717612991909425	0.007356455858583968	0.0568320745293423	0.3300473151180389	0.0068968735899749495	0.05343511280856603	0.3249097191535206
cg20953257	19	11178673.0	-0.11660545408300356	0.021295697130456797	6.016727725710798e-08	0.022091176547305302	1.7238188050234472e-07	0.0257526537373151	2.8220004659640862e-05	-0.012906013801845998	-0.09117497157598839	0.01949608947114632	3.4835979436231637e-06	0.0203524962986305	8.687610577224566e-06	0.023067677745776397	0.00020361141236955815	-0.010139353846532712	-0.09096262682483625	0.01694371916823675	1.1078186990648657e-07	0.019167821124519507	2.560615838257885e-06	0.02033025657539661	3.410079133183798e-05	-0.010120855230611271	-0.004350346331309022	0.000809395037155708	1.07139681882418e-07	0.0009154178302621593	2.4797643744237127e-06	0.0009712411525356293	3.351612387981691e-05	-0.00048413451470811337	0.0018734377684587644	0.005814771227948383	0.1075844549186438	0.0632151522708834	0.1528955248817692	0.5151152395824179	0.003203044117596954	0.06909958405716941	0.3300473151180389	0.0030977372751007717	0.06691776418482358	0.32958621874020483
cg02993564	8	142337489.0	-0.10455491426910796	0.020221586604834703	3.0236896056894373e-07	0.02048733640625264	4.265931461879506e-07	0.02056202582631361	3.756792514646778e-06	-0.01214209630867872	-0.08172871479196564	0.017169131607812683	2.338248941161895e-06	0.017684648144914713	4.515401734384213e-06	0.016636696704601963	7.075976272235862e-06	-0.009549525751240415	-0.07268165029562054	0.013920710550052603	2.399865072110948e-07	0.015397061313723818	2.885834683713338e-06	0.015059128190436652	9.681916600320636e-06	-0.008609863659988105	-0.003476105972269556	0.0006649746804033778	2.3226296064976322e-07	0.0007350075365528618	2.766766116715876e-06	0.0007194040767139248	9.490386242871381e-06	-0.00041174309224397917	0.006441779735051513	0.011262913535861268	0.06565500622353858	0.04732417105751677	0.0961977821183813	0.13639213825735472	0.0055106959088873685	0.06915769236203817	0.17039457596641686	0.005684970594400672	0.06998587550557336	0.16702378324122638
cg13781414	9	136059802.0	-0.0993124968262179	0.020763008435511435	2.091143908377227e-06	0.020730404025584667	2.016561718375398e-06	0.019962445089018302	5.630861156012172e-06	-0.011593489798636197	-0.08155725234325945	0.020033047644609208	5.1968801952025716e-05	0.019643084442171572	3.6913946003476343e-05	0.019449606370969135	9.041231588369038e-05	-0.009586009068367624	-0.0824756386882996	0.01664337052425002	9.2246452672572e-07	0.017476859756217048	2.9044717049743913e-06	0.017005313958008507	8.887565917034368e-06	-0.009702373511924304	-0.003942281788772443	0.0007950893039974827	9.096475664453173e-07	0.0008358263687736578	2.9392535842531605e-06	0.0008145749799199831	9.226890115226863e-06	-0.00046385007676137165	0.025650288020141188	0.03401124591871453	0.06906899610042651	0.25960984175282353	0.34150194957930274	0.3977974832646505	0.015201645575419306	0.06915769236203817	0.1635243452088601	0.014908455332464801	0.06998587550557336	0.16702378324122638
cg08037478	12	38151283.0	0.058447980358596247	0.0160692826091891	0.00029509115567312325	0.016285376200563903	0.00035431140841679187	0.012166383677271114	1.0499451806428501e-05	0.007353470849217909	0.06771357686414319	0.016010475488776987	2.6462181073549653e-05	0.01631060518107287	3.6985133598720634e-05	0.011738117116928426	2.849987916849399e-07	0.008780050245474364	0.07450335255158366	0.015055906442157456	9.550861465279435e-07	0.01589577563374324	3.382189098600125e-06	0.011903755568468646	4.2748588788618527e-08	0.009882049417985886	0.0035566825744926833	0.0007193344244324906	9.7436333116319e-07	0.0007597637684941699	3.47427501170278e-06	0.0005694209056456773	4.4914600303649685e-08	0.0004719249244127152	0.19213070833771284	0.2531108545080528	0.08409710509100021	0.21860083758152343	0.34150194957930274	0.023072533178921002	0.015201645575419306	0.07605848054992524	0.00297711093825544	0.014908455332464801	0.07812930344789368	0.0031258583959256816
cg06155341	11	66281288.0	-0.061673172302573756	0.020128241248401242	0.002264829167253402	0.01943431356528416	0.0015701833369578563	0.017745722612755505	0.0009454275241241748	-0.007072674571643511	-0.06745144797635588	0.017834062331673065	0.0001683721930091859	0.017396005553203375	0.00011523014942641369	0.015721884257382104	6.477225319219541e-05	-0.007952654631591144	-0.06304298157432023	0.013031956858322525	1.6445777893945133e-06	0.013500173557459071	3.6679712281376616e-06	0.011201176718203431	4.87627014562292e-07	-0.0074814841210640885	-0.0030076606101984106	0.0006227198292242967	1.7070802887698968e-06	0.0006449013658106607	3.7736805017933695e-06	0.0005349897233588394	4.9955885588253e-07	-0.00035710625500387164	0.3446219198007995	0.39088777471329145	0.34056987665339783	0.3352968820688399	0.5388731217446908	0.39430645009080284	0.02017264034316604	0.07814381040206564	0.024672890729446027	0.020573076402695255	0.07862313199124205	0.025276616545087265
cg21320221	17	81835121.0	-0.10662725003125983	0.021693087083997115	1.0971498343201344e-06	0.021640566053627457	1.0343044382440706e-06	0.02083750949856998	3.334433205114592e-06	-0.012049107212290779	-0.08939463051798527	0.0205379933674156	1.539798777326608e-05	0.020144161761832435	1.0514496348180253e-05	0.020429909039114708	4.8162008370891475e-05	-0.010136238742935412	-0.09036307289674142	0.018194429130849246	8.732299275903616e-07	0.019441030273026124	4.062313214134576e-06	0.019620919036503346	2.142985105488982e-05	-0.010396062384461464	-0.004326291330820655	0.0008691003700880481	8.252523530432325e-07	0.0009288702253496948	3.88470523669433e-06	0.0009378003550344007	2.0843409330890516e-05	-0.0004978122236031369	0.019309026147200304	0.020933442671287484	0.06427247028885238	0.1686712595552628	0.1702435750122179	0.3448695734934776	0.015201645575419306	0.0822177664878518	0.29911859998453333	0.014908455332464801	0.07862313199124205	0.29093302617882266
cg27615582	12	10849812.0	-0.16916060090629761	0.02762866928605117	1.5074105627940402e-09	0.029548032173847903	1.5152502668956493e-08	0.0282896531742992	1.2648367182034784e-07	-0.02764898334710485	-0.15336447325734923	0.027168120154721368	2.3766105331003614e-08	0.028816741074743316	1.3718184803666008e-07	0.027615313757979775	6.478007393583322e-07	-0.025953012230466522	-0.14486203505217832	0.027748648841443044	2.4074463458645687e-07	0.03135797080711243	4.640197131699374e-06	0.030668100662433643	1.4040973915480913e-05	-0.025210832207625312	-0.006881314728592014	0.0013278895673470657	2.9350259651081256e-07	0.0015006904203268986	5.439858147771781e-06	0.0014690574804869737	1.617409483339019e-05	-0.0012003308578093365	0.00010169569497324334	0.0010222459146413693	0.008179339305466002	0.0013743022020285196	0.00793269714197477	0.03824374708172961	0.0055106959088873685	0.08694955367651162	0.21859798247808118	0.006600270084635347	0.0917484208595627	0.2518076395747762
cg04946709	16	59755126.0	-0.09191412617775897	0.021504910431206864	2.1754718712544318e-05	0.020009717257234685	5.139747765809683e-06	0.019071751041776053	9.932050676794733e-06	-0.009879178107420217	-0.08849570246993635	0.021747854780413113	5.239929117775757e-05	0.02021142562718275	1.3722267411191718e-05	0.02009125648716365	4.352353254875288e-05	-0.009601675767343582	-0.07635227108962378	0.015965014716386786	2.1459300025969925e-06	0.016580016772334474	4.9655406874659325e-06	0.014824603779818661	2.9471306063944556e-06	-0.00806343304527432	-0.0036441461747557993	0.0007627176597334577	2.1941949303123533e-06	0.000791885851643845	5.0404680301430144e-06	0.0007077318112042153	2.9616698386651576e-06	-0.00038524067180357356	0.0682631031365878	0.047759183969539355	0.08409710509100021	0.25960984175282353	0.21363617575016988	0.3227348510693719	0.023476648222735635	0.08694955367651162	0.07455927301551044	0.023284275199876126	0.08870851176719043	0.0749271001440249
cg05389236	6	36667310.0	-0.0705589001546097	0.02330648857700994	0.0025537965132465096	0.023845883890867413	0.0031873837396120155	0.022416031779549914	0.0025462261340604346	-0.01201184514412305	-0.0487684283367445	0.01205016175398975	5.7464865646467055e-05	0.012719421249112642	0.00013701785297997685	0.012912176787613387	0.0003625394406019608	-0.008292389726112365	-0.05432706542867904	0.010827189245443573	6.767228004715054e-07	0.011798846530711681	4.980331807520139e-06	0.01143093960390451	1.2643910787858041e-05	-0.009222046590407613	-0.0025981721372252365	0.0005172085323838354	6.573388352508668e-07	0.0005627256951559437	4.694702599640251e-06	0.0005456783544096192	1.225192188495676e-05	-0.0004410447655958659	0.3554449129730106	0.45865579533287254	0.4327903959120136	0.25960984175282353	0.5388731217446908	0.6058725624381177	0.01304408977825035	0.08694955367651162	0.21325167251839758	0.012670456464254838	0.08870851176719043	0.20664040401493552
cg23058194	15	65076789.0	0.20119890464249432	0.045513557194842194	1.134735775782157e-05	0.04734991944635987	2.4253735613790638e-05	0.047233193416008165	7.198220958654264e-05	0.012984651588207528	0.2121076834497384	0.045622554969263956	3.964214872637793e-06	0.047564981251237225	9.53526756534599e-06	0.0471028892700268	3.0807214702242874e-05	0.013667995429233512	0.22371521931077237	0.04552943595058344	1.1340373243660459e-06	0.048665378666059626	5.155328381469278e-06	0.04939017735493413	2.805594852014319e-05	0.013993473875422687	0.010705046689457076	0.0021748892719717955	1.0877159572770928e-06	0.0023253451696858846	4.998922024619328e-06	0.0023582447422328926	2.7093406549665382e-05	0.0006697692332914233	0.05888740404210626	0.10143262613915165	0.1451734056729597	0.06686028286628933	0.16082142545431025	0.27109210410473866	0.016394251081030754	0.08694955367651162	0.3300473151180389	0.015724604583374765	0.08870851176719043	0.3249097191535206
cg20519581	20	50343307.0	-0.10818656333215673	0.01938169623323723	3.363454229608855e-08	0.020182097649539613	1.116325434619549e-07	0.019874970799617135	9.83545422853588e-07	-0.01828215769569271	-0.07250263125917036	0.015172345521672246	2.140234426340423e-06	0.0160927400739356	7.731970676154466e-06	0.016959597630716507	6.827821595376625e-05	-0.01228169507690597	-0.07659578953147708	0.015495679895854965	9.809671582282907e-07	0.016855150074408333	6.576002095720062e-06	0.018452923056452786	0.00010447518049543424	-0.012980261224264818	-0.0036598883079687625	0.0007402657360699341	9.76234545707805e-07	0.0008051134695911517	6.532310463745229e-06	0.0008819959793121676	0.0001049467358207635	-0.0006202505548613217	0.001361469093423761	0.005648369480020061	0.024882654181183992	0.0455963427261766	0.1422622857366288	0.39705172750179496	0.015201645575419306	0.10647415425247414	0.5766141442324382	0.014908455332464801	0.1056868049041271	0.5635648434047892
cg01527307	6	14500210.0	0.06399859368083566	0.020019573662454798	0.0014499240716101098	0.0211708898740178	0.0025914521852656754	0.02542984333970615	0.014492229365310815	0.005548954786861123	0.07940131605386251	0.019253268283641135	4.157010431038808e-05	0.020735987128683853	0.00013978274231672905	0.023657977220200153	0.0013642043713040265	0.006755041623434881	0.0918324489553187	0.01760225337220654	2.450511171664142e-07	0.020264811128708628	6.9721811903814466e-06	0.022160743639519916	0.00010697484886983764	0.007630438921065297	0.00439086766763327	0.0008408228201811844	2.3875632154712875e-07	0.0009688514938268417	6.9589967227171315e-06	0.0010607246260122035	0.00010859660061211453	0.00036482172081054177	0.3088630196868371	0.4383445956072629	0.5914708690440217	0.25397810294800055	0.5388731217446908	0.735295257030037	0.0055106959088873685	0.10831325939547187	0.5766141442324382	0.005684970594400672	0.1056868049041271	0.5635648434047892
cg06433350	11	3093785.0	-0.06601960738759027	0.015190213318883808	1.583137115092069e-05	0.015464357700999461	2.2231234624584956e-05	0.016234583596166263	0.00013898022890583686	-0.011264386666295974	-0.04045088983052904	0.010604044384074864	0.00014806972080325912	0.011007594904181725	0.0002556921661423471	0.012129565668171442	0.0014555899416528887	-0.006894325429117668	-0.04424097507997353	0.008955274984420463	9.947738503191643e-07	0.009781906591566384	7.26208624958744e-06	0.011763368192223875	0.0003818837792197307	-0.007529413178554992	-0.002117167714579488	0.00042784793151593597	9.552521704126714e-07	0.00046744692070062023	7.0495641674957484e-06	0.0005621718675900678	0.00037557283471774915	-0.00036032395882566205	0.06417862371385692	0.09573218984088694	0.1862809072754681	0.3352968820688399	0.574999122708876	0.7395670397022769	0.015201645575419306	0.10831325939547187	0.7850707771778709	0.014908455332464801	0.1056868049041271	0.7876968847438065
cg24167372	5	147509065.0	0.11256304705273462	0.0216712568995803	2.6755326613898156e-07	0.022701064665110918	8.854820452025222e-07	0.022717589359226693	6.061036294477596e-06	0.018600721231944766	0.11872650871227525	0.021782929587596426	6.907042486032977e-08	0.023420616825225057	5.081819016645196e-07	0.02276286636834348	2.3104401114792545e-06	0.019642998636781834	0.1163594691409365	0.02290646723657637	4.949888450093145e-07	0.025766520978294443	7.492338519832139e-06	0.025607524284720913	2.6660965722159463e-05	0.019266543929251465	0.005554502885457054	0.0010942915680500409	5.047910888926677e-07	0.0012324217394457113	7.804665516174986e-06	0.0012253503498049984	2.7716273780922135e-05	0.0009196219748212799	0.006016722984863076	0.018864635721221712	0.07000425641337099	0.0027958533786238866	0.01870030860922448	0.06680191997463622	0.010018153482470269	0.10831325939547187	0.3300473151180389	0.010216542566762035	0.1111668418917414	0.3249097191535206
cg06713671	19	5914147.0	-0.09124423123752556	0.02118168133583298	1.877055665465589e-05	0.021584864680186316	2.6681979900876306e-05	0.019436810289531967	1.5591001130184535e-05	-0.011117180081211011	-0.06790109852182652	0.017400644706115867	0.00010425345552705217	0.018161364285578026	0.00019960282211193767	0.014222378606581524	1.169503849740874e-05	-0.008276024386312388	-0.06014081572912233	0.012298216841223054	1.2722841978142365e-06	0.013384665098450727	8.308663838152696e-06	0.013800713927299322	5.1254219939341486e-05	-0.0073848224655307625	-0.0028787442098841113	0.0005874655689869614	1.210984383916904e-06	0.0006394931072824076	7.998674763881316e-06	0.0006597865153659062	5.031047814739707e-05	-0.0003535603985691049	0.06434714431805925	0.10143262613915165	0.09375383830821095	0.316994745486698	0.5610821468259477	0.17712106305103517	0.017758586704960003	0.11597261635858491	0.41493673819412935	0.01690296178879435	0.1111668418917414	0.41174417864713897
cg13735863	20	62666744.0	-0.0571645251488743	0.013495524384900395	2.5706708861712636e-05	0.01360528039002724	2.980385243298398e-05	0.012369626393784153	2.0247897008052588e-05	-0.008842246929054012	-0.04679110878329143	0.012699200051561367	0.0002462713015735847	0.0132827529092024	0.00045414029872342996	0.012553026430346594	0.00042548037210911815	-0.007261903434270509	-0.05332323232963103	0.011090597536630381	1.897947412386114e-06	0.011895767194272556	8.724192737360885e-06	0.011836046498461296	3.0581457565901446e-05	-0.00827001564233927	-0.0025543597915239765	0.0005298314574416276	1.781387689965735e-06	0.000568252903077198	8.238995354924101e-06	0.0005653076806088043	2.9170544410162737e-05	-0.00039615909200771827	0.07226138009146268	0.10490515477722222	0.09928709817243972	0.36876960274152726	0.6778341116247854	0.6181168669560615	0.02134046798410801	0.11771349696023838	0.3300473151180389	0.020573076402695255	0.1111668418917414	0.3249097191535206
cg11152412	15	74635347.0	-0.07344580488949348	0.02037209302288634	0.00033325295585280975	0.019304541458673358	0.000154020097586984	0.019550933121687368	0.00038720494398848145	-0.007015766514920721	-0.06617221131555433	0.020317232722619684	0.0011789540493153993	0.019444534674411606	0.0007030565843630632	0.019769416605091177	0.0014021750438987773	-0.006289678611739959	-0.09373894158718468	0.019815572263162964	2.7507160160622377e-06	0.02096918099916305	9.221881662508634e-06	0.022005616317316342	7.196225989325e-05	-0.008761149480213774	-0.004480487085566672	0.0009468936424362343	2.734979583318485e-06	0.0010021560225640666	9.199816055265534e-06	0.001052291103270598	7.244299579661888e-05	-0.0004187220978393943	0.19825383084564904	0.20307725459788972	0.26851509218893854	0.5284679729626925	0.6997202897659299	0.7380710283413249	0.026510549550707634	0.1204148685482333	0.49371354993846467	0.026358886682723962	0.12012674652575964	0.49701174860242
cg07822788	6	32224573.0	-0.10931482935364883	0.021863830370041294	7.203834800961141e-07	0.022324412170209206	1.2026291756216989e-06	0.02429867152914719	3.1275169877246135e-05	-0.017607273747296315	-0.10539448270565643	0.021139157081377973	7.740887715245231e-07	0.021828670058370962	1.6829258222337092e-06	0.02100684519819969	4.8224203722977935e-06	-0.01706687134905608	-0.09926927794790694	0.02087052480416528	2.4313031170566844e-06	0.0224250942249723	1.1229573259357749e-05	0.023025027065238093	6.021897108369779e-05	-0.016161720234423322	-0.004742033186984442	0.0009972437372577656	2.446404317541084e-06	0.0010710744058145187	1.1196487501302186e-05	0.001099821215513268	6.0161487003746665e-05	-0.0007720998232576072	0.014579949311187269	0.0231811355045561	0.11011313720238633	0.01958362345025069	0.042576235193826716	0.11482551679763633	0.024603754240788898	0.13847729134088144	0.4352788530745079	0.024756571971680817	0.1413200158362078	0.4421801057540683
cg09562285	8	107151770.0	-0.1153762339449671	0.025932745133148857	9.979849722455491e-06	0.025572060460096024	7.496916027360395e-06	0.024196039729347293	1.194481109961873e-05	-0.0035145006569878116	-0.12169908316985756	0.025933635854952432	3.2272598821517108e-06	0.025855268260394332	3.016401347078783e-06	0.024739271915908956	6.904637446330659e-06	-0.003736681258833993	-0.11043688090517416	0.02405034328764597	5.278991100540946e-06	0.024954533679118884	1.1289383729675127e-05	0.023309329314998233	1.3334358844959305e-05	-0.0034064944562111864	-0.005269995530368511	0.001148953400217082	5.406004210189739e-06	0.0011920364001690763	1.152113730713705e-05	0.0011135178428612928	1.3583445278485557e-05	-0.0001625915093236589	0.05651826449094069	0.05950243451574554	0.0870585367177528	0.06220666366081028	0.07182282273379947	0.13639213825735472	0.04273691709300532	0.13847729134088144	0.21590087105356648	0.04290703141594575	0.1413200158362078	0.21993390920644879
cg22904406	6	33320519.0	-0.1115144333925831	0.023989718414833064	3.973724513074437e-06	0.024938565416423034	9.010125406601661e-06	0.025237108812874814	4.144612771178113e-05	-0.016429333021193746	-0.07401771886297111	0.017143923385995925	1.7997524795320587e-05	0.018505415777876025	6.995074194489079e-05	0.017590445582287135	8.601337648882151e-05	-0.010865435380615213	-0.07210651263647548	0.014990005820632382	1.8766365809533513e-06	0.016379289918241464	1.25291056021306e-05	0.01593247725944777	2.8434796956464173e-05	-0.010693729833084972	-0.0034528071868049426	0.0007160429603977222	1.772897181597088e-06	0.0007826276858439096	1.2006223144406095e-05	0.0007628533598473331	2.839282807948301e-05	-0.0005120538300443814	0.0347519992585319	0.06567617458840169	0.12318438072026401	0.18679723280062188	0.4343964384467577	0.39705172750179496	0.02134046798410801	0.14916379273374208	0.3300473151180389	0.020573076402695255	0.14293867714888625	0.3249097191535206
cg15197657	5	177489433.0	-0.08385180546517863	0.0179208676151582	3.4396977521264486e-06	0.018218163247228938	4.924544966435874e-06	0.01428807162275396	1.9407652111292427e-07	-0.01435306588946817	-0.0549190687582099	0.015596817161500269	0.00045671550593260723	0.01574407056353409	0.0005157698468078401	0.013758276774082588	0.00017867653112429332	-0.009404466214777328	-0.05619496461672154	0.011792220286646235	2.328852880869682e-06	0.012828835119352552	1.3818642476871336e-05	0.013334769968615032	8.416778031483168e-05	-0.009597638788314485	-0.002689163143907304	0.0005633849877150661	2.243391478385132e-06	0.0006131812199035114	1.3500170218028113e-05	0.0006373936399283845	8.278554990410608e-05	-0.0004593031339665271	0.033150742266642864	0.047759183969539355	0.009819859555706602	0.453748264263174	0.6828782340614814	0.49649630768414976	0.024171283478899297	0.15981575879186888	0.5495110745028792	0.023284275199876126	0.1561325543246878	0.5404868265618351
cg15649327	1	58700697.0	-0.150049258220319	0.03106331762783361	1.662976631647027e-06	0.0318137478296831	2.878682316063053e-06	0.03156712933152141	1.2611785727337516e-05	-0.004137290932894586	-0.1571072054106813	0.03136317530612305	6.879685114596861e-07	0.03228077133640976	1.3937527457207322e-06	0.032144207966874304	7.751260073111336e-06	-0.0043379347318182	-0.15093781111551025	0.030576855753427182	1.0139863347431123e-06	0.03457262398824789	1.474271804067788e-05	0.033865027303669124	3.622788108907335e-05	-0.00416564310127584	-0.0072161950662728925	0.001460684252932694	9.94429840128043e-07	0.0016487930244986832	1.404898471772967e-05	0.0016155344731213018	3.501186414901023e-05	-0.00019932857813157877	0.023211885168550984	0.038329916982668036	0.0870585367177528	0.018565197198279076	0.03761116117807168	0.14261719573519208	0.015201645575419306	0.16178117064416053	0.33835842725087867	0.014908455332464801	0.1579663939165769	0.32958621874020483
cg20995564	2	144414468.0	-0.14537634333275454	0.027164738337657365	1.1702409240685604e-07	0.028425830916002138	4.036135129735532e-07	0.03084760635897416	1.4597840967530764e-05	-0.02145199735791433	-0.10785795608475165	0.024296955797731595	1.0447624131098483e-05	0.024973770527439952	1.7885224672956033e-05	0.027806381600217183	0.0002597448897671717	-0.016039776000844067	-0.11902010371853057	0.025103200759642227	2.6144291638198626e-06	0.02731594866965858	1.5320209206884444e-05	0.029970662364118397	0.00019131514888784832	-0.017804918036262225	-0.005689010685699263	0.001199311456179525	2.5855023513627785e-06	0.0013053676955065768	1.5252256478918885e-05	0.0014341208131905714	0.00019408908180372392	-0.0008514105680477315	0.0029605851997952758	0.011262913535861268	0.09375383830821095	0.1413252018175815	0.2335366096384891	0.5592569984820482	0.02581162146874379	0.16178117064416053	0.711691360432764	0.025526034104675115	0.1632975806303069	0.7142178254523343
cg00920938	8	22178899.0	-0.08589491689197357	0.016308659040997507	1.8314937996335388e-07	0.017920626440153218	1.9932447997678424e-06	0.019475941784187798	4.2676414806796174e-05	-0.01310172234114989	-0.06974322016777798	0.014933989250122107	3.591920861869985e-06	0.01621469137014751	1.932906358714987e-05	0.016707862352004926	9.646876493717184e-05	-0.010597280455431762	-0.06834715031165889	0.014102034610886056	1.57386501910318e-06	0.015692032446294246	1.5431602166032764e-05	0.015609144901053851	4.7663233660755974e-05	-0.01038142630630678	-0.003263713351259709	0.0006738372381718059	1.5980818201233118e-06	0.0007500783404641971	1.57333821938717e-05	0.0007458555733352033	4.814126342250857e-05	-0.0004958454441335755	0.0043609267923356634	0.03401124591871453	0.12318438072026401	0.0632151522708834	0.24450238581241518	0.4069470508383403	0.019908556375863827	0.16178117064416053	0.40194305647712053	0.020214886043592954	0.1632975806303069	0.4059742714990268
cg27534772	1	15716341.0	-0.059112458558317885	0.016918473920101564	0.0005048196340593682	0.017286550975070855	0.000662315440242702	0.019131573925114574	0.0030155975981954884	-0.009009609313218331	-0.037074452429479376	0.012523873477201752	0.003174347006716179	0.012794598582623325	0.0038737055016398857	0.01445628339412704	0.012806918645363442	-0.005713473766985514	-0.0499738902705369	0.010387165429302087	1.8692788486183704e-06	0.011479625649445255	1.5587279246218988e-05	0.011223182741203774	3.677963451784947e-05	-0.0076219175581505125	-0.0023895355914645222	0.0004962126263705532	1.8296982593069105e-06	0.0005488449587041741	1.5553794307199172e-05	0.0005365025673392467	3.662818323168284e-05	-0.0003644430146203358	0.22862199140345119	0.31604486385669733	0.4469799329986477	0.6086744956354515	0.8348808230001029	0.8575829943388813	0.02134046798410801	0.16178117064416053	0.33835842725087867	0.020573076402695255	0.1632975806303069	0.3369651339334153
cg11868595	6	32223449.0	-0.17709124791778005	0.03227380249176809	5.6492327274922154e-08	0.03475769465284074	4.451931444101661e-07	0.03807412794797038	1.819965986332891e-05	-0.01704431982932531	-0.15706021317850613	0.03196371555898619	1.1072397213744334e-06	0.034326913784298765	5.595965429570848e-06	0.037626959859744465	9.65132351914005e-05	-0.015429286529407973	-0.14666987909903734	0.03007850939931102	1.3622966817608882e-06	0.033766790746907	1.6268257468362867e-05	0.03897845034485844	0.0003794964401523407	-0.014512350544125823	-0.007010925059482149	0.0014371412100875316	1.348069640662069e-06	0.001614911994085301	1.6430739121412505e-05	0.0018624692339839668	0.00037768980418618656	-0.0006939642000794423	0.0018734377684587644	0.011262913535861268	0.09567419374620607	0.024899545340950405	0.11325758372389882	0.4069470508383403	0.01838115125777392	0.16462785157040816	0.7850707771778709	0.018189189111870473	0.16627209684456795	0.7880536701437998
cg19821297	19	12779215.0	-0.14292817518738232	0.02531836758174447	2.3679096394014188e-08	0.025781851268464773	4.1481066237962975e-08	0.025849988695916176	7.108397797205322e-07	-0.02403773792934485	-0.10596864041957751	0.020962852182386763	5.462189566686292e-07	0.02141291314060672	9.304967197201177e-07	0.02110087219689361	4.737049393433026e-06	-0.017816913855809642	-0.09572893096944174	0.020761200423016636	4.83157262319624e-06	0.022190174598028224	1.8536783741803078e-05	0.021128206539142526	2.792617909202387e-05	-0.016127695311747996	-0.004578309466885318	0.0009917767225075997	4.713340591143183e-06	0.0010605338124435226	1.8296720793298846e-05	0.0010111091723916054	2.8209372273483477e-05	-0.0007713268626218282	0.0010649884084064716	0.0023986900621430526	0.022133527581124322	0.01579286770979984	0.02843079639697416	0.11482551679763633	0.04106116321921962	0.18300914471605548	0.3300473151180389	0.039747503010514815	0.18063906177741187	0.3249097191535206
cg22889142	19	58351032.0	0.12109002741021922	0.029182953682170366	3.729975514404453e-05	0.029920977850389215	5.745443478431636e-05	0.02962144803858997	0.00012933635890447764	0.014804628350532496	0.12245062067875181	0.029375522860361533	3.4399663476420994e-05	0.03027456039332824	5.805496705368642e-05	0.030096668230273193	0.00013805858466689802	0.0148989843705576	0.13857698637056173	0.028530917026526322	1.4957284319460442e-06	0.03242982756763503	2.2173302129348056e-05	0.031179535933947893	3.7860770699550165e-05	0.01647562444924226	0.006632640264270174	0.0013628640878507535	1.4272725727912113e-06	0.0015501387597533847	2.1637243277950678e-05	0.0014925404175573677	3.794395981968761e-05	0.0007884383970972197	0.08374959079305361	0.1311281052065356	0.17952824095476758	0.2366101740350651	0.40004022341614087	0.4664493022047854	0.019530498124787597	0.20995326153100213	0.34056436324613365	0.01863663463974661	0.20368344757624907	0.34131266417094686
cg10486610	20	62667325.0	-0.10193474028458613	0.02340500096191551	1.5206477380126734e-05	0.023193668402800634	1.2736797135269019e-05	0.0219666013252915	1.8914684539505178e-05	-0.016967228638135268	-0.06925144844595005	0.020214326855791515	0.0006476361733454691	0.02025847953309749	0.0006653729746238804	0.020847366459108	0.0015144382250332593	-0.011610539686871296	-0.06496504757567888	0.014043067147957763	4.501407939363539e-06	0.015207908271696508	2.2303284095016568e-05	0.016137858567216782	0.00015950385314857636	-0.010842717987194949	-0.0031119259241051177	0.0006708100678823902	4.2373560828917055e-06	0.0007266273839373323	2.1266184279032124e-05	0.000772016899783866	0.00015670687843036534	-0.0005194457455521998	0.06417862371385692	0.08075666232454434	0.09691573103739903	0.4810130516610991	0.6997202897659299	0.742603268260499	0.04049096466487536	0.20995326153100213	0.6725463353025019	0.03811577127335896	0.20368344757624907	0.6614528042688982
cg14988083	4	1802765.0	-0.07429800772472059	0.017677553723657004	2.9635287541307967e-05	0.017898181868348174	3.70132059115309e-05	0.017828584953831238	9.877336387532134e-05	-0.012417047664294684	-0.06310611221973844	0.015414481096779816	4.7213298331414155e-05	0.015782468742133408	7.032536638121369e-05	0.01738781060223842	0.0005826658534277936	-0.01054904896852584	-0.07024273351212339	0.015208043332432941	4.658320135363308e-06	0.016464080998244746	2.2831644151205705e-05	0.017198909810585892	0.0001309975257510619	-0.01174158327242278	-0.003357554364795113	0.0007265467647385197	4.605124250989351e-06	0.0007869549512356076	2.282258516947654e-05	0.0008215069814662537	0.0001297082080686327	-0.0005612637872368069	0.0768965422873927	0.11032699765940257	0.16941431588789913	0.25481520717979755	0.4343964384467577	0.6398553132680356	0.04099149563810361	0.21004230487403408	0.6025633121146828	0.0396611916954941	0.20995896574218686	0.5972586442647654
cg03122264	6	127476063.0	0.09560895771604662	0.028802472469652528	0.0009469826827035301	0.02843488400290039	0.0008132929691116172	0.02550841486176148	0.0003980133931349961	0.010856148481854889	0.09398844295744839	0.028975999154808096	0.0012344963061322583	0.028831227831259555	0.0011667243864525393	0.026155006076832573	0.0006527707243790704	0.01061581467848188	0.1131220139971906	0.026166960627436373	1.7811743690182407e-05	0.026749274676591703	2.686158425533568e-05	0.022880797560935095	6.30816685684987e-06	0.012455152643944693	0.005399455420196122	0.0012500850057005606	1.8113610416534215e-05	0.0012764918928617629	2.6752317160156317e-05	0.0010903815308040978	6.12777548615648e-06	0.0005944597589696494	0.27390289758683484	0.3265997606490867	0.26851509218893854	0.5287863685556973	0.723123937957146	0.6508140200155992	0.09243450059157828	0.23789552776178988	0.12767193524081305	0.09400104570815344	0.23541050428346857	0.12402096723064393
cg10616795	5	77168387.0	-0.14784824452335837	0.03057828989201166	1.625838827614919e-06	0.030590046677109115	1.6406156282760296e-06	0.02691483181695476	8.146083709757363e-07	-0.018899538999367742	-0.13309259669615342	0.030105329510097385	1.13450219735028e-05	0.030563575755607923	1.526384345094153e-05	0.027033578562391625	6.805297306203284e-06	-0.017207129101365185	-0.1367164648774335	0.030715303117361068	1.0060781753122979e-05	0.03239361273709616	2.7866285900867244e-05	0.027732379091324203	6.642646118025395e-06	-0.018025920528398305	-0.006530360979214493	0.0014688873557370298	1.0304442452336835e-05	0.0015519597657583084	2.9429533020718023e-05	0.0013273501194297319	6.8899914941325775e-06	-0.0008614533309101415	0.023211885168550984	0.030186059811838913	0.023552830016333678	0.1413252018175815	0.22293360256001585	0.13639213825735472	0.06676120361269473	0.23789552776178988	0.12803953445679397	0.06663877985429824	0.24311376866786333	0.13280721080806987
cg04171526	16	74521241.0	0.04837492684304896	0.01900507982604612	0.011122256979186918	0.01801983683473315	0.007428921558179586	0.019989137091109582	0.018512045213464598	0.0019109340595643218	0.05353616776393306	0.01914393243181932	0.005303590952273388	0.017960879849370122	0.002972721178508668	0.020090588784068043	0.009845029932872654	0.002123431395154218	0.06785127890675319	0.01646266941256982	4.2533115557265966e-05	0.016087452939839295	2.820796897826083e-05	0.01733778048750401	0.00023171959086569702	0.002696463602943117	0.0032414170157643698	0.0007864294546031465	4.250349115077867e-05	0.0007690271298974761	2.8537660451243494e-05	0.0008293732040338508	0.0002357528099284535	0.00012884522179536977	0.5043071913024221	0.5464377235185931	0.6160835254143672	0.6516610032333113	0.8259355573115673	0.8473529133144784	0.158145833781684	0.23789552776178988	0.7369441034300529	0.15784119870170313	0.24220446940060336	0.7415012663191807
cg06838038	11	72686373.0	-0.03795637749075966	0.011630206885327187	0.0011516535013931873	0.01168037129310226	0.0012090720885863195	0.012265633069790631	0.0029742878384431464	-0.006343091232828679	-0.03841595847091833	0.00990047925076555	0.00011393774443001869	0.00997076696458609	0.0001271624858456619	0.010662547004323527	0.0006336877073574982	-0.006406662614058789	-0.04194082453910554	0.009099191516143107	4.869117118363523e-06	0.009945189008717622	2.8263359910123945e-05	0.010387132622084704	0.00015313765016412764	-0.006990201745408429	-0.0020116544376963435	0.0004346370428317045	4.454855634944393e-06	0.00047517944534032625	2.6345105374723398e-05	0.0004964420180746019	0.0001459136958342197	-0.0003352741191649163	0.2911039606937728	0.3667400949976916	0.44606934201872256	0.32329633735325386	0.5388731217446908	0.6444874654454528	0.04106116321921962	0.23789552776178988	0.6718147713396163	0.039201083227819476	0.23541050428346857	0.6562598171206996
cg12851049	11	3162789.0	-0.07033113829266795	0.019414416965696936	0.0003119750038403401	0.01997884378721102	0.0004580352908897377	0.01718101330435403	0.00012690263969662266	-0.00874255256588835	-0.07498729863969236	0.019372711254200203	0.00011834879588354054	0.01990763521458452	0.00017889086853037776	0.016564473434870466	2.831046621560787e-05	-0.009401971296720761	-0.07217402136270125	0.015517253997475196	4.00270707508785e-06	0.01713186471437228	2.879785183747268e-05	0.016456699692207432	4.650856300578238e-05	-0.00905823993580001	-0.0034490851003488587	0.0007412921272685719	3.972939839901215e-06	0.0008185850791563496	2.872110373021832e-05	0.0007871971072519343	4.7197659364093926e-05	-0.0004329143857979312	0.19518110970557093	0.2817703634532229	0.17952824095476758	0.32329633735325386	0.5556138735200101	0.2629512678639474	0.0376797157668671	0.23789552776178988	0.4005505459397789	0.0373995001677845	0.24220446940060336	0.4059742714990268
cg15700850	17	75724760.0	-0.07203027895846438	0.01736100779248407	3.735904280387148e-05	0.01700995342401716	2.5842994690923396e-05	0.016491948422064962	4.9535634638661304e-05	-0.009805352085708178	-0.05879267680066019	0.016924697071513367	0.0005438854490238968	0.016562415081288938	0.00041063354901161	0.016094444740842245	0.0005403753645577847	-0.008012018691693452	-0.06184126961728002	0.014467663886515682	2.204654321217656e-05	0.014753580247989867	3.155263999906776e-05	0.01382531593757335	3.4245477786758916e-05	-0.00849067342931481	-0.002956071132124978	0.00069117876444738	2.1816096314249937e-05	0.0007049408829525658	3.1316614292288996e-05	0.0006611114481165124	3.444848779189237e-05	-0.000405934302307833	0.08374959079305361	0.10143262613915165	0.12625586400317115	0.4594954865504436	0.6711027688105078	0.6363394137667326	0.10919693546216641	0.25543944553485287	0.3300473151180389	0.10804370219548547	0.25352866166151233	0.32958621874020483
cg20102045	13	109011333.0	0.0872351446242551	0.02723007973060808	0.0014164365285111542	0.02766276347878283	0.0016796681045989535	0.02999600328302716	0.005063543807501746	0.0072393343369426995	0.0975081151932597	0.026920526495258005	0.0003127733693687369	0.027609858152463716	0.00043930786056446946	0.029208043942815905	0.0014402025424007203	0.008056709288801462	0.1201296702793448	0.026743239069036515	8.35794937196444e-06	0.028746994005518254	3.3324940296406386e-05	0.02775110951861225	5.668313058209958e-05	0.00980941750905673	0.005734185020894166	0.0012775976069607463	8.500240308557082e-06	0.0013734773738337713	3.3888682827959456e-05	0.0013263176299116136	5.776193559667201e-05	0.0004682112431193021	0.30627640348308255	0.396212758964964	0.49595177822136016	0.39957752518343054	0.6778045318043078	0.7395670397022769	0.05935361088827863	0.2644974374117699	0.43291259710215124	0.06036408373366073	0.26897181766960615	0.441151878804296
cg05636593	17	44352161.0	-0.08750862327414885	0.01940352240952162	7.5615953898959735e-06	0.019593143149054346	9.229038036186855e-06	0.02031469763102876	6.099811871265487e-05	-0.00516398170218698	-0.07066019230719811	0.018991586500659016	0.00021422551591787807	0.018822615180149903	0.00018806372125478016	0.01846502658261314	0.0003082573564889298	-0.0042156428444866485	-0.07619470444239443	0.017252845542957407	1.176402864781732e-05	0.018297279838869213	3.54700637453975e-05	0.016975623321616208	3.243418696260357e-05	-0.004550468638602683	-0.0036453480921158753	0.0008241725494502167	1.1416134114404141e-05	0.0008741571082085271	3.459275482404337e-05	0.0008114555512060264	3.1993708830172763e-05	-0.00021774980929428582	0.05017713551980757	0.06567617458840169	0.1349235053927026	0.3606906845164433	0.5556138735200101	0.5913209338733587	0.07107281803208117	0.2761092079433315	0.3300473151180389	0.07068202426627695	0.26927998222962973	0.32958621874020483
cg22857947	19	14114227.0	-0.1723872404664101	0.034576017694243164	7.729100560249485e-07	0.03428907701603062	6.26884422269922e-07	0.030666371103143634	5.005617447167713e-07	-0.010783836731321345	-0.12790629808067	0.031060999414772562	4.266609763864598e-05	0.030309039111902056	2.7545187834289973e-05	0.0267469003336029	1.1367708309474124e-05	-0.008206574068579605	-0.10140544619379502	0.02310349648295666	1.3285658019444924e-05	0.0245784322991248	4.1772091544783174e-05	0.025166000028328372	0.000157466729968231	-0.006560475790615795	-0.00485797267729434	0.001103624914662659	1.2555193712277102e-05	0.0011739731494648056	3.965467715472255e-05	0.0012032677819772113	0.00015336974439316602	-0.0003144277452462284	0.014898135771806986	0.014832765356779663	0.020598768558060452	0.25397810294800055	0.2934164149244052	0.17712106305103517	0.07793925376934746	0.31903080248626353	0.6718147713396163	0.07473719082995091	0.30285922986264263	0.6614528042688982
cg26986596	16	88808496.0	-0.07715241759403722	0.01897676666876391	5.314604465753783e-05	0.0200375360245189	0.00012834817988870362	0.018234148213137746	7.939025968640668e-05	-0.007795292678535926	-0.07790855138040842	0.018663060659040748	3.352341389282451e-05	0.019562284433934842	7.5093746754333e-05	0.018879761957510965	0.00011347274256096752	-0.007961897148224699	-0.0778198501146175	0.017218826533230806	7.371731008546244e-06	0.01893111136542181	4.4526066245426056e-05	0.018628227242321712	9.540557551082517e-05	-0.007935308182167885	-0.0037222861080683954	0.0008225879483702324	7.184095936308879e-06	0.0009049392386779189	4.403746206027438e-05	0.0008911335560500767	9.556828776682035e-05	-0.0003796205475422262	0.09775801078051283	0.18800528250338466	0.15524554341373312	0.2366101740350651	0.4343964384467577	0.44594016652481666	0.05525835912652545	0.32981628607250424	0.5766141442324382	0.05328826052731956	0.3276210336758385	0.5635648434047892
cg08508455	11	470429.0	-0.06731911107748535	0.013897669664426784	1.5572728239792521e-06	0.014156640782912676	2.390964402236638e-06	0.01242294035399478	1.0785176002617766e-06	-0.010371175299437749	-0.05187961424017462	0.012656343523327835	4.6198567381830714e-05	0.012721794256565213	5.0489809845218064e-05	0.011519037099514967	3.072648174810344e-05	-0.00800218668801568	-0.05419793406992025	0.012472991460366463	1.6152751507308498e-05	0.013189544480960602	4.481387739600658e-05	0.011658715523622628	1.8364219216350326e-05	-0.008411865810467309	-0.0025908581487216844	0.0005958490440979083	1.594277986414108e-05	0.0006302654048815063	4.451559688072651e-05	0.0005578980535980259	1.8678167362008373e-05	-0.0004021792481336	0.023211885168550984	0.03537882802860151	0.025680328810986044	0.25481520717979755	0.3923641164491362	0.27109210410473866	0.08835620558625482	0.32981628607250424	0.2753156943352568	0.0880804290076552	0.3276210336758385	0.28002239330725315
cg17177006	3	5190725.0	-0.06807049483461691	0.02029154789546484	0.0008360868160887504	0.021380562079939037	0.0015159180193772613	0.020351399918233544	0.0014126365919835727	-0.009318847536293334	-0.06343177935013015	0.017057178991132772	0.00021575515265087386	0.017595094284091013	0.00033357254677477847	0.013406964770219935	1.3656457790448456e-05	-0.008674130493511453	-0.07293382826580663	0.01724130687370878	2.6721984572425122e-05	0.017888269093499682	5.1262498907198416e-05	0.014587882598821916	5.143575470330962e-06	-0.009945213171598664	-0.0034797172396329136	0.0008237068697640389	2.7390867195213266e-05	0.0008550954907041203	5.296394735851974e-05	0.0006970979803830088	5.295019989524432e-06	-0.00047447260808810806	0.2641949490061301	0.38691854473963816	0.37804944399531537	0.3606906845164433	0.6285672724134701	0.19061730875141716	0.12098016718314059	0.3705390731277231	0.10958062682141989	0.12260479233103148	0.37475879809655255	0.11280705665366675
cg06710937	13	22915801.0	0.20365576768162394	0.047110969891401004	1.755276510067951e-05	0.04743811528388204	2.0017048190764328e-05	0.04726524068329221	6.075907499656103e-05	0.004086180717059627	0.19176883317709437	0.04418264435775335	1.626091752105505e-05	0.04435960288715142	1.7556326239254296e-05	0.04156172005345028	2.078103645703673e-05	0.003282508052620841	0.18319929234622956	0.04140267186948463	1.132525429379258e-05	0.04501817430782809	5.295029634680817e-05	0.04189868613909781	4.870874247031523e-05	0.002409692513768839	0.008733921197870115	0.0019781500628277644	1.1825391578266919e-05	0.0021522803733135323	5.554958554532466e-05	0.0020036429093546262	5.1037798592011014e-05	0.0001148551805237237	0.06434714431805925	0.09334532984863654	0.1349235053927026	0.17321428886645332	0.2335366096384891	0.2337911712251827	0.0705272370585268	0.3760242071254395	0.40237695721146144	0.071443544466054	0.37475879809655255	0.41174417864713897
cg23586138	2	27496677.0	-0.0727381447262078	0.018924408232462	0.00013187425515804848	0.01907515250029796	0.00014882638328253013	0.01885380115262729	0.0002782052856595081	-0.009519609132759572	-0.03806878888223578	0.01159868595542156	0.0010798486146443775	0.011358636117714234	0.0008456367127590222	0.012066300242985648	0.0024923978093836546	-0.004997806410762201	-0.04163926722556286	0.00974319632620338	2.2120861567550134e-05	0.010255733994197928	5.50620596233555e-05	0.01070920368284907	0.00025192123669883577	-0.005441382924322195	-0.0019890038291825707	0.0004654457059548464	2.2154159839284984e-05	0.0004899841262457524	5.524013623056311e-05	0.0005114763281594608	0.0002514444792715514	-0.0002599608257187675	0.14632531629085657	0.20066225686529923	0.2417242803292698	0.5232338900454596	0.7095480377215632	0.8053200506685676	0.10919693546216641	0.3842790634572536	0.7609957757810809	0.10804370219548547	0.37475879809655255	0.7483856665660028
cg09367198	14	23072314.0	-0.12904296098241214	0.031215795631042546	3.983558271320432e-05	0.031850660200399006	5.6383004814008505e-05	0.034217309933751196	0.00036925820635739934	-0.009459545379816778	-0.12945329821738008	0.03094541560200242	3.2280924296399925e-05	0.031998220644179086	5.782041649336502e-05	0.03433165368119709	0.00036998790520198645	-0.009672192406583574	-0.1258743841512824	0.028868443471813242	1.5110164233959592e-05	0.031089929685023172	5.773801837770563e-05	0.033107726668592505	0.000334185614153074	-0.009467915785626405	-0.006032962335387997	0.0013792692641990793	1.4214151057925642e-05	0.0014864517875857368	5.5399487746705345e-05	0.0015823727181269562	0.0003227869323061606	-0.0004539143930788687	0.08486719303894202	0.1311281052065356	0.26774472293282725	0.2366101740350651	0.40004022341614087	0.6089818891669874	0.08494913345992869	0.38958282832106816	0.7630718135971118	0.07991175982889326	0.37475879809655255	0.7625269688073317
cg12645876	15	101653924.0	-0.09929262482575078	0.023112744780220157	1.9761046911249166e-05	0.023796200554025274	3.376443488571616e-05	0.023105138730496834	6.319432399889833e-05	-0.006797103760064108	-0.08376066992097535	0.02173564357557828	0.00012678130309482812	0.022558042788085972	0.00022054253860100692	0.02107162656742647	0.0001888923976139291	-0.00572574272269017	-0.09010857623683377	0.02112558087716404	2.293587932699166e-05	0.02225627486137924	5.774691550599726e-05	0.021953071785425476	0.00012224202570720936	-0.00595762741542968	-0.004314227805909595	0.001009138120395465	2.1978008342803325e-05	0.001062793302906907	5.523872214012733e-05	0.0010501859474794121	0.00012081804890376551	-0.0002852408010878478	0.06434714431805925	0.1084703908440067	0.13752681747981754	0.32896741160662696	0.5702761030898944	0.49649630768414976	0.1108103698583237	0.38958282832106816	0.5890654034743015	0.10804370219548547	0.37475879809655255	0.5960311784850961
cg09372525	1	109493048.0	-0.09849110778221536	0.022812355670015882	1.798040973118396e-05	0.02298101353701079	2.0671067561307937e-05	0.028034856627942303	0.0008404183813322618	-0.012323787054008339	-0.07733938649611163	0.020004636110366198	0.00012060226575805142	0.01948428187955483	7.930435862944346e-05	0.021784845626765553	0.0007484428634166474	-0.00995513348287265	-0.08326064082943795	0.0197781277376388	2.918753549906875e-05	0.020632144352281712	6.100674143683114e-05	0.0217624555827427	0.00030908452590817595	-0.010724161062786558	-0.0039902837813123	0.0009448908424470773	2.7563005615660403e-05	0.0009851175961573713	5.72953460909488e-05	0.0010394910010093638	0.0002964005651422795	-0.000513752062984403	0.06434714431805925	0.0940145701198754	0.331638818597326	0.32329633735325386	0.44584800276530573	0.6603768195965551	0.12568742746722922	0.39813906533843296	0.7630718135971118	0.12260479233103148	0.37874707473349256	0.7625269688073317
cg02862897	17	81835212.0	-0.09010374610653438	0.01991446040213175	7.07122290860888e-06	0.020060823152172048	8.226210594876985e-06	0.018211769666649395	6.225936442195832e-06	-0.011076106621606446	-0.07059470827011359	0.019048337285504948	0.00022663763154779542	0.018848459215453382	0.00019451260469479205	0.018059144804186772	0.00023512210789806908	-0.008768080408430766	-0.07468780562786494	0.017920708076404106	3.4956323175112846e-05	0.018511885430459344	6.123398624956547e-05	0.017958327305488787	0.00010164209066387639	-0.009409872332235685	-0.0035799461839775963	0.0008560301116149357	3.2875285584276875e-05	0.0008845129862592642	5.806473482477189e-05	0.0008580363529888465	9.713609614584907e-05	-0.0004510756214152327	0.047705180376923804	0.06313727441944661	0.07000425641337099	0.3657004069681857	0.5610821468259477	0.5421617924523999	0.13872279768423237	0.39813906533843296	0.5766141442324382	0.13294735754914486	0.37874707473349256	0.5635648434047892
cg15789106	11	563990.0	-0.048536350024165134	0.010802787451295112	8.173046601958672e-06	0.011275431352512452	1.9027304291134247e-05	0.01134358394185045	6.740555517124088e-05	-0.008376134118657641	-0.03417994710759881	0.009595114781220881	0.0003919475930819468	0.010053207670659313	0.0007112592300145644	0.00990177510512685	0.0010168392516572207	-0.005891862179267371	-0.04007112555957333	0.009029348757510514	1.067880518516206e-05	0.009939386533623643	6.201117041272779e-05	0.009402133227302979	7.14325792412091e-05	-0.006908937107241881	-0.0019198278776309356	0.0004313780225394791	1.008958254692508e-05	0.0004747655666147172	5.894779599985679e-05	0.00044897769139787757	6.804833640126773e-05	-0.00033101204528166974	0.05101949350328747	0.09168963467712136	0.14239277524494542	0.43586187519365294	0.6997202897659299	0.7009071488235528	0.0686126793534199	0.39813906533843296	0.49371354993846467	0.06663877985429824	0.37874707473349256	0.47890084531825466
cg02506767	2	163609430.0	0.0527413213570709	0.02395881016272256	0.02802682667245628	0.02480727824989571	0.033837051658219916	0.028974425740822502	0.07362429002889866	0.0028668980949544502	0.06606184427322566	0.023820731535464712	0.005692820632864556	0.02494490422220974	0.008266702348128412	0.02889562526807134	0.025727318577835178	0.0035313237199823913	0.08154753085370708	0.0191925947752123	2.463913617691909e-05	0.02026303421920911	6.386475672558138e-05	0.0204463287461273	0.00018068085129860706	0.004381989995704315	0.003898958293437219	0.0009168151749542977	2.4234323719643084e-05	0.0009685790859042935	6.360238086682689e-05	0.0009772572646959187	0.00017988365176577269	0.0002094656760330062	0.6076923887669934	0.7052428711311998	0.7627408995620993	0.6577446107359571	0.8705324847075997	0.8805688837214897	0.11582657283690671	0.39813906533843296	0.7090128517007029	0.11483662577375772	0.39410294994730843	0.7069305263369394
cg19232929	12	51905740.0	-0.18758615247983104	0.03295416076639761	1.8200030195284155e-08	0.03548983839741894	1.6592882769008643e-07	0.0385709908393566	8.464614476979792e-06	-0.01397741987687755	-0.14909037770785086	0.030089746605418296	9.029911646277308e-07	0.03297122579551272	7.167291228839247e-06	0.03532648688320437	8.240103100345768e-05	-0.010884184703303336	-0.14065924518947906	0.026454681403393108	1.4545758987787108e-07	0.034953430160303035	6.393311786067632e-05	0.03853776467297149	0.0005456999368275683	-0.009782985082979886	-0.006728536810795357	0.0012637124272071776	1.3987439331283735e-07	0.0016715217694768724	6.361437331649838e-05	0.0018439736949381906	0.0005473972469337266	-0.0004681169300729365	0.0009208828528172133	0.005814771227948383	0.08197211516015439	0.02150091015244157	0.1381522688325351	0.39705172750179496	0.003925250640235619	0.39813906533843296	0.8360103326260463	0.0037745851032233496	0.39410294994730843	0.8361399992663195
cg03342928	19	55491079.0	0.1525214415041049	0.04124358338989945	0.00023366008838391245	0.043052954026253074	0.00042149894259137173	0.03894135877240308	0.00022927784713761904	0.00813155228148336	0.1579163679899473	0.04163534133489577	0.00016143006622287848	0.04269309466755173	0.0002330469840258177	0.03935330384048431	0.00016651863185306002	0.008313732420920771	0.1846881978343458	0.04159021901743149	1.054539174043873e-05	0.04594319410598327	6.507270216949536e-05	0.044590421735122614	0.00010772082502253252	0.009638851363517536	0.00883044484590665	0.001986893072631905	1.0371589545066836e-05	0.00219699221853667	6.52322297291874e-05	0.002131840337681908	0.00010761490469820503	0.00046066662895570207	0.17734786130283436	0.2729832796453206	0.22747003626937953	0.3352968820688399	0.5702761030898944	0.49649630768414976	0.0686126793534199	0.3990958121556794	0.5766141442324382	0.06663877985429824	0.39410294994730843	0.5635648434047892
cg23464284	6	166583349.0	0.05442279061042023	0.028530858607411707	0.05684993035580889	0.030216623057220865	0.07210446906497996	0.028667236214980484	0.062372609810492315	0.008410710927310647	0.09602848835824626	0.02354448579796805	5.036539925146475e-05	0.02548981225858809	0.0001784927577524261	0.02315550130478023	0.00010582103959898543	0.014974282612236652	0.0997637316445471	0.022763906820906236	1.3685238602227488e-05	0.02486638474265494	6.724389293786664e-05	0.024092065096889288	0.00010806672878606769	0.015552092890305702	0.004769902605762885	0.0010873776829265396	1.3438995411416785e-05	0.0011866736447094857	6.517189081877495e-05	0.0011491844546129514	0.00010454301257981147	0.0007436988711049909	0.6864381062862231	0.7794299805302427	0.7450899252448137	0.25960984175282353	0.5556138735200101	0.4326723017373345	0.07910877035729	0.4062564882846041	0.5766141442324382	0.07661798421999325	0.39410294994730843	0.5635648434047892
cg08817786	2	232605992.0	-0.09473028391968306	0.028007524140056007	0.0007573602527899205	0.028448264140520003	0.0009126865501758133	0.025120788611570053	0.0003696005738679183	-0.0018959185762700804	-0.10400499991029857	0.0282791324321659	0.00025277513636779407	0.029015892169602563	0.0003606231683105107	0.025926191059519307	0.00016719183852693614	-0.0021007838655603844	-0.11745279244647663	0.026341720230478698	9.715362081979956e-06	0.029356639504647983	7.039680215357229e-05	0.028506448797310853	0.00011594191389027032	-0.002331452853350086	-0.005607477911158246	0.001258414589033348	9.840386617015189e-06	0.001400308837685343	6.936922578380316e-05	0.0013610330176137882	0.00011602145166057616	-0.0001113044174191231	0.25840626008555384	0.3334552515351084	0.26774472293282725	0.37206937463405376	0.6599692582182118	0.49649630768414976	0.06554355682716821	0.4156866024250232	0.579398959632658	0.06638702026658766	0.405642760556309	0.5797964354015186
cg03998636	13	110557774.0	-0.10461901066578119	0.019343713853446867	8.64158802955578e-08	0.019721722760055824	1.5002086050025865e-07	0.02091379246959875	5.091363894250038e-06	-0.016593499749230245	-0.07497232910506801	0.0168487800940443	9.959846260809547e-06	0.01725519481925278	1.593611318376508e-05	0.018291466518454945	0.00012468165672479477	-0.011892203565683459	-0.06904302858797594	0.016189102020448015	2.2995212417762578e-05	0.017267653186325164	7.112351839794952e-05	0.017516662713315784	0.00021114244382937	-0.010997694307786842	-0.0032999114161702025	0.0007735289643510981	2.286901142122355e-05	0.0008252040225722804	7.097675276441122e-05	0.0008382058360975618	0.0002144523614574032	-0.0005256945567254775	0.002498548519548341	0.005814771227948383	0.067226436711468	0.1413252018175815	0.22293360256001585	0.45870415839038253	0.1108103698583237	0.4156866024250232	0.7335639821568063	0.11020222678710871	0.405642760556309	0.7415012663191807
cg16865291	2	212832070.0	0.07852483321161963	0.028930214996041533	0.006799781497530436	0.027831376121211934	0.0049115019570948925	0.025577114720217904	0.0031925704937386264	0.00833588349729639	0.08595426953295551	0.02909274368683232	0.0032339996243869002	0.02840252941030701	0.0025639932102108904	0.026488960253543723	0.001908923980965451	0.009086642477429114	0.10645358947868663	0.026475507285069377	6.482854320703472e-05	0.02664126360147905	7.188558355897265e-05	0.024548949764415372	5.521606652773847e-05	0.011271459724334628	0.005092056758602943	0.0012647316126595425	6.340382502099305e-05	0.001272725423831182	7.0392765370208e-05	0.001171563532304938	5.333183336203024e-05	0.0005391372769631295	0.45243897490942986	0.5006279353153577	0.4543728790447215	0.6093663669865372	0.8191482743557971	0.7724359802532499	0.18622702215417686	0.4156866024250232	0.42981778956341465	0.18463878060052252	0.405642760556309	0.415150375072744
cg13442606	11	3050039.0	-0.054546077229107835	0.02213221548063199	0.013949172354755682	0.022362535616751836	0.014959765752159702	0.025670286117221507	0.0376568801969029	-0.007519400317544153	-0.055219784473548486	0.01593085533377544	0.0005591590176244187	0.015530637390403097	0.00040187232722367806	0.01783789746000909	0.0029646703770054134	-0.007709733989867873	-0.06143495040890512	0.015468127380277146	7.936944212982906e-05	0.015388278589071573	7.292760940470358e-05	0.01637570773648544	0.00039358650905474	-0.008582884792171014	-0.0029383225883022317	0.0007392824308750051	7.84481560117884e-05	0.0007360153167918487	7.296307874866285e-05	0.000783339988678351	0.00039431621188909207	-0.0004105854927851038	0.5238430864605441	0.6147911672095765	0.6921154675063503	0.46214937658562183	0.6711027688105078	0.8163415783783448	0.19353855960023253	0.41577262700935397	0.7942345857180322	0.19135892213238864	0.4062435898663661	0.7958772197422671
cg12811617	14	104980361.0	-0.11787334095607066	0.024288022861952554	1.488643292153068e-06	0.02502232747935402	2.9588253996173353e-06	0.025849972869486745	2.51957777733673e-05	-0.010640425002273864	-0.09145431457516422	0.023093506292012546	8.233656369532541e-05	0.02378046808256642	0.00013081698876525358	0.02557445516316603	0.0006899122086113762	-0.008513599116124534	-0.09126314221047031	0.020241573806170657	7.743738347804483e-06	0.0228833730028632	7.417910413741323e-05	0.024232260459905747	0.0003754108920345582	-0.00840147279992481	-0.004374563066070208	0.0009670997556188666	7.240556863807463e-06	0.0010941031641886127	7.115080425684364e-05	0.0011581029850800445	0.0003620461017808601	-0.0004026562194908463	0.02317605760490751	0.038329916982668036	0.10509169311526816	0.2925289478900569	0.5388731217446908	0.6566608231887391	0.05699152072071531	0.41703389319520195	0.7850707771778709	0.05328826052731956	0.405642760556309	0.7713163537745363
cg13102348	15	97085991.0	0.13147059398433686	0.036069574779100444	0.00028658534459501155	0.038125769696951	0.0005966300239498818	0.04054408438511824	0.001921811318765495	0.018804448929286424	0.14539361825145405	0.03623020907943851	6.62144238901557e-05	0.03869897813456961	0.00018584172649585852	0.041341472078810296	0.000830678099602914	0.020846095973585586	0.16834580474959704	0.036725001187885506	5.47720263184986e-06	0.04231390612817641	7.719097020679691e-05	0.044052769060886544	0.00031358886753803464	0.024221759988063248	0.008068956247595755	0.0017541540955833279	5.086247416063588e-06	0.002021684240000138	7.32634079500491e-05	0.00210758802820591	0.0003064258637457887	0.001161181056535703	0.1888433009197329	0.30862704029654475	0.408569617144881	0.27631415613947313	0.5556138735200101	0.675132990640565	0.043472127704472195	0.42802181497558733	0.7630718135971118	0.04201686709829525	0.4062435898663661	0.7625269688073317
cg24771152	6	31792831.0	0.14895275714205466	0.04723152995959269	0.0016788188106864987	0.04544528155657674	0.0010967336903011866	0.04215336943309923	0.0007883682871564208	0.005715964712627208	0.1854006866857988	0.04578618166575248	5.695040021486638e-05	0.04560848536300365	5.3312580826523075e-05	0.04407991653213841	8.655221845111628e-05	0.007041317659139099	0.1967833066879193	0.04680700674892589	2.989858738434411e-05	0.04956756777871919	7.992781424726218e-05	0.04811771251436308	0.00012859308715788413	0.007376596766272786	0.009406236996229283	0.002235991910230714	2.956614540897954e-05	0.002368880332060876	7.968225903701944e-05	0.0022984755050742	0.00012740020226071982	0.0003526132672674986	0.31813758280794757	0.3565776332218355	0.3250566561863912	0.25960984175282353	0.3923641164491362	0.39705172750179496	0.12739410418102065	0.4372083842493179	0.6025630225711033	0.12466534413628089	0.4358651872943492	0.5972586442647654
cg02311960	2	142129822.0	0.10664920325325693	0.02722819740970514	9.818336803671127e-05	0.028593536795889996	0.00020656504332700865	0.0316745545690302	0.0013199474495558096	0.00973227463768158	0.11021929593784599	0.027457936777925705	6.592277792685147e-05	0.028778855774545396	0.00013938517212931867	0.031269497106913055	0.000810336952639396	0.010142367517745112	0.12376096724779205	0.027700606570396483	9.327538079729386e-06	0.0312563262824756	8.342046300137027e-05	0.031999080186996924	0.0002695393199254278	0.011065914906764706	0.005911253932787292	0.0013232420318313985	9.351091646740087e-06	0.0014938855862246876	8.430587939529537e-05	0.0015304955040500903	0.0002743000884207524	0.0005285149644457289	0.12576885526583576	0.21830294647543166	0.37206983876988114	0.27631415613947313	0.5388731217446908	0.6721529153693292	0.06399370926317119	0.4502291370011155	0.7630718135971118	0.0641553038990236	0.4550078237235446	0.7625269688073317
cg10808027	1	44654488.0	-0.10174583685748567	0.022805778359263052	9.436077074998814e-06	0.02318196330701787	1.3079748476738551e-05	0.023109717612913756	4.382237105737646e-05	-0.006863217855640933	-0.08310382998777781	0.02107985872413782	8.85692739950714e-05	0.021090857645529273	8.931554393986423e-05	0.021039353137852816	0.00020536152554376336	-0.005564331611898307	-0.08048982920560978	0.01860933952232141	1.7643545340731198e-05	0.020395789547699116	8.802209163409333e-05	0.020193542705461254	0.00018216510223224074	-0.005417717920087056	-0.00384527580532098	0.000888994741679243	1.762940769105037e-05	0.0009750458879573865	8.899849253970846e-05	0.0009655004536105331	0.0001841468107612379	-0.00025883516273633847	0.055830152496845344	0.08075666232454434	0.12318438072026401	0.2961243236921875	0.472442430634383	0.5163158658023674	0.09243450059157828	0.4645458283167037	0.7090128517007029	0.09267642251177198	0.4647533677061759	0.709899985717773
cg10039188	6	71420506.0	-0.16397222812265158	0.05607300931421347	0.0035604135690821127	0.05776243678872338	0.004655986729742868	0.06558589700278783	0.01511964854056564	-0.006985743814953934	-0.19135750814214292	0.05067245233746061	0.00017226649480985248	0.052341947831693963	0.00027492175208541946	0.05367205099163855	0.0007135674250889057	-0.008920834302234514	-0.21365665723716545	0.050313237969987594	2.489460238402029e-05	0.05415293385831317	8.836840672752113e-05	0.05518399948302098	0.000265953722906778	-0.009756033694300063	-0.010218966925249408	0.0024038013875815217	2.439813385577745e-05	0.00259040987900693	8.855155464204883e-05	0.0026398793428723958	0.00026658092919975716	-0.00046690650060853326	0.39071812016893653	0.4947562940379523	0.5963888774690271	0.335656938932439	0.6015332517534722	0.6566608231887391	0.11582657283690671	0.4645458283167037	0.7630718135971118	0.11483662577375772	0.4647533677061759	0.7625269688073317
cg25144111	6	127475167.0	0.13416245106934527	0.0381861899874244	0.0004698988558341487	0.03800844251830304	0.0004421267985006965	0.03162264167575192	7.634056639146542e-05	0.009719079038742223	0.1298366081570942	0.03843797316304231	0.000769924482432699	0.03861222279226787	0.0008130125361037056	0.031933602586573455	0.00013934261210545097	0.00941848415228957	0.15672253588967838	0.03751722649245028	3.354121956975449e-05	0.03984914247040019	9.29930449102049e-05	0.03607619404782223	5.373505609246138e-05	0.010866681250571776	0.007496405211228452	0.001792193818822351	3.27661315563633e-05	0.0019031122408433865	9.07041947136809e-05	0.001721596955774326	5.18770627990901e-05	0.0005197524731855892	0.22084113259308077	0.27872182540843143	0.15147727198841443	0.49468625678183364	0.7095480377215632	0.4664493022047854	0.13606007457934602	0.48258979099855737	0.42649092569166264	0.13294735754914486	0.4647533677061759	0.41174417864713897
cg02343275	1	212415730.0	-0.06368767364988091	0.022137640154597522	0.004134059468675434	0.023201069519267526	0.006200304734865306	0.02494397905063425	0.013189638760274161	-0.009314884267676462	-0.035837310419843865	0.011363177705294096	0.0016785001361274325	0.011826369376625253	0.0025307093162574364	0.012999411010624552	0.007687785297914418	-0.005253433028194901	-0.04617031816882636	0.010763599301794049	2.0643968769102345e-05	0.011753510278709002	9.477804265595886e-05	0.013459649540038308	0.0010871028863963987	-0.006742865287786922	-0.002213490780513256	0.0005142052217090885	1.931345581805897e-05	0.0005616920529777649	9.00674660912246e-05	0.0006431636690047642	0.001049862394915221	-0.00032331051108895354	0.40600886496594724	0.5291250462039088	0.582599470351381	0.5633218950877152	0.8158429117012842	0.8467010775793248	0.10445409512829443	0.48562709418236705	0.9692527922118799	0.09772198233001705	0.4647533677061759	0.9571316436958736
cg02258201	9	35906151.0	-0.09978277480127953	0.02365539798396765	2.7748643669970056e-05	0.024468907851693956	5.046823109900796e-05	0.023773414853587	8.9189422197389e-05	-0.015871857578290786	-0.0875760882020468	0.023233148351223316	0.00017701462891913866	0.024285660911288823	0.0003323146311428382	0.023714505201579365	0.00047550423109727485	-0.014260941412901207	-0.08613195386626203	0.02072913345432475	3.688082498115334e-05	0.02196212251812873	9.726098544626395e-05	0.01994663215719221	5.882614245857619e-05	-0.014230159688734676	-0.004104276753285731	0.000991047225180611	3.910421757764529e-05	0.0010510813134437962	0.00010419899047182998	0.0009529714695976346	6.11737299299324e-05	-0.0006785536296294342	0.07488119487107658	0.12232743705957927	0.1624360585791201	0.335656938932439	0.6285672724134701	0.6211323237262909	0.14438663774796323	0.49211991839868824	0.4352788530745079	0.15074973813078088	0.5081684332549248	0.4421801057540683
cg12892107	5	168762630.0	-0.1060353516237683	0.02494801423064079	2.41420199574669e-05	0.025191123158499504	2.8843056316267267e-05	0.024872023782443676	7.110867491292101e-05	-0.005432794567121313	-0.10164012728258204	0.024951255749606834	5.144530641157393e-05	0.024980342503875666	5.247954925871309e-05	0.02501225998368369	0.00014038775546484903	-0.005341893669946575	-0.08449778649881395	0.020238560397023327	3.386706111337091e-05	0.021580387418252325	9.979614539860352e-05	0.0220509519001175	0.00030302915651647216	-0.004458927830432783	-0.004036263492670949	0.0009668506898093036	3.393063652146204e-05	0.0010310739843230091	0.00010014789932763222	0.0010527263519110163	0.00030088347232993097	-0.0002131509587054559	0.07009098531558274	0.10332016694573108	0.14464111938330104	0.25960984175282353	0.3923641164491362	0.4664493022047854	0.13606007457934602	0.4960042854165877	0.7630718135971118	0.13465240042222518	0.49514825978831056	0.7625269688073317
cg14485901	9	137019300.0	-0.06440633845979016	0.018983084207063808	0.0007293243568755702	0.01911969824547689	0.000795488454673227	0.02170126981797469	0.0042797746301270895	-0.00964484441363199	-0.05760746541981979	0.01816536495519966	0.0015820649540716544	0.018441760489487726	0.0018572091710780103	0.01994903643543659	0.005362250529830748	-0.008683570090689364	-0.061688723336999415	0.014772510222715073	3.374781626250007e-05	0.01576243755319225	0.00010054057077405986	0.016253081266501584	0.0003412865978180806	-0.009235461929092801	-0.002951194843753155	0.0007057743324114679	3.29505248551441e-05	0.0007530965549938496	9.848830470264729e-05	0.0007761929792217489	0.0003339933008700576	-0.00044184085289710796	0.2544983630596241	0.3265997606490867	0.47975192293621133	0.5545853525253349	0.7847225574598541	0.8326897594526024	0.13606007457934602	0.4960042854165877	0.7630718135971118	0.13294735754914486	0.49514825978831056	0.7625269688073317
cg13378649	1	222754514.0	0.05549823180985622	0.029406167684333743	0.0595193372759719	0.029366160333190634	0.05917399726729616	0.0319349658697781	0.087283213468069	0.009538985409120605	0.09036781133153325	0.021450100045810043	2.8408981737655437e-05	0.023485162925213895	0.0001297267131082678	0.022448109641558685	0.00015950319249674377	0.01541985502467658	0.09668594263780458	0.021229666044925433	6.2821504806442004e-06	0.024722752742087014	0.00010170475462056653	0.020904839487090657	1.9983214611439387e-05	0.016523782618505803	0.004618418009813895	0.0010141940594557647	6.296737278402811e-06	0.0011799043180383314	0.00010030598444757182	0.0009974684382427124	1.962357278422513e-05	0.0007893329215100296	0.6913421617367181	0.7603981356130121	0.7768477287633545	0.22547985989634078	0.5388731217446908	0.4948152681488523	0.048902071500126945	0.4960042854165877	0.2888880557165096	0.0490156193416101	0.49514825978831056	0.28368888079703575
cg23385208	14	104973576.0	-0.068956456191108	0.020464243328032653	0.0007925916343962871	0.01971533572252705	0.0004980834185729777	0.015489322293519257	3.689183767627855e-05	-0.004058730802736565	-0.06951308449711294	0.019962335278352894	0.0005273193790218772	0.019087692015371083	0.0002901788008930411	0.014875319269126316	1.68319233350078e-05	-0.00426159572673455	-0.07120579760226722	0.017675703787884033	6.281218300074252e-05	0.018231036097042717	0.00010380728884948578	0.012877354603130102	7.097690509832425e-07	-0.004373651808726939	-0.0033925495520981553	0.0008445769949023744	6.590290467126751e-05	0.0008711939267665661	0.00010878492031689925	0.0006142740429367618	7.279723002616774e-07	-0.0002084328757540856	0.2594333686320957	0.2875901168830965	0.11851737087394493	0.4594954865504436	0.6068254757162524	0.21978311042949877	0.18622702215417686	0.5002312595519215	0.03192249397379443	0.18738910640163844	0.5180504282427698	0.03274120129075806
cg05368971	1	2389925.0	-0.057705330972371766	0.015738030652086447	0.00026374386273224815	0.015994254728580327	0.0003299129833401523	0.01568747426951128	0.0004981360951791955	-0.009935197272588039	-0.03263836487623613	0.010225307621788199	0.0014747282983332318	0.010540155497821533	0.002033695129919081	0.009349140061252361	0.0009004402853838468	-0.005622244845224441	-0.03771142932716714	0.008923290452866996	2.718815052197178e-05	0.009675014380146224	0.00010718374577034632	0.009528633218503255	0.00020012402559947792	-0.006491192867058285	-0.0018025259968773382	0.000426315124453625	2.695711158053417e-05	0.00046255329385838623	0.00010757861975003277	0.00045548081177518074	0.0002003117019362786	-0.0003102659988474139	0.18624011046522554	0.24642800730678888	0.2866845161820208	0.5476255872791208	0.7941016117646281	0.675132990640565	0.12098016718314059	0.5104253901665659	0.7168743668516236	0.1226042752461052	0.5180504282427698	0.7175466517245369
cg19640754	14	49641441.0	-0.11480608799176974	0.03993171012995477	0.004157881597148762	0.03832221540299464	0.0028304854757115108	0.03449933484114003	0.0014873941777829387	-0.004231566836370153	-0.1323652159689132	0.03958822453066328	0.0008699433814633213	0.03839858428115699	0.0005994774189220433	0.03463675670091201	0.0003135206399856268	-0.005171890304217569	-0.14824804951801923	0.03615198276167407	4.6442755716589926e-05	0.038077294141503217	0.0001091330915054332	0.03617642937731458	0.00012503710295930974	-0.005786086178037426	-0.007070077292582229	0.0017271170763826504	4.7855020479299654e-05	0.0018188043594228231	0.00011186183105373347	0.0017284372488206871	0.00012823647709624158	-0.00027610250256612334	0.40658153892100257	0.44730774780235416	0.3803359933452377	0.4995320990494329	0.6908051206401065	0.5913209338733587	0.16206239644162432	0.513665350916788	0.595445807613862	0.1641601589379013	0.5265089251095744	0.5972586442647654
cg27469606	19	1154486.0	-0.11461658642737069	0.024997696406055533	5.344396830058595e-06	0.024990002845697003	5.3094207973884056e-06	0.02603065850735785	4.375983290503537e-05	-0.007014920788284303	-0.09753531298428414	0.023999378137323953	5.353004677364623e-05	0.023913080519795283	5.033464651741238e-05	0.024612605603048905	0.0001967417536716034	-0.005910506853836137	-0.08804795836100646	0.02109174499797244	3.3949221020927136e-05	0.022748129319700525	0.00011959960624580278	0.021540665386727706	0.00012950885527229647	-0.005439119078216882	-0.004211481052521283	0.0010075479989488138	3.317254704981096e-05	0.0010870721461421465	0.00011788889232225993	0.001030519095189633	0.00012984428865663665	-0.00026029450531478036	0.04079042178753349	0.047759183969539355	0.12318438072026401	0.25960984175282353	0.3923641164491362	0.5073321623690472	0.13606007457934602	0.5535194000508122	0.6025630225711033	0.13294735754914486	0.548499074722774	0.5972586442647654
cg26460678	3	50323236.0	-0.07300355381241214	0.01753016569741165	3.4967244518034725e-05	0.01775019141315043	4.356079189659046e-05	0.01510151276250238	9.412714055624954e-06	-0.012359391791194567	-0.038623416877790875	0.010649024736177605	0.000307038599469148	0.011039840054900165	0.000496555679366548	0.010707784433134237	0.0006254011962098014	-0.006493021128720939	-0.04182285810015077	0.009522170160092689	1.3110356900605691e-05	0.010810790640178957	0.00012053156537654558	0.01008212578792636	0.00010542406733708139	-0.0070196991228830405	-0.0019987740036050933	0.00045490860626689884	1.3014861024408304e-05	0.000516848466757706	0.00012120350010425229	0.0004823975084961328	0.00010715962843352194	-0.00033547172683048534	0.08353534527963495	0.11504099818729091	0.08409710509100021	0.39957752518343054	0.6794304623686471	0.6444874654454528	0.07793925376934746	0.5535194000508122	0.5766141442324382	0.07549005179286648	0.5505285415142342	0.5635648434047892
cg08034535	4	139454315.0	0.10419275092957031	0.024270735113451854	2.0029843605278547e-05	0.02306863244840759	7.332471049570627e-06	0.020427011240597488	3.5425036281603594e-06	0.005220914143959747	0.0925978700082073	0.02434430832859241	0.00015466214096182928	0.023369002186522922	8.158122940130487e-05	0.021594186760636423	6.526591323272911e-05	0.004718010554458156	0.0770329397942115	0.018772203592698038	4.588367673787276e-05	0.01993617517729294	0.00012279431627886358	0.020613536934726402	0.00041258955934101284	0.003967373214099789	0.0036817661273619313	0.0008967751476056287	4.549885504286342e-05	0.0009522673835616211	0.00012165029660554491	0.0009845804967544137	0.00040937801679310825	0.00018961502508140843	0.06434714431805925	0.05936119257716694	0.0651793293689834	0.3352968820688399	0.4462526321722755	0.39430645009080284	0.1615037593129248	0.5535194000508122	0.7942345857180322	0.15948529384655274	0.5505285415142342	0.7966791431325227
cg27143204	5	55234547.0	0.054797560899001584	0.01915336185785876	0.004344778728335913	0.020380557114547292	0.0073374653480581765	0.02395010651783679	0.025617848238056875	0.0071063653733815235	0.06763315261607823	0.017929167507631186	0.0001750803663587695	0.019712566133003897	0.0006357600401521498	0.023496209064514915	0.005502510136546793	0.008861407225981773	0.076106231882405	0.01691030254131993	8.035962625460018e-06	0.01970882132740092	0.00012400251222256144	0.021567357162694954	0.0008003710294557343	0.009966769099628119	0.0036407014628181173	0.0008077995130964863	7.806280329583736e-06	0.0009420226737599992	0.00012240526093309522	0.001031100975805207	0.0007950771261344262	0.0004768983519371684	0.40998997712825974	0.5464377235185931	0.6504561290306842	0.335656938932439	0.6985762193177188	0.8326897594526024	0.058086090346813966	0.5535194000508122	0.9190965279944282	0.05642588519017666	0.5505285415142342	0.911710210617766
cg12807764	5	147485106.0	0.05630231637987597	0.0295443725841906	0.05708613837816018	0.02954471569952905	0.057089016398229255	0.03259133731546696	0.08913395820454639	0.008480329220022967	0.10229361683762667	0.023856113500828904	2.0491901811242728e-05	0.025114227368092216	5.15346792880617e-05	0.025722678559303935	0.00018779892521174764	0.015411344048165652	0.10648287681070823	0.024473842914154848	1.5752794307543924e-05	0.027581552460358948	0.00012443769971719147	0.027947054771302358	0.00032536785056340065	0.016034431596868022	0.005081867833690143	0.001169339652821914	1.6102335687433724e-05	0.0013188937146655832	0.00012823799972077864	0.0013365028899952332	0.00033375236953474236	0.0007652481518877151	0.6867178270895385	0.7559022210391062	0.7788990093006368	0.20736933727150664	0.3923641164491362	0.49649630768414976	0.08734881285192538	0.5535194000508122	0.7630718135971118	0.0880804290076552	0.5523179990509013	0.7625269688073317
cg27428520	1	204131064.0	-0.07206840497981648	0.021479427923254166	0.0008342849714335807	0.021173749171313608	0.0007014294846968774	0.025289877031145276	0.005960287048653482	-0.00828661313527646	-0.06125653830349332	0.018186767237806295	0.0007968868781414945	0.01758261809656197	0.0005240103731467259	0.01954888087782158	0.0026544626807506583	-0.007246032014010398	-0.06536940126862162	0.01599174877150059	4.905153854024687e-05	0.016945696002104868	0.00012597694126706782	0.01744203847023558	0.0003984341398431578	-0.007748422825880711	-0.0031208445349215786	0.0007644105376997641	5.009505361909063e-05	0.0008099601267202985	0.00012826104829201008	0.0008339145309332013	0.00040545804879710284	-0.0003700303796856488	0.26393006757762594	0.32129484181532036	0.5100682605528758	0.4988298944259911	0.6831745832922227	0.815712607894025	0.16546024104113957	0.5542752632272555	0.7942345857180322	0.16665054185315514	0.5523179990509013	0.7966791431325227
cg20788020	8	104665273.0	-0.04609576618824696	0.028333639959657222	0.10419459580220675	0.027887772587047326	0.09878366518568163	0.028347624241256125	0.10908636317166642	-0.006370871930319405	-0.07732110305289389	0.017765334255262298	1.5417733955093775e-05	0.017797833892226004	1.597170452869923e-05	0.017214682082315254	3.2081592230162006e-05	-0.010888743881173354	-0.07102545560741785	0.017570381187742543	5.929184792313361e-05	0.018425101326530614	0.00012737464895765945	0.01676845511956358	7.818521573299768e-05	-0.010133685429374085	-0.003395157788187576	0.0008394122933062151	5.871622961614987e-05	0.0008804757345015823	0.0001267507510872238	0.0008014553874463096	7.802915924164069e-05	-0.0004844888345446123	0.7541295094069885	0.8092841270138631	0.7989945849408628	0.1686712595552628	0.22293360256001585	0.276299641440461	0.18301913100410602	0.5543988443981533	0.5274674363341666	0.18282562748241532	0.5523179990509013	0.5177848715624433
cg04225554	10	133268504.0	-0.07088837608537091	0.016458368230321464	1.8817153351646987e-05	0.016388791234515067	1.7358035063863778e-05	0.014014307431038452	4.144133376055195e-06	-0.0068749964450049855	-0.06580947893604791	0.01587773412455396	3.8063795707118845e-05	0.01609825840492894	4.841456214554961e-05	0.01326989226879728	5.963615905302285e-06	-0.006481764596340459	-0.059885801925567646	0.014643155391303737	4.864456078576535e-05	0.015549554193877354	0.00012918451065429656	0.01495694950270901	0.00017155688278790266	-0.0059905837673170596	-0.002864812297123272	0.0006995213642404782	4.749052306346575e-05	0.0007428414155196666	0.00012649242371685142	0.0007145376749788776	0.00016845996235471017	-0.0002865730300496178	0.06434714431805925	0.08568582325921917	0.06709898961439001	0.25328363245236885	0.3923641164491362	0.13410946316644307	0.16546024104113957	0.5562946146401928	0.7010435697769093	0.1641601589379013	0.5523179990509013	0.6880729417727962
cg24425149	13	75417115.0	-0.0763550555574931	0.016158555117246436	2.759389332065262e-06	0.01742847132174305	1.3553771193781172e-05	0.017340892306455278	4.3753567030885346e-05	-0.012626589163198594	-0.04899732667955041	0.01303530033074032	0.00018455149796287658	0.01380994063045464	0.00041338494608581856	0.013844263937863746	0.0007746706432305741	-0.008096840506508697	-0.054066731832875074	0.0124680311404745	1.6793312368551503e-05	0.014082064843712362	0.00013545216074309897	0.013419137788335098	0.00015767066126112894	-0.0089299609914472	-0.0025852508405559615	0.0005958194743958472	1.6604794040062755e-05	0.0006734098255554452	0.0001356455623090097	0.0006414078028782307	0.00015687286573253873	-0.00042697515297719944	0.03018794302706413	0.0811097174903521	0.12318438072026401	0.3380240226240139	0.6711027688105078	0.6669319604818971	0.09063529813972511	0.5759931924382801	0.6718147713396163	0.08891112273253303	0.5740308198186513	0.6614528042688982
cg05220442	19	50228820.0	-0.08775064203404696	0.02166375872713207	5.6601881630376514e-05	0.025135083908667873	0.0005100463302980982	0.026667680887205284	0.0016646868504377017	-0.014811799146232537	-0.09000928902291036	0.0218439390935429	4.218868412431758e-05	0.026189120291274393	0.0006222244891065913	0.028055776200080627	0.002129394478656026	-0.015171049492257862	-0.10284012181673322	0.021552356815051903	2.2604943303133105e-06	0.02682840307611481	0.0001388065072534158	0.02665342217227982	0.00027782974948108245	-0.017333123549490743	-0.004917224204689677	0.0010296820275133053	2.2192599740486073e-06	0.0012826177127716293	0.0001385387270239383	0.0012739310167345702	0.00027649934688248664	-0.0008287530686372585	0.10027824951089398	0.290022926670574	0.39085669221619734	0.25397810294800055	0.6936514803012505	0.7891954515362938	0.024079202013347706	0.5759931924382801	0.7630718135971118	0.023284275199876126	0.5781249643394929	0.7625269688073317
cg23983783	13	32423157.0	0.002865274564561482	0.022988261202893854	0.9008425006936485	0.02297572083829594	0.9007886598903847	0.025291594807368457	0.9101729926210329	0.0005787508289452035	0.045538409994667316	0.013956423413586157	0.001154836894079158	0.014062270886953403	0.0012574345643103849	0.016290788791550728	0.006922026006969775	0.0070848660989763	0.05467458399719066	0.013605357381434029	6.542877516707061e-05	0.014273627399299051	0.00014035644173096543	0.017253403624775603	0.00239209423422815	0.008439672199193853	0.0026170817815095505	0.0006499148461005801	6.324321998302728e-05	0.0006818633733794074	0.00013613950858259988	0.0008243210022674762	0.00235069468046623	0.0004039977986470698	0.989852947518312	0.9923343797071161	0.9928525876469475	0.5284679729626925	0.7310530595187301	0.8424523148494593	0.18622702215417686	0.5759931924382801	0.9999560135595468	0.18463878060052252	0.5740308198186513	0.9999316749064227
cg23241328	3	111674487.0	-0.10432291297351728	0.03327837344366392	0.0017887529992953722	0.031468189093209795	0.0009613939325488441	0.0296844454759163	0.0008371923908717299	-0.0015449624520381742	-0.11607926075409025	0.03325192814425638	0.0005107380734405154	0.03207237710341141	0.00031609399753228733	0.030473348802490856	0.00032638697537040853	-0.0017364438080081316	-0.1264211490975215	0.0316918376872903	7.39079830689627e-05	0.033006511179042	0.00014050910060790455	0.03277832602880796	0.0002792646657771172	-0.0018917358821743308	-0.0060233228460573095	0.0015140679126209077	7.727341298119086e-05	0.0015762078028763384	0.0001454962862267605	0.0015640141906536828	0.00028449782982086814	-9.007479093648195e-05	0.32258242424891787	0.34142639132749714	0.33158634790042213	0.45782603081251955	0.6151417144380378	0.5978094979699552	0.19353855960023253	0.5759931924382801	0.7630718135971118	0.19135892213238864	0.5854842926438004	0.7625269688073317
cg26456255	19	38208078.0	-0.10152797424245977	0.02414294991065139	2.9339215181358007e-05	0.02466980193285292	4.307573836003348e-05	0.02199361327503513	2.0620565321129467e-05	-0.004123047260366348	-0.0984251764073788	0.02402704798881576	4.672153079243207e-05	0.02418910108563229	5.243901844503303e-05	0.0223537413575459	4.376965685763524e-05	-0.004126846612579325	-0.09396338206414116	0.022648998400500872	3.790563248368857e-05	0.02454532563769572	0.00014164691499178443	0.024694792740051177	0.00033090800095805084	-0.00410105241440044	-0.004481781511284085	0.0010820386613328795	3.900041991762431e-05	0.0011723383173360513	0.00014460994958704034	0.0011778554107326597	0.0003308565391382206	-0.00019571974953031782	0.07661945508874606	0.11504099818729091	0.09936731300455655	0.25481520717979755	0.3923641164491362	0.3227348510693719	0.14612910127280865	0.5759931924382801	0.7630718135971118	0.15074973813078088	0.5854842926438004	0.7625269688073317
cg15164573	17	8361207.0	0.04939269577971135	0.01745485244048772	0.004787404921326329	0.01821710907676371	0.006859934122308235	0.02124181525136377	0.02340091219568608	0.008469187258071737	0.06655390238514572	0.015066067996647182	1.1521560095113157e-05	0.016711583979798897	7.512111598380623e-05	0.020813216953784644	0.0021971135479850724	0.011394239900621593	0.06443792313517092	0.013887194888938827	4.216777258083472e-06	0.01685526024345007	0.0001445677832144572	0.020092752524514763	0.0021370179059196845	0.011036454508825304	0.003078829857758431	0.000663412880604951	4.201026417980199e-06	0.0008045998112366972	0.0001425622994375733	0.0009595817535923234	0.0021275888167952366	0.0005273187282396007	0.41765068924787946	0.5394244909762386	0.6415230491700246	0.1413252018175815	0.4343964384467577	0.7922832448677541	0.03879272156497277	0.5759931924382801	0.9999560135595468	0.03811577127335896	0.5854842926438004	0.9999316749064227
cg25570328	2	108287496.0	0.00699568004069559	0.022832127736064918	0.7593908745724045	0.02277894135562618	0.7588465213926764	0.02536994233125672	0.783674558315371	0.001168073454456858	0.04752668609080134	0.013151643800307318	0.00032281192100435096	0.014210115952015753	0.0008668095070736433	0.014728314525910764	0.0020143793590413836	0.007957939954145924	0.053258152741659986	0.012050507114809922	1.1595087059887909e-05	0.013934503323389302	0.00014513147510860643	0.014784163151177164	0.0006347104496055604	0.008882554559536921	0.00254494350047846	0.0005756575807171461	1.1524727079878057e-05	0.000666149655820873	0.00014608793738132245	0.0007069869721247371	0.0006401111515555989	0.00042451186406507267	0.9731840917683776	0.9796612240364392	0.9814001460493313	0.4058036578257894	0.7132152365915807	0.7803702451005576	0.07107281803208117	0.5759931924382801	0.8679729727117823	0.07068202426627695	0.5854842926438004	0.8694835981883556
cg14840727	4	7782242.0	-0.10319332469243997	0.030747890815629578	0.0008316714203034031	0.029818941024114948	0.0005704007918057058	0.02784204704306999	0.0004553909433460852	-0.005048370917035572	-0.12032933034141702	0.03040233764467728	8.310830496181052e-05	0.029577323741591034	5.259139978684602e-05	0.02824475634764845	7.184771143920882e-05	-0.005894454506682311	-0.1049492345298932	0.026346434509951007	7.564282349224617e-05	0.02745913736566044	0.00014514271999739259	0.027479888810500442	0.00031598419382200256	-0.005196212638463269	-0.005003016380237208	0.0012586758013455829	7.836295670031117e-05	0.0013109828201792492	0.00014850717873150966	0.0013114725168813653	0.0003204738438360999	-0.00024775931714579943	0.263416629518523	0.3019540744735065	0.2813600750175386	0.2925289478900569	0.3923641164491362	0.39705172750179496	0.19353855960023253	0.5759931924382801	0.7630718135971118	0.19135892213238864	0.5893449149850655	0.7625269688073317
cg00192026	4	173490128.0	-0.1185435024340224	0.027515380965017502	1.8723651116327095e-05	0.028079164611388017	2.7322128976849647e-05	0.029349009082854774	0.0001524551489123693	-0.01728217060096788	-0.06877526555302382	0.016960350922165735	5.5588804013019055e-05	0.017626672381258424	0.00010444129632905005	0.017719986833694294	0.00025775681107180855	-0.009994975209541434	-0.06766001903634482	0.016985969604413977	7.568745220816331e-05	0.017789129244831472	0.00015621073063405532	0.018060986927271403	0.00040051471713264687	-0.009852050201184756	-0.003232871481047787	0.0008114488111573363	7.544384327555185e-05	0.0008500579939099479	0.00015641369538813227	0.0008633733501717711	0.00040276427994260665	-0.0004706917456077909	0.06434714431805925	0.10143262613915165	0.1922468926548149	0.25960984175282353	0.5189199755054316	0.5592569984820482	0.19353855960023253	0.6138975551285905	0.7942345857180322	0.19135892213238864	0.6146951928183917	0.7966791431325227
cg06080300	1	1627716.0	-0.07083676243016684	0.017209415003816782	4.2950464661774065e-05	0.01847272503907106	0.00013666836299386365	0.01720290419818762	0.00011692770820386869	-0.00969774038381342	-0.05733780639911466	0.016434259880898083	0.0005144795001200161	0.01779029599772514	0.0013258087977237514	0.015379712010230443	0.00042456266826697324	-0.00788078541625551	-0.056840565246828616	0.013142519368962106	1.7667019005916038e-05	0.014997858697124293	0.00016477584618114187	0.01485541410096889	0.00030871283838282144	-0.007823123767491827	-0.0027232050291852074	0.0006277880079168804	1.6693500783561836e-05	0.0007166684188602124	0.00015846923610832983	0.0007104413823678635	0.0003018579584771705	-0.0003748181174639162	0.087348618017713	0.19275620201304916	0.17861902643567207	0.45782603081251955	0.7375517139004208	0.6181168669560615	0.09243450059157828	0.6413313590840495	0.7630718135971118	0.08891112273253303	0.616785123073443	0.7625269688073317
cg16187804	10	44386892.0	-0.07727169492231156	0.026938643146352637	0.004244978841915988	0.02750133986941295	0.005091712939889249	0.030813182354918887	0.014827412793520098	-0.0055554519612601	-0.08089579896760443	0.026318129247545837	0.0021935574811658472	0.026639634901684812	0.0024784113111199157	0.03022647600104359	0.009546202333715779	-0.005770870697449098	-0.10389945496709177	0.02511002466365215	3.970405777694415e-05	0.027468258815064574	0.0001696332684244601	0.029868786234428613	0.0009362262978579242	-0.007249315795126826	-0.004962964550967442	0.0011996070675509018	3.980688653936903e-05	0.0013135595809415992	0.0001725046125839221	0.0014267696447128968	0.000936421701852077	-0.00034627980508086846	0.4081216191653286	0.5051565781733309	0.5932462547995853	0.577384158099274	0.8143009462248806	0.8467010775793248	0.15161818508608285	0.651697022754668	0.9504452336097909	0.1520108580572209	0.6525881737902591	0.9514528791080519
cg15075241	2	10446926.0	-0.10310107310886457	0.02528476349069186	5.054137949570962e-05	0.02548986841536628	5.798645405555538e-05	0.02576882887358639	0.00017321619220511523	-0.009589479048219777	-0.09522502906769903	0.02301893298509206	3.937468835498616e-05	0.022815291860149096	3.363020087026419e-05	0.022315029806635814	7.011914464070966e-05	-0.009010682672744274	-0.09236377497960739	0.02310669106502135	7.145508829812872e-05	0.02442843711771376	0.00017065905537533643	0.02511752413819976	0.0005000051767625698	-0.008844047622368333	-0.00441365216212526	0.0011039258197877145	7.119994416218383e-05	0.0011675655449653272	0.00017118033716764593	0.0012000218985686326	0.0004988661085297461	-0.00042268356043060067	0.09427783970696695	0.1311281052065356	0.20196267033156906	0.25397810294800055	0.33929365988246474	0.39705172750179496	0.19353855960023253	0.651697022754668	0.8218047660305101	0.19135892213238864	0.6525881737902591	0.8241313741191877
cg00417823	16	56296356.0	0.09056786418945505	0.01966429394982368	4.854876304339196e-06	0.021076053789519558	1.9658715832983435e-05	0.023039184677379802	0.00021864447284819865	0.010284285511974061	0.07624615815918703	0.01910810102196301	7.275916609726875e-05	0.020884361604679515	0.00028027060098157803	0.0213089214511879	0.0006852884538869077	0.00863364835878248	0.08163669418368716	0.01864091447262924	1.387588583356413e-05	0.021621406933383963	0.0001742209609906868	0.02165350308726939	0.0003706258759668588	0.009254687789256508	0.003911698872198397	0.0008904169556522217	1.3054657990826327e-05	0.0010335591428477597	0.00016819852369207827	0.0010354722315431618	0.00036164272602369176	0.0004434430494074777	0.039926378758576686	0.09334532984863654	0.2233693574588321	0.2925289478900569	0.6058925171336129	0.6557756884862983	0.07910877035729	0.6590811518943287	0.7850707771778709	0.07549005179286648	0.6484181239585763	0.7713163537745363
cg17059564	22	35542354.0	0.15355092696514744	0.03791204750959892	5.66930337916707e-05	0.04049354534382533	0.00016188981671625205	0.03341716359412107	2.224402359048731e-05	0.01996193700642267	0.15683743250908988	0.037947930839412856	4.002458554724401e-05	0.04051471426464341	0.00011818087651250115	0.03287009217640108	1.1814401055325816e-05	0.02046837373785942	0.1585356617301145	0.03757758357958616	2.805779094285544e-05	0.04213241624256619	0.00018328449342679853	0.035129819062460765	2.9761670544518506e-05	0.02055180497774648	0.007574349497519301	0.0017951193305569136	2.7994460408870984e-05	0.0020138389233156227	0.0001844686544773958	0.0016793741951932571	3.0039409297363534e-05	0.0009819758754388507	0.10027824951089398	0.20684653899009245	0.09938664591914508	0.25397810294800055	0.5388731217446908	0.17712106305103517	0.1221216859271167	0.6800522656299374	0.3300473151180389	0.12317045290960894	0.6704546510857742	0.3249097191535206
cg00962903	3	169145240.0	-0.07540101532384205	0.02008875195360956	0.0001884140611001321	0.020271035481831734	0.00021491780664216668	0.017368154200162612	5.427383689951329e-05	-0.010025704623530071	-0.07104992696572435	0.019697718165299864	0.0003311463335377526	0.019790594233678186	0.0003530037424595213	0.017345530973599317	0.0001257863141024511	-0.009348807548261576	-0.07721036096065836	0.019435696163328606	7.907926119444256e-05	0.020537572363377915	0.00018568552340347618	0.018710431828926764	0.0001134611928073977	-0.010039715603368811	-0.003691324327798966	0.0009284996513712477	7.812088089420592e-05	0.000981921780672497	0.00018581861125199564	0.0008946188757441945	0.00011363554143995562	-0.00047994117103798245	0.16158222223367535	0.21925525203503238	0.12698917064563983	0.410753091637518	0.6494996085636018	0.45870415839038253	0.19353855960023253	0.6800522656299374	0.5766141442324382	0.19135892213238864	0.6704546510857742	0.5749716921336194
cg08216021	8	109540667.0	-0.08935369295801236	0.030040494024094918	0.003032686050245005	0.032810352060556644	0.006618052120307015	0.03479060498684726	0.01268325279614032	-0.005772955061937592	-0.10234560006654891	0.029600727684353578	0.0005771769692269055	0.03297883638394589	0.001988154565570148	0.032408679943743836	0.002470489753313923	-0.006553169826488737	-0.12473351007496905	0.029563489810684927	2.8023317477437093e-05	0.03317948027826445	0.0001857667021699509	0.03401809456133058	0.0005172306823230833	-0.007654686016861971	-0.005953790927189255	0.0014124613411653343	2.85092930209846e-05	0.001585855931361319	0.0001894693307100294	0.0016249377263143345	0.0005216643998509408	-0.0003651893060943298	0.3736720320477065	0.5358308030235831	0.5810939577340201	0.469139407900752	0.7936599304883443	0.8050426537631182	0.1221216859271167	0.6800522656299374	0.8252485923974272	0.12408685114960441	0.6704546510857742	0.8241313741191877
cg09804616	6	30677055.0	-0.05122400177287924	0.01541122414666017	0.0009325852159054776	0.015759712211351577	0.0012060310937543608	0.017566127188435192	0.004953387448065825	-0.008300703400301894	-0.04653634855723133	0.013859045758840475	0.0008268784622480855	0.01431678607250852	0.0012057318485365494	0.015111979098428511	0.0031075767158142437	-0.007563955766061628	-0.05165879184020967	0.01250439207310578	4.081668784076664e-05	0.013773417326004192	0.0001922205804020914	0.01340958138665112	0.0002833942739867847	-0.00840622514134828	-0.0024659133144462318	0.0005974507123975512	4.1489651301408065e-05	0.0006577636703730724	0.00019348514325156455	0.0006410046484399642	0.00028848499583868374	-0.00040126938921574595	0.2734894737851389	0.3667400949976916	0.4946093343425726	0.4995320990494329	0.723123937957146	0.8190901369798509	0.15441029303036488	0.6800522656299374	0.7630718135971118	0.15594957978302257	0.6704546510857742	0.7625269688073317
cg21121136	3	14810820.0	-0.21073456841331525	0.06677711710426873	0.0016668417624471133	0.07064469114916207	0.0029499716285144068	0.08361778855456369	0.014361208021432115	-0.004603097848002778	-0.2189293505301848	0.06299993260197713	0.0005413147050147763	0.06694716107403201	0.001125943120017971	0.07528366455710483	0.00506590635320774	-0.005017080463740005	-0.2627235774481653	0.06375707233247178	4.268206056672039e-05	0.07006011031193621	0.00019270254731441555	0.07704747406061682	0.0011575288100876741	-0.005992054057114572	-0.012568917942331378	0.0030457444101268925	4.1608848732694895e-05	0.0033462440593007396	0.00018812717179345572	0.0036810953335716452	0.0011414146390221751	-0.0002868456728773979	0.31813758280794757	0.4493114153448494	0.5901833006294265	0.4594954865504436	0.7221039184026306	0.8326897594526024	0.158145833781684	0.6800522656299374	0.9905877047224503	0.15594957978302257	0.6704546510857742	0.986988030734685
cg06958102	15	40565325.0	-0.058920173930221795	0.023470593129446955	0.012276679453888705	0.024632994934874693	0.017014257581844543	0.027618640078013963	0.03692693150522969	-0.002190656113087635	-0.06877068610470716	0.02357499847123288	0.0036429615859252893	0.02495405424404804	0.0060012608179084185	0.026279831984491537	0.011172817697854963	-0.0025384729691455047	-0.09412377279417711	0.022905769301557535	4.4811177899889564e-05	0.025104472829766092	0.00019322270173413624	0.02633821521225629	0.0006950342494334309	-0.0033651906793429934	-0.0044914413589801395	0.0010942741176868576	4.5704226922079524e-05	0.0011996329378113463	0.00019723454145691103	0.001258732330474827	0.0007070411805847106	-0.000160615954618969	0.5118861907069872	0.62790139171063	0.6906768015218474	0.6266634951821924	0.8573191498176632	0.8515537951552269	0.16080406400032585	0.6800522656299374	0.8975736820369667	0.15948529384655274	0.6704546510857742	0.8933792079164781
cg23457166	6	127476141.0	0.09608500259074289	0.034725058066190494	0.005801267821503056	0.03456474534750858	0.005579256433419761	0.030374547551653714	0.002431732903664126	0.00725975869320614	0.09798026141280036	0.034967284998117285	0.005214236968969377	0.03491511815172964	0.005147699800129565	0.03143960157359728	0.0027901608922076757	0.007320648109436955	0.12459496848698612	0.03241210724490389	0.00013294844314080807	0.03324577664908572	0.0001944248423695699	0.03147402749531566	0.00019948326441639164	0.008891886538469266	0.0059591076839575745	0.0015484698190254217	0.00013068960121795186	0.0015880284410693991	0.0001907970817026966	0.0015007113958817014	0.00019154796875563867	0.00042518212612465247	0.43654956457245797	0.5158546527257202	0.4303997113877901	0.6497932208819084	0.8573191498176632	0.8163415783783448	0.2303247222453783	0.6800522656299374	0.7168743668516236	0.23202161776230792	0.6704546510857742	0.7142178254523343
cg11538810	22	46085847.0	-0.07772113577007085	0.016692357051013188	3.832829535250849e-06	0.016791002478915334	4.358807075522561e-06	0.017251571262455734	3.0580699333899596e-05	-0.007207002101241276	-0.06122616635012153	0.015805277115188827	0.00011692519844452574	0.01570003043860134	0.00010529999895848717	0.015756623978955712	0.00025395063459718125	-0.005716096869164854	-0.05217565185892956	0.012809664692806252	5.213752078710872e-05	0.01392885334299595	0.00019581323442742363	0.01426415506863484	0.0005320953445780928	-0.004858135202086909	-0.0024960929521023905	0.0006119203431646826	5.085016340056447e-05	0.0006654522355797587	0.00019195297849029672	0.0006814522790999958	0.0005235181257546812	-0.00023251191451270777	0.0347519992585319	0.04663928709024451	0.11011313720238633	0.32329633735325386	0.5189199755054316	0.5592433943412134	0.17019662965135668	0.6800522656299374	0.8278312190490128	0.16665054185315514	0.6704546510857742	0.8241313741191877
cg23719534	15	100559079.0	0.07399408842933304	0.030794448276177954	0.016518692057333844	0.031158998803452367	0.017821261760147752	0.032269565261582506	0.02530932205459253	0.005256144475759297	0.07571840015280418	0.031200981851998245	0.015477259150624912	0.03154915729942647	0.016647445092135258	0.03236908533324335	0.02261538921618809	0.005376382635478535	0.10776954442675199	0.027702653169305442	0.0001105133885996925	0.028795178374882067	0.00019830445727388166	0.030620603659249537	0.0008239097562108186	0.0074076722570944244	0.005153865191038085	0.0013233601384775042	0.00010861348104045782	0.0013755161586210482	0.00019505830929116976	0.0014627302119079731	0.000813800936583212	0.0003544659817076391	0.5440309288793014	0.6328164796142214	0.648506064616674	0.7258983862217888	0.8842705155090363	0.8746992796388817	0.22294745769792138	0.6800522656299374	0.9212835990284082	0.21873079948258525	0.6704546510857742	0.9175843579748253
cg07781445	17	2982956.0	-0.07893573789302162	0.020141461662050445	9.730972868699896e-05	0.02026258457755978	0.00010699839897856535	0.02173591275347457	0.0005785085173563711	-0.010464923174052735	-0.06421162526684174	0.019129136414535224	0.000830086599434072	0.01937242894708747	0.0009637438362160521	0.02056428051121885	0.0027414855728165534	-0.008617369476255373	-0.05818154626388678	0.01444988260914591	6.334029782330446e-05	0.015547313793506299	0.0001986134525122377	0.014698235226441907	0.0001996533825354501	-0.007845211821705323	-0.0027881488709997717	0.0006903014567205588	6.0113505389298924e-05	0.0007427637254051448	0.000189882884746156	0.000702380713827869	0.0001923701844310284	-0.0003759075541648953	0.1254437067105398	0.17678013442343107	0.2988297253014815	0.4995320990494329	0.7152483846604266	0.8163415783783448	0.18622702215417686	0.6800522656299374	0.7168743668516236	0.18463878060052252	0.6704546510857742	0.7142178254523343
cg21375204	7	74338605.0	-0.10292415887591158	0.0251001179064051	4.5883893887297137e-05	0.02670795189954041	0.00012666655557649418	0.026322902403456843	0.0002343636507210158	-0.015240745247849316	-0.08389869388453726	0.024361305280687893	0.0006065117259742651	0.025676442739313368	0.0011363624362250285	0.02524945148387706	0.0015100363876634105	-0.012539085284152915	-0.0903983962664884	0.021030993024004175	1.9858429588825364e-05	0.024164400855407407	0.00019958356139960798	0.025010135998296122	0.0006108353305406589	-0.01344302732127443	-0.004331978831178574	0.0010045800137304483	1.86836630228225e-05	0.0011549144558476718	0.00019200059441806913	0.001195533895004031	0.0005936278566324964	-0.0006441635316498873	0.09060009863113071	0.18783255333673965	0.22804428276395416	0.47703705721750767	0.7221039184026306	0.741792547460629	0.10175132537029742	0.6800522656299374	0.8571016366285251	0.09573201480211595	0.6704546510857742	0.8395658429429395
cg15653254	2	226583954.0	-0.08605836723740566	0.030011768021563714	0.004257540572172203	0.030657089233757727	0.005132778317240662	0.025614161462511685	0.0013494035961704298	-0.010849601496051693	-0.08314259628352871	0.029366363672208212	0.0047664716351109035	0.029653991573720694	0.005187090964957628	0.02248526623308692	0.00046835987791953563	-0.010851976118251965	-0.06681083251590816	0.017648367083575714	0.00016755234789165611	0.01786776557686513	0.00020098083245160493	0.01454590657414786	2.2392519213371582e-05	-0.008633408274819981	-0.0031853394004378623	0.0008432054982418503	0.0001729123924799844	0.0008532461511692852	0.00020571221973440017	0.0006950024838690796	2.319465730366951e-05	-0.00041190615022209623	0.4082837271672266	0.5057660329449633	0.3728434374530069	0.6440261130667527	0.8573191498176632	0.6211323237262909	0.2608551616793394	0.6800522656299374	0.302137036824873	0.26205209766890947	0.6850131316617935	0.3129600989117085
cg13442656	9	124484103.0	-0.08445660777087008	0.02419488443114653	0.0005109506918133191	0.02422134541348146	0.0005181687390323486	0.02186339382539864	0.000273751619897338	-0.012506386580600277	-0.05309183089034039	0.017467000412290375	0.002455139037859479	0.01753076317151947	0.0025455851591561947	0.014286096686310604	0.0004410465542459729	-0.007931752811856155	-0.05324479198375462	0.013643407888077008	0.0001051337769991052	0.014242722988209996	0.0002016049880444398	0.01364387779105652	0.00024031795221826752	-0.008141239708333414	-0.0025458882917281916	0.0006517634768309266	0.00010363648509696719	0.0006803484219196778	0.0001987597259032442	0.0006523062126832166	0.0002399721971718493	-0.0003892811223352515	0.2290411449438214	0.2909201521738544	0.2417242803292698	0.5945383820036434	0.8158429117012842	0.6186065970840329	0.21936270956200413	0.6800522656299374	0.7369441034300529	0.2184910799323212	0.6704546510857742	0.7415012663191807
cg23922755	4	3441929.0	-0.08754310743233298	0.021103417221787234	3.7467272275616704e-05	0.021415332679630767	4.840329784946583e-05	0.016724220705704104	2.1546714462301853e-06	-0.007799947656978884	-0.07737832295356589	0.020944301296562357	0.0002370358577576868	0.021013114355145277	0.00024835642359809164	0.017925229994630837	5.9110790008216934e-05	-0.0070999505221140055	-0.06388788033615768	0.016065589489296983	7.776564960758723e-05	0.017112863518783057	0.00020561313065714946	0.01546291263264391	0.00011151751837046703	-0.005794581211394497	-0.003060628333222828	0.0007674619830061792	7.423979354024521e-05	0.0008176099706623274	0.00019771837749097792	0.0007380048526584958	0.00010580223311410814	-0.0002776589856862499	0.08374959079305361	0.12018483611843292	0.043608718600969654	0.3676682936220363	0.5702761030898944	0.3859200469660657	0.19353855960023253	0.6878404947668837	0.5766141442324382	0.19135892213238864	0.6704546510857742	0.5635648434047892
cg23001650	1	43978931.0	-0.06923899696651153	0.016748028635578033	3.9791804308489133e-05	0.0173619103157371	7.339499852601202e-05	0.015120375079375529	2.3528491110692182e-05	-0.011793691470212751	-0.04195211829149065	0.011702572400857713	0.00036001573218378484	0.012040027612601267	0.0005231229693773896	0.010497265069689147	0.0001758522697756674	-0.0071491789226863015	-0.04435107768071561	0.010981869607630836	6.022813150245977e-05	0.011904941229053893	0.00021201246890350655	0.009890201962984903	3.290988775172254e-05	-0.007546515707401076	-0.002116773950144304	0.0005247924894079945	6.149954241937962e-05	0.0005688688088745234	0.00021567137295422514	0.0004727903682562551	3.374918892739432e-05	-0.0003601679988859967	0.08486719303894202	0.1508073486718514	0.10070210973891763	0.41875933367973844	0.6831745832922227	0.49649630768414976	0.18330318612000132	0.6998987388519321	0.3300473151180389	0.18463878060052252	0.7040331077300815	0.32958621874020483
cg24998981	18	79681810.0	-0.08334094234929668	0.017345020878652948	1.8824929908931748e-06	0.017710559897114297	3.0301602178089917e-06	0.016640281203082835	4.980420379322147e-06	-0.014337746129801954	-0.05908792012478869	0.015699107453022852	0.00018099884079890067	0.01602520534911757	0.0002438018011831593	0.015207566629204812	0.00025421221879076754	-0.01016675460951268	-0.06435122649985668	0.015706972736010735	4.717278962456376e-05	0.017280822953339978	0.00021331821919968831	0.016761380933502275	0.00029585202891450706	-0.01107122003396225	-0.003079877272874291	0.0007503415736480205	4.567729783589187e-05	0.0008252027693100416	0.00020646025663809698	0.0008003599158107355	0.00028738550837513753	-0.0005298733593000345	0.02540003867775707	0.038329916982668036	0.067226436711468	0.335656938932439	0.5702761030898944	0.5592433943412134	0.16318616794717486	0.6998987388519321	0.7630718135971118	0.15948529384655274	0.6850131316617935	0.7625269688073317
cg25903261	20	63587851.0	0.0709878781660196	0.02388258392670237	0.0030529728040766006	0.026695869438145683	0.008007108383836451	0.031187022998333928	0.026356866123715395	0.008568793954522586	0.08395964812958451	0.022679466994362883	0.0002302364818721839	0.02609465772096355	0.0013510220543345379	0.03115177234860131	0.009077411070534534	0.010062349431466281	0.10132791061011467	0.022369510915527326	7.032844205015261e-06	0.02722008531457908	0.0002144048628960198	0.02871852202420817	0.0008015185281546734	0.012135823054858885	0.004848086022041044	0.0010686440762316003	6.812426920769425e-06	0.001301058810921561	0.00021133257329492797	0.0013716862957898614	0.0007863741663226441	0.0005805713127862385	0.3743688247659917	0.5565079057237526	0.654140523404462	0.3657004069681857	0.7418709675005086	0.8467010775793248	0.0537127504875225	0.6998987388519321	0.9190965279944282	0.052029332193770005	0.695478317203584	0.9061088102982388
cg00163859	8	98904975.0	0.038585044842087475	0.01719883278504554	0.025167761311733518	0.01761295790940829	0.028789785856267094	0.01861573965437336	0.04243178298936615	0.0026809202789615794	0.04652576199838236	0.01716965537964995	0.006893239888314634	0.017612024023081724	0.008428054386194405	0.01833507480223684	0.013735525466223586	0.0031992464614288	0.05743606979090325	0.01445915826332447	7.9179471079459e-05	0.01548293956593679	0.00022539272170966603	0.014614185534924424	0.0002192810514299602	0.0039344194060169264	0.0027435272193389306	0.0006907711484739846	7.937744112875501e-05	0.000740040064554428	0.00022746499454652698	0.0006992015372212482	0.00022394894358885765	0.00018796757424515342	0.593798193474864	0.6868929479066125	0.7065579753759067	0.6663543092089506	0.8712142145333529	0.8600750954995368	0.19353855960023253	0.7256368281476048	0.7335639821568063	0.19135892213238864	0.730745737202594	0.7415012663191807
cg07727594	20	46558784.0	-0.07611574531657886	0.016553787648267506	5.030461547761173e-06	0.01646007362097317	4.451134458931011e-06	0.01975613472096431	0.000283035690695987	-0.012827297887769928	-0.0566262502280936	0.014180276525674957	7.18470121216618e-05	0.014304382761248452	8.284758818940358e-05	0.01734973415645492	0.0018038855706159406	-0.009567840035616603	-0.04730562079503144	0.012568944251358656	0.0001826431920735776	0.012753991801816732	0.00022587470409231168	0.0139358187602291	0.0012134180576371134	-0.008027406853645117	-0.0022596023124490943	0.0006004425960141257	0.0001829745088744498	0.0006094721743356749	0.0002272843063206641	0.0006660670477848152	0.001221181145528059	-0.00038348067204709734	0.039926378758576686	0.04663928709024451	0.2437617786957313	0.2925289478900569	0.4471372705342847	0.7690547419510269	0.263676668008756	0.7256368281476048	0.9999560135595468	0.26228713162675743	0.730745737202594	0.9999316749064227
cg13779687	22	46072542.0	-0.07246598356168392	0.026990805720379953	0.007422276991552373	0.027517504308900084	0.008632373255411694	0.026684100467604773	0.008591334339881209	-0.0053408584070431505	-0.08113221543451432	0.023705746451071624	0.0006556322315142987	0.023571781121348646	0.0006109649693518703	0.020786165359679518	0.00023975058450819223	-0.00604432548104392	-0.09252140113769605	0.02387788513715028	0.00011759445923781455	0.024971134856299242	0.00022934867119419965	0.022219986313482612	9.994888520270809e-05	-0.006662673268586211	-0.004420140099061363	0.0011407902798295448	0.00011766234052990329	0.001194028239024439	0.00023225546531763875	0.0010633919684434905	0.00010244439809784895	-0.00031836241802592495	0.46347884282104584	0.5628633265416622	0.5407643738618098	0.483218292106041	0.6908051206401065	0.5421617924523999	0.2255672927596425	0.7309956155275726	0.5766141442324382	0.22436131391470449	0.7335533227363419	0.5635648434047892
cg21171858	5	132457133.0	-0.07386020825029632	0.02388488843274537	0.002061996676340312	0.023489582584138618	0.0017322972776800927	0.025010490647945822	0.004461648782943294	-0.0032135779723619193	-0.0704894025976207	0.023098106306898274	0.002358841982739164	0.02310921218513788	0.0023702425192947993	0.02314960898589239	0.00343325815972092	-0.0030517133945627524	-0.07909026895995454	0.021037977132080807	0.00018573206165426468	0.0213696065158236	0.0002329817055798616	0.019261298408865625	0.0001215918228020983	-0.003421081664690942	-0.0037701174041256747	0.001005091146513374	0.00019191699097599322	0.0010216903895411639	0.00024305813282834277	0.0009199749671726753	0.00012497496186871982	-0.00016307039598567846	0.33560965043790125	0.3992382363183214	0.4836944409788824	0.5905702149428732	0.8143009462248806	0.8237939144125507	0.263676668008756	0.7367037060018476	0.5890654034743015	0.2675413825855156	0.7466251874630585	0.5972586442647654
cg00481739	19	51414664.0	-0.06513876902500165	0.01651636881739394	8.795175286486791e-05	0.016843379515823695	0.00011992842133580982	0.015487474631776821	8.658561815520608e-05	-0.007087444317238383	-0.05664102181659647	0.01618327076862042	0.0004939531430345168	0.016464421024164778	0.0006147838943042358	0.015563720019240331	0.0005644693858977191	-0.0062284805907635195	-0.05459697985741888	0.013764551107879323	8.108478568165676e-05	0.014766820117812569	0.00023641239285927303	0.014451804581363742	0.0003614426916658397	-0.006019914311297586	-0.0026119638630549918	0.0006575617424922497	7.921235673763508e-05	0.0007058519264324291	0.00023354138707754187	0.0006909217584821351	0.0003584736803374005	-0.0002880647141499789	0.11874942034203566	0.18458169647746428	0.16017073633340703	0.45782603081251955	0.6923886797092264	0.6398553132680356	0.19474731000746373	0.7367037060018476	0.7782226439392211	0.19135892213238864	0.7335533227363419	0.7713163537745363
cg14380586	12	103496150.0	-0.09819751964353812	0.02651722070454026	0.0002291004201389681	0.03145318365481999	0.0018675032591175796	0.028251538686303458	0.0009441164100722024	-0.011766069510515464	-0.10369257762606651	0.02628468807463861	8.761715041597786e-05	0.032056891887265924	0.0012735912104296723	0.029348316956500243	0.0007894102501493062	-0.01243348768647897	-0.12051407908786811	0.0268825217334149	8.706292991662374e-06	0.03259719736592264	0.00023659956515031559	0.03268558727003563	0.00048453361484686514	-0.014070907760172622	-0.005751430697696895	0.0012843018967098815	8.895679405706724e-06	0.0015588083279794742	0.00024347496002827127	0.0015626790239129948	0.0004948584978169888	-0.0006716820932955306	0.1764694811848154	0.40222456096372483	0.34056987665339783	0.2961243236921875	0.7310530595187301	0.6684934085485076	0.06076136889731157	0.7367037060018476	0.8190886918113541	0.062083099946210085	0.7466251874630585	0.8241313741191877
cg18213653	12	112167930.0	-0.05540428747747303	0.020684449499424558	0.007561755196311799	0.020995596923531045	0.00849733288736803	0.016257061387009334	0.0011642318461344173	-0.008323635916968612	-0.03704028386864773	0.020135205639562663	0.06624172327163108	0.019737163050824087	0.06096656734923371	0.01606242783084544	0.0245229805114976	-0.005775836998871324	-0.04480906431314592	0.011024569475029599	5.406437892208033e-05	0.012131081580897955	0.00023965434783829452	0.012470952476654399	0.0006536834495829654	-0.006811768347168882	-0.002136225999330841	0.0005267824727458372	5.619100872403584e-05	0.0005794647459976772	0.00024638001348308843	0.0005953369763000434	0.000663705394146866	-0.00032485174658406326	0.46648552927144726	0.5618752150636086	0.36306722601989816	0.808932716113997	0.9125651697517301	0.8768569685799025	0.17507473194573153	0.7403261335615519	0.8841943631929055	0.1776966022214172	0.7498529398325187	0.8813579595361898
cg08122070	1	1758171.0	-0.1339857550719952	0.03284310431023889	5.0123835138494696e-05	0.032756113337216765	4.7889302133923235e-05	0.029479277904898907	2.655479169674519e-05	-0.018383672128511896	-0.07430243916712137	0.019603913419306413	0.00016313445171930533	0.020071059302139774	0.00023027436261168475	0.01979101957936836	0.00039008468094486117	-0.010396773435117817	-0.07746724020927845	0.01972580733755641	9.516847959400204e-05	0.02098340485184999	0.00024142083444740725	0.02112377943022017	0.0005162078906967376	-0.011169705598800442	-0.0037091013801320797	0.0009422998806640351	9.174417525013963e-05	0.0010024105545676113	0.0002337755751427014	0.0010092936749086753	0.0005037284495662736	-0.0005349035940303918	0.09427783970696695	0.12018483611843292	0.1057527962909172	0.3352968820688399	0.5702761030898944	0.6089818891669874	0.20711065954569313	0.7403261335615519	0.8252485923974272	0.2033749171678494	0.7335533227363419	0.8241313741191877
cg06967105	1	1168885.0	-0.027627002999421377	0.01658009237718779	0.09609048280723224	0.01606440998665744	0.0859020227938109	0.015954322912903662	0.08839408956803277	-0.00448112816956504	-0.045334727286325316	0.012861410094595207	0.00045050310782986244	0.013170848256296691	0.0006106775723887267	0.013148946093262835	0.0010298751329371485	-0.0074088531405086065	-0.04461876975596457	0.011288314142567674	8.580421847161685e-05	0.01211178493464629	0.00024889073036355716	0.010796689386722277	0.00011115850390165758	-0.007301578723845528	-0.0021399213704623435	0.000539204361606582	8.036655877965741e-05	0.000578670634623156	0.0002357555943196872	0.0005151710751615009	0.00010343797228990395	-0.00035017420576706037	0.7449268562898549	0.7947962583055407	0.7779456975012116	0.4536218892952617	0.6908051206401065	0.7018133280038732	0.19734141457725274	0.7531541617511104	0.5766141442324382	0.19135892213238864	0.7340758210423534	0.5635648434047892
cg06455180	10	131629539.0	-0.11973636710115518	0.030846563673740827	0.00011320018764980222	0.035881818959610116	0.0008901900647766886	0.034150210841861664	0.0008589923236671571	-0.01663438425302109	-0.1273776678082993	0.028260988717368662	7.665313497523905e-06	0.03533504909548927	0.0003338627451471432	0.03368816917839871	0.0003576877114725552	-0.01774129170260367	-0.1310502358902717	0.02850927767677392	5.161372412590355e-06	0.03557802841323836	0.0002493253364757136	0.03400241815203952	0.00028175732795755146	-0.018501881920945942	-0.0062503735920087814	0.0013621278723916902	5.358475957079893e-06	0.0017015805023975292	0.00025926685746614043	0.0016262118461538683	0.0002917499185382683	-0.000882849541477116	0.13437393418607005	0.3320316077340471	0.3320969338595634	0.11491809605437847	0.6285672724134701	0.6057987653263402	0.04263746549562371	0.7531541617511104	0.7630718135971118	0.04290703141594575	0.7562833625792743	0.7625269688073317
cg12065228	1	19326294.0	-0.06225506340974424	0.0167151800856687	0.00021092947838601271	0.017631951511146562	0.0004404821916442368	0.018982027034149994	0.0017199020888009058	-0.010239991622905946	-0.047729230579168495	0.01325677017440746	0.00033957285314824634	0.014795368125472688	0.001312298800501057	0.01583389683664632	0.0037484210024496703	-0.007860204309253549	-0.04744614541376912	0.011698023190333721	5.603234828172019e-05	0.012900805019675773	0.0002548379487860489	0.012354203524718894	0.00029466215180116447	-0.007839194521450276	-0.0022665260557417025	0.0005588451215897835	5.607429450614248e-05	0.0006161254785749105	0.000253949416259153	0.0005902039796858503	0.0002948978347132986	-0.0003744652251208466	0.16940608541572497	0.27872182540843143	0.3951132242263932	0.4119761483548107	0.736705979019131	0.8250227633225801	0.17719485964468393	0.7582842827366804	0.7630718135971118	0.1776966022214172	0.7562833625792743	0.7625269688073317
cg07353685	1	153563802.0	-0.057017704551508744	0.014999812022818224	0.00015608172383431882	0.014570197914474746	9.961054398729017e-05	0.015452931256083931	0.00048036209242198583	-0.00941530171599422	-0.033621341679106714	0.010112654598354108	0.0009300420982375091	0.009845481769629086	0.0006738240528173647	0.010392235534679158	0.001964875278037149	-0.00559461686936402	-0.03576344113895664	0.009263095849108775	0.00012434005901550005	0.009736089964330664	0.00025925638348615106	0.010144186124681468	0.0008085809755490501	-0.00594661700057549	-0.0017095474841520829	0.00044251253693520707	0.00012314043736972585	0.0004653954272533365	0.00025921993529182536	0.00048497970011523507	0.000809907261742597	-0.0002842579326824362	0.15275812291943203	0.17530719489916208	0.2853094898842206	0.5053224572494949	0.6997202897659299	0.7759493752875232	0.22671505454266286	0.7582842827366804	0.9208277802196353	0.22436131391470449	0.7562833625792743	0.9157449472903733
cg24778081	11	506932.0	-0.05700732204948601	0.026102869231231566	0.029285790153455334	0.02430305620709076	0.019260707426259304	0.026752096242022613	0.03713237954489373	-0.001399429066199154	-0.06291866496107644	0.026206172074654564	0.0166070367878264	0.02442702091062008	0.010199672953141024	0.026508190691331174	0.020782599979271222	-0.001551928161187193	-0.0874074318332681	0.02321081681825676	0.0001811368707150646	0.023806573493745112	0.00026097034342987754	0.025171401592860007	0.0009539607061908922	-0.0021095061298712844	-0.004175844183824918	0.0011088159187743285	0.00018097148454349543	0.001137181963898285	0.0002604392741596079	0.0012014297381033874	0.0009444100184224321	-0.00010078206736269941	0.6131369605713309	0.640896192548428	0.6913587743193857	0.7281935128392492	0.8712142145333529	0.8693234646491003	0.263676668008756	0.7582842827366804	0.9504452336097909	0.26228713162675743	0.7562833625792743	0.9514528791080519
cg19784428	19	16719935.0	-0.1305721921892372	0.02867437348972888	6.1839546472400685e-06	0.029759928602284443	1.3167400096891239e-05	0.028652182116878967	2.5443227421349903e-05	-0.01666525984260622	-0.11472594204486716	0.02784260038431945	4.219638355717244e-05	0.02941643731479176	0.00010516628711783042	0.02844432762072843	0.00015542546593265137	-0.0148542995484814	-0.11385268156102502	0.027802945225481414	4.7571088256588435e-05	0.03102370383421231	0.00026268221286600263	0.030238623682172585	0.0003766823475120955	-0.014999017800713733	-0.0054325978600898075	0.0013295562603862464	4.9397234836330816e-05	0.0014850662986427756	0.00027471915109272685	0.0014466777016416844	0.0003889847004498656	-0.0007161706983688889	0.04391508270129433	0.08075666232454434	0.10509169311526816	0.25397810294800055	0.5189199755054316	0.4948152681488523	0.16318616794717486	0.7582842827366804	0.7850707771778709	0.16662634090628747	0.7562833625792743	0.7958772197422671
cg22755296	11	43897275.0	-0.10161875969304913	0.028122069839726083	0.0003229783158386182	0.029003788240960785	0.0004871212409429249	0.02495122240481573	0.00013615445978315768	-0.0023883336477307296	-0.10423154784163223	0.02821304639039725	0.00023706881127752766	0.029295851600239238	0.00039834860961412153	0.02501462106653153	9.895133486209271e-05	-0.002459267124936186	-0.10546818438119096	0.026574076024040848	8.030979842039193e-05	0.028742255523362844	0.0002630991965464001	0.026603539674483586	0.00019568239690013296	-0.0024029215587075027	-0.005041557456936555	0.0012694571309938472	7.946197395920271e-05	0.0013727048126850486	0.0002598216078422717	0.00127230791480594	0.0001969317880667623	-0.00011485947781445221	0.19698198920117252	0.2849398804517341	0.18371003564801971	0.3676682936220363	0.6711027688105078	0.40871243040288235	0.19465892894611683	0.7582842827366804	0.7168743668516236	0.19135892213238864	0.7562833625792743	0.71449744571004
cg26109510	2	70181327.0	-0.08214966978697776	0.023352031471303315	0.00046212628341553224	0.023958784816067193	0.0006405516542594273	0.021289982681505396	0.00027766032302796976	-0.008200966152777232	-0.08516372271649947	0.022126991070389367	0.0001292125227056788	0.02264634325738381	0.00018327090267476385	0.01956036046952419	5.1956322339052824e-05	-0.008681716387223985	-0.08312437929486302	0.020364065312031346	5.0256394325020046e-05	0.022665811186837186	0.00026517991171396863	0.022269884091714258	0.0004185149586411897	-0.00857126353259572	-0.00398020129217474	0.0009728516801607794	4.831983972050735e-05	0.0010826071114981397	0.00025608286041076795	0.0010642717552136194	0.0004088369804496716	-0.00041036529242800785	0.22084113259308077	0.31480887577930183	0.2417242803292698	0.3310887161779859	0.5556138735200101	0.3576372834512234	0.16575480813078228	0.7582842827366804	0.7959443534764071	0.16436176203013553	0.7562833625792743	0.7966791431325227
cg14094460	4	43898929.0	-0.0955151035043291	0.05376619777611031	0.07607149986271114	0.05407452187825963	0.0777561422689716	0.042627896399249854	0.028699403694179535	-0.01526853690420029	-0.06381167068219057	0.053633372381609506	0.23452683218004478	0.05358576222165595	0.2341117629011196	0.046512682806728614	0.1751130787328035	-0.010528081871029882	-0.053511625418408225	0.013611854295803066	9.361645310365977e-05	0.014598922346328255	0.00026715689282701897	0.015102732492457716	0.0007650142855992859	-0.008603943669777799	-0.0025552537024197772	0.0006502765608796778	9.42896425585477e-05	0.0006965304012844569	0.0002640090727734679	0.0007213055702024366	0.000766541640293905	-0.00041072208958757074	0.7199063389533513	0.786458409721217	0.662688306177477	0.8870353572799246	0.9398300704074859	0.9292838783040615	0.2048343174954525	0.7582842827366804	0.9028127625881509	0.2051980880848205	0.7562833625792743	0.8973002611650496
cg17085710	7	99245211.0	-0.10051353205429704	0.023672270537415708	2.4588285364782483e-05	0.027173616841718935	0.0002328723915843209	0.034898270031660454	0.005476269877479265	-0.01326778072662832	-0.09306870917000556	0.0236435121368815	9.076443196843121e-05	0.026754079330124136	0.0005342131436148298	0.0344502226124988	0.008924091641263699	-0.012414382895978114	-0.09896147391368205	0.023553122649981	3.022358814849309e-05	0.027040391631990644	0.000273030699710462	0.03312526180270385	0.004047474726238634	-0.013105632987015382	-0.00473418876262708	0.0011252576070696805	2.9507116034684032e-05	0.001292885706753378	0.00027099457268518653	0.0015837590714135716	0.004027718935668571	-0.000627048938241173	0.07009098531558274	0.2249674018530712	0.5019109892075215	0.2961243236921875	0.6831745832922227	0.8467010775793248	0.12743744459907788	0.7582842827366804	0.9999560135595468	0.12466534413628089	0.7562833625792743	0.9999316749064227
cg07033253	7	76279376.0	-0.07182934558395614	0.019682114365221593	0.00028164057922027075	0.020701925162257214	0.000551869170234261	0.0212494946728387	0.001267552500650859	-0.008583894194348211	-0.07109119630648612	0.01794519507814404	8.186605169491134e-05	0.019297541433623486	0.00024686059872606943	0.01953822415081406	0.0005657805582390449	-0.008585218612766024	-0.07240680510732182	0.0177247721996707	4.959686152850211e-05	0.019793178600678144	0.00027470035418242596	0.019713709301913268	0.0005070147726466157	-0.008788693198746334	-0.00345329373159254	0.0008467747249456161	5.105122297574562e-05	0.0009461116285628717	0.0002834185185501306	0.0009426984482822948	0.0005230184201801406	-0.0004193467319078131	0.1883400292286657	0.2977215084476244	0.36992336256017067	0.2925289478900569	0.5702761030898944	0.6398553132680356	0.16575480813078228	0.7582842827366804	0.8218047660305101	0.16665054185315514	0.7562833625792743	0.8241313741191877
cg03183936	5	134224937.0	-0.1273369180690273	0.043887747466514665	0.003827289149491522	0.04532716252575483	0.005098881969218151	0.04260984818515095	0.00403658179981475	-0.014067240872495565	-0.13434540831140163	0.04434441324273114	0.002536490260822707	0.04674622133897331	0.004173442680073065	0.044213050739131746	0.003496680718734007	-0.014620958789517247	-0.16576849010660138	0.043666575621878624	0.0001607223809869088	0.04532986011571959	0.00027599601314627485	0.04407853591115917	0.0003820786522755169	-0.017757523601390327	-0.00793994043712863	0.0020858983011487744	0.00015434724498971283	0.0021658633445252773	0.00026664940773111313	0.002104360432316758	0.0003670923687517449	-0.0008503616236168357	0.3977532297767203	0.5054013215676193	0.47428570291380806	0.5955876100879599	0.8394414853781444	0.8237939144125507	0.2571450100514779	0.7582842827366804	0.7850707771778709	0.2479251621772656	0.7562833625792743	0.7779725146619767
cg04254595	4	184456020.0	0.07091812272350578	0.034475091108551306	0.040035451864227745	0.0331206251215909	0.03259010469333085	0.033084168952460594	0.036063346783172266	0.0017980786655423867	0.0725802655184285	0.03442958965852858	0.03536922295335383	0.03311589244769743	0.02872038595149547	0.033256414450176304	0.03293701294678055	0.001792961751825469	0.12430645034763868	0.03313637673881631	0.00019166338475365606	0.0340044703121227	0.00027741924032856835	0.0336677340975104	0.0004766957235152119	0.0031432582604964086	0.0059274225541196095	0.0015830555055136746	0.00019701998714134026	0.0016262127503818607	0.00028893918802327245	0.0016099286545413212	0.0004928041434523564	0.00014985439826399269	0.6473824251135234	0.7004832688158322	0.6874344692779294	0.7734244597659459	0.9022389280298792	0.8869810588221004	0.26569205435184645	0.7582842827366804	0.8170384432263235	0.27218546571683666	0.7562833625792743	0.8241313741191877
cg17716661	17	77924459.0	-0.07630860750403179	0.021497082396133193	0.0004105269094085768	0.022173653942928803	0.0006118701362337606	0.020590375800511974	0.0004559060098023397	-0.004437993284129971	-0.08821608071080095	0.020738626482477207	2.380113801931556e-05	0.02177004103869854	5.626300768836176e-05	0.021825770093445086	0.00015106131535474985	-0.005581625256661005	-0.07490297102769994	0.018224562342761944	4.465490933463863e-05	0.020507062378883726	0.0002806643232858671	0.02048304660727947	0.000533777229211188	-0.004923673865914385	-0.0035797388448742464	0.0008706803675612091	4.438696526175876e-05	0.0009803182570449639	0.0002816688295096577	0.0009792309922145022	0.0005357654111607134	-0.00023536053943405222	0.21231905866752657	0.31146050002482073	0.2813600750175386	0.20944121849723066	0.40004022341614087	0.4852940667717596	0.16080406400032585	0.7582842827366804	0.8278312190490128	0.15944066816249322	0.7562833625792743	0.8269663261984604
cg21055528	6	31581854.0	0.11621260832023494	0.039295614711562066	0.003203373222362898	0.03885929020320931	0.0028786135544114945	0.036628633618323615	0.0023653619923582553	0.014471626239034512	0.09593241940487396	0.03780781195104563	0.01137874541756636	0.03771595613442228	0.011181226039397132	0.036200590434301065	0.010236937978558118	0.012216374244287608	0.08587843278062623	0.021773191150461012	8.880252827598324e-05	0.023522926362468288	0.0002824966162324695	0.02237094618016827	0.0002962572371883846	0.010928953123969014	0.004094303204525408	0.0010401890230413281	9.178419868884443e-05	0.0011234556763583354	0.0002895352775644255	0.001068139677447404	0.00030185914706283605	0.0005210049856809908	0.3785657902756346	0.44844858994313447	0.42738857971789185	0.7090065849767057	0.8712142145333529	0.849394644459085	0.20081426705663308	0.7582842827366804	0.7630718135971118	0.2033749171678494	0.7562833625792743	0.7625269688073317
cg11841231	2	204678586.0	-0.08522705753500465	0.02567073494083455	0.0009451872332741613	0.0283737076236493	0.002758702312555526	0.027251583979900035	0.0027022133975044375	-0.006128255775121411	-0.09590665744834737	0.025421299870678475	0.00017477278824242008	0.028568506734816364	0.0008291067772262834	0.027779189967957273	0.0010150681912558782	-0.00701877740485605	-0.08870199125870656	0.021945775162568924	5.940766942595697e-05	0.024307635547497427	0.0002843326929790716	0.027743941320470113	0.0022004292003943524	-0.006689573651221984	-0.004227577195792742	0.0010484465526569822	6.183626985490697e-05	0.001160748156786439	0.0002920481661353667	0.0013254927201952983	0.0022513751615447484	-0.0003185938697021866	0.27390289758683484	0.4449376366973471	0.43699961873033905	0.335656938932439	0.7095480377215632	0.7009071488235528	0.18301913100410602	0.7582842827366804	0.9999560135595468	0.18463878060052252	0.7562833625792743	0.9999316749064227
cg16204414	3	10283810.0	0.08798727345258181	0.03275218047838394	0.007386831143971235	0.033200198280275	0.008219752280362817	0.03354323658933502	0.010991018791963274	0.006434848621722347	0.11286068699349953	0.032339574384284905	0.0005126963817869139	0.033288982362658356	0.0007361600979709592	0.03302691594611145	0.0011316810167202214	0.00841014218889579	0.12197485140809124	0.030666480928429184	7.751902314591474e-05	0.03344189463982714	0.0002862626881726574	0.0296793003369244	0.00012012415687785452	0.00918115364420172	0.005824874174299915	0.0014649415540590087	7.792811929706356e-05	0.0015978599819461083	0.0002883918067279442	0.0014190863670926707	0.00012221508268445803	0.00043871916045071165	0.46285815339784964	0.5592065249577313	0.5681238104542549	0.45782603081251955	0.6997202897659299	0.7146415553682705	0.19353855960023253	0.7582842827366804	0.5890654034743015	0.19135892213238864	0.7562833625792743	0.5960311784850961
cg08443357	20	1329356.0	-0.08582850244427406	0.019754388100876888	1.593092679273236e-05	0.019794052507396857	1.6558146259469494e-05	0.016158064036401267	1.6136249514738746e-06	-0.009505330600386379	-0.07225081771610724	0.019074339676873865	0.00016464101350072163	0.019497050776145143	0.0002269465662475906	0.017208942455641422	8.882280326411328e-05	-0.008157135939944046	-0.07491479779681093	0.01853977598583988	5.968265785011227e-05	0.02054028044709938	0.00028642933438970374	0.018866879214234446	0.00019164430889432433	-0.008446199869574128	-0.003575032427419939	0.0008859462057516197	6.106033513527931e-05	0.0009821934660607123	0.0002945807323498718	0.0009024745843718514	0.00019769534273802132	-0.0004032233657420726	0.06417862371385692	0.08568582325921917	0.03628710826291385	0.3352968820688399	0.5702761030898944	0.39705172750179496	0.18301913100410602	0.7582842827366804	0.711691360432764	0.18463878060052252	0.7562833625792743	0.71449744571004
cg12260643	19	35944767.0	0.09853400432682136	0.03662086771289878	0.007295488057500981	0.036583324377907636	0.007235938683139742	0.03562766942293531	0.007505844454776206	0.0026000129552828342	0.1015909159064799	0.03695700206302527	0.006129498308128256	0.03639625779198076	0.005389639562651452	0.036417399343095375	0.007031180661896763	0.002534413283777655	0.1281318797351874	0.034114347523872865	0.0001882553295334302	0.035132038336813415	0.00028649712568480076	0.03372917753198177	0.00033760032966838484	0.0033028798454772194	0.006131388127334177	0.0016295317771510937	0.0001833754338753662	0.0016780991813871635	0.00027935547349014934	0.0016135735946770247	0.00033646125842899335	0.0001580721404585829	0.4606464550073445	0.5454106792991067	0.5293097972016859	0.6608605074390176	0.8573191498176632	0.8424523148494593	0.263676668008756	0.7582842827366804	0.7630718135971118	0.26228713162675743	0.7562833625792743	0.7625269688073317
cg18860787	1	2391539.0	-0.15606141585459582	0.05544332268113767	0.0050132694518807705	0.05342366613703709	0.003595147398166675	0.051778219051559535	0.003752012330366347	-0.0011255263419769409	-0.1610706216667722	0.055815489992941	0.004021392945470579	0.05378217401851248	0.0028397717427456797	0.0504300112327191	0.002221539646983448	-0.0011713477105990662	-0.20782843972559348	0.055647585140068095	0.00020449666449000832	0.05698582121718782	0.00028664097923325113	0.05457046176629594	0.0003272012932210183	-0.0014589903578095887	-0.009908536064176972	0.002658505417529292	0.00021063992506332871	0.002722279462074074	0.00029463857705870226	0.002608084744308024	0.0003372508121582485	-6.954389592673846e-05	0.42237742649388216	0.4692624249559494	0.46991052200578	0.6354909225331539	0.8255348335364942	0.7922832448677541	0.2777744071887887	0.7582842827366804	0.7630718135971118	0.2823293403540046	0.7562833625792743	0.7625269688073317
cg04571984	1	39527814.0	0.03559172613534242	0.016225167461137797	0.02858006727508414	0.016221679169191698	0.028545998136575317	0.016662180007246334	0.036694426230391375	0.0020352646511511384	0.041994900356005116	0.016324751712040033	0.010296906096551747	0.016495071616434476	0.011106731041974642	0.016946730439304954	0.015993614571715848	0.002364172803738084	0.0534238765535069	0.013708553122793803	0.00010748516379724446	0.014653476061266095	0.0002879594383129956	0.014773313457612059	0.0006074100806220383	0.003064041291029629	0.0025511381486183395	0.0006548815131707932	0.000108158046536403	0.000700474014702275	0.0002921563045268739	0.0007058888406465271	0.0006115942414863668	0.00014633975822751018	0.6106479478390279	0.6859156336054474	0.690184637788535	0.6974033554069521	0.8712142145333529	0.8615909685990398	0.22132670470134053	0.7582842827366804	0.8566873681687475	0.21873079948258525	0.7562833625792743	0.850731793304385
cg10457895	3	158110501.0	0.18392900191773134	0.05265985397271468	0.0005070267376382273	0.05879290233066076	0.0018278419342966355	0.06019208066561284	0.0033284553413247264	0.0015278603324873922	0.19110102758761857	0.05330058545784399	0.0003593620888656029	0.05869910055889268	0.0011844743304694593	0.06193323531430276	0.003052502058494	0.0016652850009119056	0.21805785309692965	0.05392273115746338	5.890950043527074e-05	0.05981836391173654	0.0002884898316911747	0.057543417999517114	0.0003480853741918914	0.001888274987551781	0.010433663252751017	0.002575886921847309	5.7308008036412574e-05	0.0028566291123036016	0.00028077815190992255	0.0027489306358081146	0.00034125786387949016	9.041102862249303e-05	0.22862199140345119	0.40152184247318784	0.4600661506725726	0.41875933367973844	0.723123937957146	0.8178539477187361	0.18301913100410602	0.7582842827366804	0.7630718135971118	0.17982408850390072	0.7562833625792743	0.7625269688073317
cg01017257	1	14733242.0	-0.12481063252899866	0.02926867260217811	2.2706331995396597e-05	0.030004352495949214	3.5677720824967204e-05	0.029916685832738772	9.724025393735027e-05	-0.019649361773002097	-0.0886371849886609	0.025036970655401412	0.00042545839736130416	0.025977231044434477	0.0006806468720906554	0.026259715907247017	0.0012866090293862133	-0.014053694224717854	-0.10074724330406391	0.02550931625457174	8.693958816607254e-05	0.0276584506640445	0.0002915657180474583	0.02645124677068237	0.0003268301430643881	-0.01597230238794408	-0.004805957658191729	0.0012186637417673403	8.901953096871803e-05	0.001320778896625439	0.00029583363927500924	0.0012634054020388055	0.0003320064722681779	-0.0007620063032431286	0.06864306226710576	0.11032699765940257	0.16828732216807188	0.44721852457245853	0.6997202897659299	0.7288112796553561	0.198822979189985	0.7582929036622101	0.7630718135971118	0.2013049877324614	0.7562833625792743	0.7625269688073317
cg14478475	9	37905116.0	0.08537276185749666	0.027996900887579352	0.0023767416951687207	0.02873866872317768	0.0030698318536704853	0.030098400719379866	0.006182478513003826	0.004634489254108157	0.08872871884255523	0.028246912436949247	0.0017515494116051701	0.02925765074800478	0.002511099711231579	0.029600707499785467	0.003933398540722471	0.004731382644710153	0.11079395283107096	0.028469622375017052	0.00010987859858345659	0.03042167043559087	0.00029223977531493364	0.02975154666127803	0.0004303149363514119	0.005825913821768025	0.005290040533969384	0.001360033382757737	0.00011077373472160404	0.0014548175004949046	0.00029866770523452244	0.001423712912808048	0.00044198998019392863	0.0002783154730841281	0.34876873254262736	0.45356272625052213	0.5133804060571965	0.5649381876316937	0.8158429117012842	0.8250227633225801	0.22294745769792138	0.7582929036622101	0.8026920317102929	0.22088337271830072	0.7562833625792743	0.8111412540488049
cg25733708	19	53889966.0	0.08069918155037452	0.02052495273665544	9.241324127947407e-05	0.0209841468139358	0.00013076913851609267	0.019997605233072206	0.00015433788221922115	0.0055688774944413644	0.07991274105206797	0.020130982101521137	7.920101025004445e-05	0.020828649362192326	0.00013565686904620095	0.020948941528141956	0.0003206465446108656	0.0057086021203015275	0.0779161753766601	0.019665098824624645	8.253637362300375e-05	0.021405187734250767	0.0002943399461780412	0.02140850095955812	0.0005641124297490997	0.005690545891704434	0.0037243543312027163	0.0009394789782684785	8.182332513028505e-05	0.0010224233176047226	0.0002914267912987152	0.0010230579754710821	0.0005624673983748899	0.0002720923890194533	0.12105925257226328	0.18884056926842968	0.1928189845010586	0.2925289478900569	0.5388731217446908	0.5938551957408924	0.19474731000746373	0.7588777479858985	0.8360103326260463	0.192562157071001	0.7562833625792743	0.8371657000803727
cg15089567	7	1917681.0	-0.06413797381145696	0.019357255792157323	0.0009675261121118095	0.01949009415517368	0.0010473839553736424	0.019082904487958276	0.0013443889475334236	-0.0076525026781947125	-0.06585850936002341	0.018269359148906907	0.0003338523780611918	0.018841133382909183	0.0005022321920623683	0.017876351337968263	0.000489150447314326	-0.007865349627578034	-0.06896590448595337	0.01727231625659197	7.27666543329321e-05	0.018970973650979207	0.00029967375110972826	0.016717786825134265	0.00011396015034869314	-0.00815572034188209	-0.0032953200702653764	0.0008254280464899122	7.294717639720596e-05	0.000906354748210579	0.0002991537968615017	0.0007972295484696733	0.00011084557042007211	-0.0003896301171660635	0.27540896255042385	0.3511283819875578	0.3728434374530069	0.410753091637518	0.6794304623686471	0.6262520211733962	0.19353855960023253	0.7644503545099518	0.5766141442324382	0.19135892213238864	0.7562833625792743	0.5679544624221272
cg08389151	19	58350721.0	0.10124852902141353	0.029749452312179236	0.0007021704697914607	0.031043995638018115	0.0011602941557589108	0.0293354779822701	0.0010184106727056282	0.012818937189324232	0.10022618201119028	0.029733016512657015	0.000789298611445642	0.0314157004959811	0.0014827956033923312	0.029189819900640263	0.0010760104241914145	0.012681992279228739	0.11564069860647254	0.028468860891791896	5.462447702930886e-05	0.031829994584045423	0.00030226419877381187	0.030723081613175617	0.0003781176169320523	0.014036224654280224	0.005531488247498493	0.0013599492034296918	5.3401682642588655e-05	0.001522394134871074	0.0003018729706817798	0.0014708818421585276	0.00038219246868563506	0.0006714836887903429	0.25145045777997327	0.36220440913907964	0.3455451193041092	0.49843160660967445	0.7510017267708389	0.7070628693757685	0.17548460067741847	0.7644503545099518	0.7850707771778709	0.17155629607234096	0.7562833625792743	0.7933590464203971
cg18215449	12	65695693.0	-0.0791227071656205	0.020649882828013503	0.00013833314038839083	0.02196185076369847	0.00033639585681103176	0.02676075706348695	0.004417678149800256	-0.013164218528081244	-0.07505589906728592	0.01963160366031077	0.00014312423596954708	0.021063044448856767	0.00039023609173828355	0.026789161915181447	0.006802162580558033	-0.012443403093044956	-0.07985345618523818	0.02027775093207308	9.108896544945718e-05	0.02198676069740537	0.00030362778580139823	0.025136053845880767	0.0023367444348286444	-0.013242536277052103	-0.0038161896316042695	0.0009700675098540201	9.259844111028431e-05	0.0010529683189577387	0.00031259145772183285	0.0012030353472647652	0.0023694936574856808	-0.0006329577216060322	0.14774380888082853	0.2494347943409389	0.483284694762626	0.3352968820688399	0.6711027688105078	0.8424523148494593	0.20258936649191	0.7644503545099518	0.9999560135595468	0.2033749171678494	0.7562833625792743	0.9999316749064227
cg13942826	12	10850010.0	-0.11033477749394019	0.025291810619325384	1.4725772235545154e-05	0.02722595552060178	5.613416534718208e-05	0.023647587043800156	1.7274980608160463e-05	-0.011471814439857323	-0.10359420686315361	0.025499399445999646	5.3859168652459464e-05	0.027419125649291203	0.0001710427988000806	0.02527506818154501	0.00012471884790168076	-0.011044544482181087	-0.1035559314286505	0.02650969309428485	0.0001035575892609806	0.028515883943467914	0.00030405552376483756	0.026261117275030804	0.00020991616507805665	-0.011237148325726238	-0.004939457842248048	0.0012672499833941099	0.00010720075977774555	0.0013630238891157926	0.00031297564808243077	0.0012549919335918436	0.00021518371955004086	-0.0005363843575836025	0.06409400282602876	0.1311281052065356	0.09375383830821095	0.25960984175282353	0.5556138735200101	0.45870415839038253	0.21719353188511661	0.7644503545099518	0.7335639821568063	0.21873079948258525	0.7562833625792743	0.7415012663191807
cg05810848	16	57971108.0	-0.047041216031241055	0.013477601777647303	0.0005116185305463043	0.013417316480865952	0.0004828760039245835	0.014345323367627885	0.001722399534878899	-0.007233974112770353	-0.04200533347513972	0.013371456053208561	0.0017501628255175551	0.01350317945281858	0.001939644163590927	0.014508400012080362	0.0052509370755610615	-0.00646546482392704	-0.048492316760597454	0.012631014524927302	0.00013559086753670244	0.013361086784249026	0.0003065456676783173	0.013500496992657186	0.0006561353223066634	-0.00742449513441643	-0.002319705085401126	0.0006034884744832993	0.00013308659831433016	0.0006388557079011738	0.0003046173902410575	0.0006452607259179118	0.0006497365469461223	-0.0003551677624552276	0.22905217552592125	0.28414255860389037	0.3951132242263932	0.5649381876316937	0.7887565349398284	0.8326897594526024	0.23124892048088147	0.7659535493816809	0.8841943631929055	0.2325532420520788	0.7562833625792743	0.8766743622749741
cg05650911	11	63817741.0	-0.05661382834957504	0.013274762658637222	2.266040524654169e-05	0.014528922024306576	0.00010657135024932324	0.014589362456414673	0.00025838465567980343	-0.00966248443595109	-0.037370895855940854	0.011330784959288848	0.0010209904727666792	0.012306208381679725	0.002477756272359089	0.0123123995616184	0.0035307089090462675	-0.006366840918848758	-0.039998945918988726	0.009735053383361204	4.489037146331941e-05	0.011027082838164315	0.0003089187967016223	0.012304285605494448	0.001875506462293514	-0.006809264695049583	-0.001914541599526131	0.00046502609482318934	4.33429147399969e-05	0.000527216554584629	0.00030417500200717254	0.0005884678253371449	0.0018608538514319716	-0.00032592517776182134	0.06864306226710576	0.17678013442343107	0.23770390018190427	0.5159545399973966	0.8143009462248806	0.8237939144125507	0.16080406400032585	0.7670954690648824	0.9999560135595468	0.15884260634509276	0.7562833625792743	0.9999316749064227
cg23993511	5	175698470.0	-0.05580700970083939	0.02413688870443227	0.02105124291256134	0.023005921292847228	0.015519116712445642	0.021292300731456732	0.011052071384977132	-0.0025209165912788677	-0.081004219182844	0.023021580241407276	0.00046105256769764295	0.022099374322631718	0.0002650524077753998	0.02208084198469697	0.0005141821882901477	-0.0038705002659192482	-0.08446002066033609	0.02253162820266636	0.00019380673537805173	0.023296712249584395	0.0003111907903402347	0.022414373338824487	0.0003730618994964634	-0.004101841481083609	-0.0040276898850750845	0.0010764303817220819	0.00019901260426716987	0.001112668730682343	0.00031781599077223557	0.0010694028304421095	0.0003752714842287535	-0.00019567271068952202	0.5720874089500605	0.6187099657929519	0.5690074640399403	0.453748264263174	0.589498399871152	0.6308551232038334	0.26774632002230003	0.7670954690648824	0.7850707771778709	0.27307430167145025	0.7562833625792743	0.7876968847438065
cg03295542	8	88764990.0	-0.06970574683892503	0.026857145642701453	0.009638492705642756	0.028115595061506578	0.013391955021538459	0.028432994672941275	0.017102307949812122	-0.009701117502603123	-0.085959415395507	0.023097624076066452	0.00021342420548910095	0.02483950596150218	0.000570771547209745	0.021525364060093775	0.00017767087088334693	-0.012162538179671828	-0.08938900993537444	0.022505913272007624	7.934055115685565e-05	0.024664893044037756	0.0003126879152427488	0.02576950605393214	0.0009649801111168564	-0.012706977828723669	-0.004267618263090192	0.001075295641520528	8.03266843085258e-05	0.0011781833819657498	0.000314992401880283	0.001230447451746706	0.00096630943773907	-0.0006066697698351595	0.489222032237786	0.6054617183179944	0.6089426789072262	0.3606906845164433	0.6875814646099725	0.49649630768414976	0.19353855960023253	0.7670954690648824	0.9504452336097909	0.19135892213238864	0.7562833625792743	0.9514528791080519
cg18649854	22	44314011.0	-0.07168882104552382	0.01884481717723078	0.0001542767321694932	0.02052574765900149	0.0005072987263567985	0.018938160864393667	0.00035268136872159355	-0.006245340357541353	-0.07190323488490502	0.018089980038569587	7.755383733732253e-05	0.019505422264686358	0.00024461710365960285	0.016554777585943918	5.3895233472069306e-05	-0.006364092838545111	-0.0666102515759478	0.01681246788627467	8.260380067342002e-05	0.018390103261079378	0.00031514939286769506	0.017054307323617516	0.0002377085557477835	-0.005853953220961333	-0.00317978303244868	0.0008032817935357784	8.378239165998627e-05	0.0008786059970739329	0.00031868801695474265	0.0008137163828635263	0.0002361772007471907	-0.00027962879740631304	0.15275812291943203	0.290022926670574	0.2625124412059607	0.2925289478900569	0.5702761030898944	0.3576372834512234	0.19474731000746373	0.7684766065853266	0.7369441034300529	0.19319836944825877	0.7562833625792743	0.7415012663191807
cg02610360	11	120326812.0	0.09190908382660645	0.02655271796548324	0.0005689068653079545	0.02738339026499638	0.0008308721535051058	0.0265192924353499	0.0009741436166077435	0.015406612500451054	0.10871743634200515	0.025440644932342348	2.1842418191712608e-05	0.026930416963074466	5.994778504589405e-05	0.028201745602411985	0.00028097701837980085	0.01812256270820095	0.1032458683541052	0.025905729583936055	7.501962795586384e-05	0.02851980177674522	0.00031745462119423836	0.029372332801100152	0.0008354262059926047	0.01713959243896295	0.004935705536742248	0.001237574896658548	7.417245737671056e-05	0.0013623591136882615	0.0003141474945427672	0.0014023036949764053	0.0008233905212571814	0.0008193944479828567	0.23304365808219266	0.32814974063843916	0.34315675160179504	0.2094373860798021	0.40443073790386885	0.5744177799536915	0.19353855960023253	0.7694624786279484	0.931587674766679	0.19135892213238864	0.7562833625792743	0.9181666263527428
cg18809947	6	32186677.0	0.0463647525468428	0.016694193679301993	0.005622877240173175	0.016912675996367973	0.006268157785825932	0.015447624798421749	0.003889888612356685	0.0036353704559910632	0.04294361078054137	0.016512359997083503	0.009494430390169077	0.016709730551643057	0.010370568869263774	0.014926666548457304	0.0055255177107693875	0.0033161216665945435	0.057202486862505265	0.014781015179337904	0.00011986888921277759	0.01581384813330778	0.00032096755416101137	0.014384895580478636	0.00018793739269582765	0.004391158015174361	0.0027340121784938244	0.0007061015773984391	0.0001189190546502213	0.0007557585869825739	0.00032056295016822257	0.0006871000242442365	0.0001863812806471852	0.0002098597391143941	0.43257743486937295	0.5300279325297635	0.4716381641264704	0.686848017709533	0.8712142145333529	0.8326897594526024	0.2255672927596425	0.7733464849759325	0.7109706694167777	0.22436131391470449	0.7562833625792743	0.7117356030585809
cg23587980	12	52301784.0	-0.11363204588466685	0.027847476168883053	4.9925119632883665e-05	0.030031042273229277	0.00016719009916499504	0.030779921686345253	0.00047730041281792514	-0.018340828356546456	-0.11213743128218537	0.027842638161824137	6.234790443218559e-05	0.02995290055531841	0.00019572554080288826	0.029585010159077035	0.0003470708186580285	-0.01808855128809916	-0.11293143325957372	0.028104124227687193	6.550587829099176e-05	0.031247761823514242	0.0003248471258678288	0.03394510281786795	0.001491424752369771	-0.018301767027750597	-0.005395439553894876	0.0013425855802561505	6.540542199296289e-05	0.0014935007897898054	0.0003266360124702833	0.0016205028469472357	0.00147970933398527	-0.000874426568155935	0.09427783970696695	0.20684653899009245	0.2853094898842206	0.2684826787209934	0.5610821468259477	0.5985283726155515	0.18622702215417686	0.775860985036108	0.9999560135595468	0.18738910640163844	0.7562833625792743	0.9999316749064227
cg23200371	12	55973896.0	-0.04655766952763776	0.030135253183713413	0.12279303562951954	0.02797740642330266	0.09652122082311645	0.02641790453239617	0.08301938786342004	-0.0015813726016771245	-0.05656432810883414	0.03040736016252917	0.06326219517712017	0.028047723333480167	0.04409578860800571	0.027199544493347876	0.04177191610191609	-0.001805816259025682	-0.09838352688088758	0.026559486222624034	0.00023011469502268858	0.027228511230365026	0.00032584463145966694	0.028379065786328202	0.000971066163240402	-0.0029578582837871234	-0.004708989822010106	0.0012687327045569118	0.00022371335382721742	0.0013021643462999418	0.00032213701944390613	0.001358535797002304	0.0009726937558643729	-0.00014140321717287144	0.7728664104741637	0.8063379165073287	0.7736236555183177	0.8053216463564572	0.9089493664794194	0.8932971499708707	0.3012612326148209	0.775860985036108	0.9504452336097909	0.2921140725878792	0.7562833625792743	0.9514528791080519
cg13199639	6	33392718.0	-0.10008661653740827	0.028358987037616332	0.0004430035364140715	0.028838630474529416	0.0005500925856002735	0.02973444741248098	0.0013240439331043405	-0.004861125294464501	-0.09017253615125785	0.027244621160577964	0.0009803440761088117	0.02814766919841992	0.0014172378611018827	0.029037372004825927	0.0028816837051333644	-0.004351289259114807	-0.09719630850639671	0.026250795143214843	0.00023160008570739842	0.026934162977345587	0.00033154820857048595	0.02668142775495462	0.0005581266574022952	-0.004816502068400235	-0.004644648974535154	0.0012541537488686082	0.00023087836685327961	0.0012865031977763689	0.00032951666139050207	0.001275820345436743	0.0005622777696900061	-0.00023009364657721528	0.21709479477033547	0.2977215084476244	0.3721303364487313	0.51373403717872	0.7447012718268113	0.8163415783783448	0.3014397990125333	0.7789448690574898	0.8360103326260463	0.2985803130031025	0.7562833625792743	0.8371657000803727
cg22069247	2	231528545.0	0.06141458340074174	0.02379638893072244	0.010051550312010934	0.024857488655917494	0.013715062025958322	0.02242444163010833	0.008074122047788084	0.007715730595992797	0.06150512444780799	0.023468509788035715	0.008958698074535114	0.024219292291553104	0.011310020264303063	0.022739262783317303	0.008846511877245536	0.0076077347794566465	0.07836949459071535	0.02032126559289783	0.00012650934600378586	0.021731805742861456	0.0003346309934000598	0.022243717221301296	0.000814403428422909	0.009748475353211595	0.0037466170518675557	0.0009707645055885385	0.00012503923473587738	0.001037769419753137	0.00032955383281947854	0.001062231385204675	0.0008045184379799144	0.0004661218427413412	0.4943461334711274	0.6077873274992014	0.5373264472593233	0.6835918509502987	0.8712142145333529	0.8467010775793248	0.22963602064327557	0.7789448690574898	0.9208277802196353	0.22495002912930068	0.7562833625792743	0.912199963251607
cg19223782	11	503807.0	-0.06695241865840848	0.017391780243263464	0.0001287265028600209	0.01777981589433647	0.0001795823299697766	0.018161638007935087	0.00048546110785082047	-0.011491042373924825	-0.038894513123424145	0.010176301940967268	0.00014378032597617662	0.011095495888665298	0.0004841013898713712	0.010353994108450898	0.0003874119574182914	-0.006673839105332165	-0.03752413802587874	0.009339363887898942	6.563483039214036e-05	0.010408048130218162	0.0003357844974510564	0.009669518222693602	0.0002582350836919359	-0.006443759469577808	-0.0017973593181538818	0.0004461592495809952	6.279679891275155e-05	0.0004968916540419793	0.0003210094571368334	0.00046182365220087863	0.00024886844209300323	-0.00030865679749456055	0.14473972224218842	0.21008829020071487	0.28641693233779014	0.3352968820688399	0.6778341116247854	0.6089818891669874	0.18622702215417686	0.7789448690574898	0.7630718135971118	0.18463878060052252	0.7562833625792743	0.7473144210316048
cg23708206	17	81835049.0	-0.07517424025830675	0.022705850367186895	0.0009764038482571544	0.0224833438135318	0.000869636593827685	0.020691888551926923	0.000575849148973897	-0.005811998424147787	-0.06934209695270759	0.022350874151634007	0.0019943863831478905	0.022248314886092385	0.0019013676558870994	0.02113603677212619	0.0017143890373809913	-0.005364376560707547	-0.07088914547403698	0.01921262480873694	0.000243396422598148	0.019664911261974227	0.0003363497166683724	0.020705147433483582	0.0011092139191999717	-0.005528254410187332	-0.003408966401560921	0.0009176948355221033	0.00022101461693595933	0.0009386270577489314	0.00030365495089850213	0.000988944774718185	0.0010321377213188493	-0.0002658740446262839	0.2755889329119916	0.330656780309958	0.2988297253014815	0.5702764657932831	0.7885483917635097	0.7690547419510269	0.3050239446704215	0.7789448690574898	0.9791520853601348	0.28952414138248683	0.7562833625792743	0.956235101380295
cg05348871	11	36375577.0	-0.038048150394068316	0.026509647083606393	0.1516451987707958	0.02728493024467194	0.16360138544275613	0.02661409043069935	0.15792667169239255	-0.006485105164636272	-0.06995880482247432	0.020002086532013078	0.0004983403905450062	0.021253380003350794	0.001044585208832609	0.01627026375643101	6.267868172424183e-05	-0.011887867545180012	-0.08414651581628123	0.020617126443814693	5.0367336079050305e-05	0.023345694993760432	0.00033696574142882545	0.018710274765951565	3.1436196381362874e-05	-0.014332796978873324	-0.00401961666490965	0.0009848927400735047	5.039176690438022e-05	0.0011136708481358617	0.0003307010303706716	0.0008920794101343139	3.05016992507931e-05	-0.0006847586346191899	0.7957427310094802	0.8527708876109259	0.8360606315332226	0.45782603081251955	0.7152483846604266	0.39430645009080284	0.16575480813078228	0.7789448690574898	0.3300473151180389	0.16665054185315514	0.7562833625792743	0.3249097191535206
cg24375085	19	49301368.0	-0.05365653176425993	0.016276553215250962	0.0010264718248378024	0.015960550993794436	0.0008149199898601906	0.013407891515928798	0.00017271741630650814	-0.004058258895575803	-0.04848894087107601	0.015194274483055334	0.0014780342820363954	0.015429519885181004	0.0017431581748675537	0.014072039017738819	0.0010363259809582793	-0.00367298277521757	-0.05265480870447789	0.01359074267438187	0.00011781142072238124	0.01461751800316189	0.00033977164244748583	0.012514959620185548	8.615694640271557e-05	-0.004019610549332729	-0.002510162015193593	0.0006493424754623823	0.00012195142777251804	0.0006978788215263147	0.00034666225899752224	0.000597653373920091	8.83428316792628e-05	-0.00019161542768945198	0.2805525622372182	0.3265997606490867	0.20196267033156906	0.5476255872791208	0.7787301602441881	0.7018133280038732	0.2255672927596425	0.7789448690574898	0.5535693212020701	0.22436131391470449	0.7667922906218254	0.5587449443066724
cg13033858	12	108854550.0	-0.10145255935537356	0.023209334121492207	1.4163846111791013e-05	0.02394277779046313	2.5542069864987948e-05	0.026361914379839427	0.0002870685214722412	-0.01545540172815639	-0.07687987898647793	0.020482525471766086	0.0001884819801392509	0.020487668371335203	0.00018917827285815753	0.023026322593814305	0.001438527852331559	-0.01178864352562117	-0.07684440162653017	0.02054071101172172	0.0001995027872316819	0.021341321866169414	0.000341619961672956	0.02216712567280791	0.0009715819760875349	-0.011882649125545219	-0.0036816659757646438	0.0009814739314727232	0.00019181227740227997	0.001019808052988079	0.00032968314829785224	0.0010590667928808662	0.0009426472143103511	-0.0005694065038987137	0.06290121642427098	0.10143262613915165	0.24377690538437152	0.33926082361830584	0.5556138735200101	0.7395670397022769	0.27264434537190974	0.7789448690574898	0.9504452336097909	0.2675413825855156	0.7562833625792743	0.9514528791080519
cg07434780	4	118278568.0	0.16064062359216502	0.050611826978469714	0.0015672124691460672	0.04896122150390037	0.0010839880188299794	0.052109460061807264	0.0030778011551087755	0.0030405825716923168	0.16240448056359003	0.051050911777742146	0.0015294744465610699	0.04921169399007342	0.001014042288248768	0.05246662144709414	0.0029668922754975545	0.002903015925002975	0.17527889717575829	0.04732672994436194	0.0002307186371724961	0.0486882611411778	0.00034253460914177025	0.04690646078728098	0.00041289916702039664	0.0031647849329025837	0.008399672658247799	0.0022607119818270787	0.00022033716974704897	0.0023258929847200832	0.00032816712566503895	0.002243192788250804	0.0004026973570377073	0.00015175889924021093	0.31282262070449207	0.3553041666214495	0.4495516872141606	0.5527725490199371	0.7152483846604266	0.8163415783783448	0.3012612326148209	0.7789448690574898	0.7942345857180322	0.28952414138248683	0.7562833625792743	0.7966791431325227
cg14175330	9	136057538.0	-0.09237183071703593	0.025801369014562477	0.00036634311570438107	0.026918315473254077	0.0006341510731483849	0.02533198083280368	0.0005517475079604585	-0.013707932130689358	-0.05741244807064283	0.018907607703260654	0.002480013050946014	0.01987907213004915	0.003992246343257996	0.016962342026145768	0.0012505380777644891	-0.008584199385210949	-0.05728268795306399	0.014521612553334498	8.864980192327576e-05	0.015934365597684106	0.00034919144201292826	0.015567670330736572	0.000496289408411578	-0.008552727691836626	-0.0027400183156780426	0.0006936988184854655	8.67844235760271e-05	0.0007611494335301464	0.0003427683446544067	0.0007443047787426641	0.0004935625050714993	-0.00040919250394387313	0.20527849515855665	0.3145754581399788	0.29464117614084206	0.5945383820036434	0.8348808230001029	0.7288112796553561	0.20081426705663308	0.7821538597046932	0.8218047660305101	0.19735314229424145	0.7667922906218254	0.8241313741191877
cg19893929	2	15965701.0	0.09135292990300858	0.02309903722546621	8.410226926274157e-05	0.02440055183975473	0.0001955500406877188	0.024575792971946297	0.0004398224924522033	0.01535397458205217	0.08003822634807461	0.022233696284044317	0.00034022122489582254	0.023697476507701105	0.0007708106692241743	0.025447271677556057	0.0025645389138544495	0.01343278071253606	0.08416889395124766	0.021233918318942932	8.195313689007536e-05	0.023415983355211473	0.00034972934230749876	0.026135494454640713	0.002053203093298598	0.014129942939652598	0.004023501101015389	0.0010144378578861096	8.116937642853401e-05	0.0011190698142303443	0.0003485571012179686	0.001248823278306171	0.002044958593634394	0.0006754402177137706	0.11739023744475974	0.21686392361560788	0.27948613494863456	0.4119761483548107	0.7075080614978887	0.8100358529526835	0.19474731000746373	0.7821538597046932	0.9999560135595468	0.1921402555489549	0.7667934190343096	0.9999316749064227
cg26601310	11	36375573.0	-0.03187254225355936	0.024750530442397736	0.19824323453541437	0.025447598503024717	0.21079981059476913	0.023454802946910436	0.17918433055174335	-0.005380404130781254	-0.06459676822380878	0.017448574120163585	0.00023013718587178234	0.018310129195395684	0.00044541397603146835	0.014503788914124805	3.664451882784663e-05	-0.010946032319321319	-0.06868210712232026	0.017679990484185094	0.00011298102109676886	0.019123271047544216	0.00035364724661234595	0.01626854738389324	8.200190679189064e-05	-0.011660849065733583	-0.003292459745046616	0.0008445186869512633	0.000106835709976379	0.0009136407122986426	0.0003378564034086522	0.0007770164300863365	7.774291969841694e-05	-0.0005589792976366552	0.827121768482323	0.8756327275938119	0.8486117904169953	0.3657004069681857	0.6778045318043078	0.3006726536850952	0.223086812988358	0.7821538597046932	0.5441471776547848	0.21873079948258525	0.7667922906218254	0.5177848715624433
cg26719943	19	3531958.0	0.12024132119402048	0.03906816143601029	0.002164411745825173	0.03783581091293209	0.0015460335481009733	0.04302095817493902	0.006929598952341499	0.0012307743457834995	0.1261331622246689	0.03923382351180673	0.0013631162312818389	0.03795035989904088	0.0009334792316150471	0.042257722165547386	0.004077990459021686	0.001276877629050377	0.1491380626741669	0.03969682007789048	0.0001875398171885281	0.04152843182976422	0.00035407069243022487	0.04611333190556497	0.0019711764443802017	0.0015619707692931944	0.007119929345389752	0.0018963955362121868	0.00018936116372254586	0.001984370939562083	0.0003583904322784304	0.002207197071269925	0.0020210744315738048	7.45868275976566e-05	0.3399755839000198	0.389462410884725	0.5219545687989671	0.5392953466190914	0.7152483846604266	0.8295069990898208	0.263676668008756	0.7821538597046932	0.9999560135595468	0.2670737976832867	0.7795533668185854	0.9999316749064227
cg26562462	4	6927318.0	-0.04280246742163722	0.012039152878043972	0.0004020990892721267	0.012497993444502054	0.0006500062411158648	0.011328818510403568	0.0003610583757839666	-0.00692019212122779	-0.03534235861463687	0.010775262487356932	0.0010882183165454122	0.011089276284531166	0.0014993016977055817	0.010023893426898878	0.0008078208468654683	-0.0057072260673848366	-0.04264089794361523	0.010510061608177275	5.574345597941114e-05	0.011875663390671169	0.0003548921211838225	0.010547119114749608	0.0001505222244000945	-0.006868219218290409	-0.0020440271280412385	0.0005020267758001607	5.248736747928865e-05	0.0005673630161495263	0.0003391213506842531	0.000504192205703298	0.00014497439610206605	-0.00032924584232481573	0.21002687127132458	0.3155169551819074	0.26572780459083883	0.5232338900454596	0.7536660437988486	0.6721529153693292	0.17719485964468393	0.7821538597046932	0.6718147713396163	0.1699679525629512	0.7667922906218254	0.6562598171206996
cg16164062	14	53156807.0	-0.08969441595800876	0.027600109543646906	0.0012082418896111776	0.02816770857258899	0.0015131153047449049	0.034301757444492605	0.011231621755910587	-0.00352174737158132	-0.0989781631231218	0.02757653502132627	0.00035416122027364657	0.02838246921738522	0.0005175538072375806	0.034156665101667476	0.005213956419056984	-0.003992731143281106	-0.10633985622864238	0.025907563368155674	4.5686218036155844e-05	0.029621607587985342	0.0003557872458625674	0.03220689930322301	0.001609155563629459	-0.0041307899901619725	-0.005087434798602532	0.0012375860615964898	4.450976326170253e-05	0.0014142607551178132	0.0003461474463628571	0.0015373348010868139	0.0015731834494192112	-0.0001975547476926829	0.2930375609911636	0.38691854473963816	0.570077686422916	0.41675694361552984	0.6828782340614814	0.8326897594526024	0.1615037593129248	0.7821538597046932	0.9999560135595468	0.15944066816249322	0.7667922906218254	0.9999316749064227
cg26118713	7	148883404.0	-0.049207680516585944	0.021737475148317177	0.02388573871037406	0.02204332032116259	0.02589869186095545	0.019896053702690885	0.016190315066364334	-0.0023276500774774517	-0.0563534552602626	0.02139993151121195	0.008636222748578663	0.0220123975977424	0.010667857977422729	0.01910726787942446	0.004510466971965849	-0.002658559537210142	-0.0663093800325273	0.01725773537411771	0.0001338991795763479	0.0184773423911293	0.0003574716923521201	0.018510598564193733	0.0006764624577708032	-0.003041381467982037	-0.003166597860335427	0.0008244305457367681	0.00013461978119267445	0.000882869451555976	0.0003601348860872998	0.0008850588508038639	0.0006859255360808531	-0.00014521659966323743	0.5875965111922763	0.6738894231392817	0.6043307692072126	0.67935553199816	0.8712142145333529	0.8326897594526024	0.2306387727934163	0.7821538597046932	0.8884340362029418	0.23287093542954848	0.7795533668185854	0.8927684767569646
cg00483891	2	130340434.0	-0.12229446373336827	0.02840460686257069	1.8957601526000934e-05	0.02995739919787112	4.9556063193790585e-05	0.032597610145385744	0.0003935248650885314	-0.011563712050612128	-0.08861805169758193	0.021628354616642677	4.654903958106542e-05	0.022979410351388813	0.00012536666106484075	0.02437148171026342	0.0005701806796567777	-0.0084095913324332	-0.08152114274620684	0.020684990730931885	8.994945876539042e-05	0.022734751984204965	0.0003614377699039677	0.022691274374189097	0.0006546229820379495	-0.007999921192565597	-0.0039043041098106475	0.0009880912171803954	8.625756746918488e-05	0.0010851557731378103	0.00034526071331238134	0.0010818088427365666	0.0006214265281290528	-0.00038322502036022924	0.06434714431805925	0.120840071854049	0.26851509218893854	0.25481520717979755	0.5388731217446908	0.6398553132680356	0.2022778431523946	0.7865799183604181	0.8841943631929055	0.1972632595077913	0.7667922906218254	0.8602915827389807
cg10608615	5	170353743.0	-0.07725015467317028	0.0183313638737484	2.824325616193857e-05	0.019187889129394536	6.271011310718668e-05	0.01773141933416095	5.1454804320284684e-05	-0.012482327078858161	-0.0637947526887304	0.016769783260575325	0.00015437306780886786	0.018236664923617595	0.0004972694724536433	0.016853831104707662	0.00035295451135306807	-0.01025822943460845	-0.06969559285553437	0.016920213996661104	4.297621618493178e-05	0.019452130000395675	0.00036528855377540153	0.01678133535562088	0.00010366566118920575	-0.01127494211111199	-0.0033284614344107747	0.0008086854447762096	4.3557978730098096e-05	0.0009304074780143088	0.0003729126341783739	0.0008019751162558675	0.00010466932690612628	-0.0005385142569421366	0.07521309183551303	0.13574324980677188	0.12698917064563983	0.3352968820688399	0.6794304623686471	0.600294058693399	0.158145833781684	0.7868643658789602	0.5766141442324382	0.15884260634509276	0.779574261419494	0.5635648434047892
cg27001893	8	22249058.0	-0.061110262911681555	0.014609812194185737	3.231858697087224e-05	0.015104358983056105	5.772492783154722e-05	0.013918426746958206	4.571859561788279e-05	-0.0083456837644438	-0.0501756894240969	0.014469931743051228	0.000556369323926203	0.015146548000494895	0.0009702373217418188	0.013037665282397	0.0002870063055636019	-0.00690194611516409	-0.052844558896162096	0.013437389715010314	9.308585262577018e-05	0.01474948806150001	0.00036545630815830834	0.010219737139964194	2.731438420844998e-06	-0.007213636501793193	-0.0025290502047630487	0.0006419486178413505	9.047502273851406e-05	0.0007046324789888419	0.0003568132900544225	0.0004886078261395018	2.6791411677004016e-06	-0.0003452813157276874	0.07892009187952535	0.1311281052065356	0.12521311248495146	0.46214937658562183	0.7152483846604266	0.5752232050438427	0.20478027545335398	0.7868643658789602	0.07370932255366006	0.2033749171678494	0.7795533668185854	0.07229805328568477
cg26618703	7	883325.0	-0.05929276937549801	0.017572794628537287	0.000779901162743254	0.017848146945318055	0.0009383407218538356	0.01828799836418206	0.0019246243394119517	-0.010066738156496856	-0.02680725603339922	0.009971601332178075	0.007346394242225598	0.010444095359149901	0.010467006279539004	0.011176339308873398	0.019532023204250123	-0.004534750728915885	-0.03435882931645349	0.009116666542957048	0.00017902943566689095	0.009599091012067821	0.0003701809432930248	0.011671665952796763	0.004581600922046916	-0.005806362849137171	-0.0016423996420074942	0.0004355617754178472	0.00017765319634664652	0.00045875967619739933	0.0003692051107860138	0.0005577965698743313	0.004573059334380064	-0.0002775694802193585	0.25840626008555384	0.3386903213003073	0.40873830743976286	0.6681622952875064	0.8712142145333529	0.8631678262378047	0.263676668008756	0.791617279787997	0.9999560135595468	0.26228713162675743	0.779574261419494	0.9999316749064227
cg10472711	7	757955.0	-0.12258845100614929	0.025168719521893375	1.3663434514118318e-06	0.02682040958576763	5.713286161394889e-06	0.02864795349387806	6.731593848616958e-05	-0.017626718433547774	-0.0964191410252922	0.023655621306558298	5.09287722880321e-05	0.02529757908665066	0.00015000200769407776	0.02665266680511259	0.0006047642082250683	-0.013751873310785322	-0.09372568083388463	0.023711236614117382	8.575357062624254e-05	0.026192719128670532	0.0003716741001113039	0.026720436256781336	0.0008550517697807111	-0.013532426769104796	-0.004483414464763313	0.0011327912262053428	8.400281885082512e-05	0.0012514871340939023	0.0003659187445867909	0.0012785291461819338	0.0008575737884111745	-0.000647687898253899	0.02212290405171342	0.04818002317224807	0.14239277524494542	0.25960984175282353	0.5556138735200101	0.6398553132680356	0.19734141457725274	0.791617279787997	0.9354335689922852	0.19319836944825877	0.779574261419494	0.9398122492115313
cg03750993	20	25059978.0	0.03106015944612503	0.0163100424853943	0.05725913584526377	0.015322226661585121	0.043014443617923885	0.01564897840060036	0.051668589185090034	0.0024722859270084885	0.03877635617770779	0.01627062762966606	0.017420667865553036	0.015223804571249963	0.011069548380947907	0.015265049994439341	0.013641020516207058	0.0029912823288167833	0.05237518737077693	0.014640883617256519	0.00037305128854766846	0.01465149250486461	0.00037669111472329555	0.014099629654928194	0.00044343747627832036	0.004052235738404089	0.002506604494785976	0.0006994014725018673	0.0003639203194830297	0.0007000779660708941	0.00036868240512164603	0.0006746526491333549	0.0004423675387442547	0.00019393541125252661	0.6870434275706374	0.7281852731826525	0.7261245889701872	0.7303097803895069	0.8712142145333529	0.859328253599608	0.3443288462377548	0.791617279787997	0.8062499102281706	0.33864082455471084	0.779574261419494	0.8111412540488049
cg17825714	6	31728126.0	-0.06612825054111543	0.02014658525778577	0.0010787795389537267	0.019542391895004785	0.000753243971922664	0.01851954430957055	0.0007014869038145173	-0.011261210553398408	-0.03906200554280741	0.011014304669664151	0.00041569780076484097	0.010778841596942361	0.00031054936037203606	0.010003791194785245	0.00023853667373002315	-0.006651368244782928	-0.03976463431423779	0.01087377985588889	0.00027600618963425716	0.011123899466788914	0.0003767350913331652	0.010428903845545871	0.0003224495074427286	-0.006764450942295837	-0.00189808356842834	0.0005194405846043634	0.00027901232947711397	0.0005314633181038003	0.0003813833118009046	0.0004985792896829292	0.0003287605437196343	-0.00032289093810696173	0.2882320911658788	0.32544512082765137	0.3113953987061544	0.44470188603073607	0.6112860958550336	0.5421617924523999	0.31829804404194734	0.791617279787997	0.7630718135971118	0.31724563978296244	0.7836420360441906	0.7625269688073317
cg02810967	4	17811935.0	-0.08330744954125743	0.02293941895850236	0.000301475611699911	0.024813457542499716	0.0008280109534269981	0.02734771517276973	0.003420614379293557	-0.01391449486422475	-0.08537316667155957	0.021114198999216793	5.836335913194709e-05	0.022763010336772565	0.0001906445417100724	0.021276833372732867	0.00016668123222066524	-0.01426415476388699	-0.08304564644045934	0.020665028915874184	6.54154446458634e-05	0.023247440691623232	0.0003802141744076414	0.021939800925498153	0.00035297584992640275	-0.013895238599947372	-0.003976614704847184	0.000987059547769771	6.27360449546906e-05	0.001111744651835511	0.00037362588526539364	0.0010481593700400807	0.0003430765647105109	-0.0006653736836234864	0.19278389025391007	0.32814974063843916	0.46146694092411994	0.25960984175282353	0.5556138735200101	0.49649630768414976	0.18622702215417686	0.791617279787997	0.7681646422621456	0.18463878060052252	0.779574261419494	0.7625269688073317
cg10825530	11	16002162.0	0.05942170269348703	0.026338780306128042	0.02436444845168442	0.0276505929099832	0.03196316338193256	0.027533066971457857	0.034857887604367026	0.009978202719757882	0.08951733656723106	0.024043782233423412	0.0002121609679329812	0.024990457419557598	0.00036383162317209407	0.02907804078951204	0.0031158249820624102	0.015090200243830124	0.09371710994239388	0.023594791138025824	7.929517253481249e-05	0.02625880997326187	0.0003848990114123766	0.027946720273981998	0.0013758770975518992	0.015818861057537735	0.004475301208258483	0.0011270666328008472	7.968260710367284e-05	0.001253862182277695	0.00038456036988074397	0.001335165811109278	0.0013823929514271464	0.0007554347122685334	0.5890657146268736	0.6978503326373562	0.6833991738201884	0.3606906845164433	0.6599692582182118	0.8190901369798509	0.19353855960023253	0.791617279787997	0.9999560135595468	0.19135892213238864	0.7861792939466524	0.9999316749064227
cg14852456	17	75320880.0	-0.11756462714057245	0.040234924158325316	0.003586592859007801	0.03940955785805836	0.0029487387829588547	0.03843010385639101	0.0032951804159429042	-0.005779768791016337	-0.1459519851597537	0.03961423187297626	0.0002464984318200486	0.038691372626061094	0.00017510211342896097	0.03721856688565923	0.00022567362830389613	-0.007579414742955585	-0.1502397423822869	0.03966145289599993	0.0001659853128117873	0.0420990010313543	0.00038526382302008514	0.04063299435903506	0.00046861030213975695	-0.007844462597153391	-0.007179412856567339	0.0018946789544703757	0.000165205720257725	0.0020095302411224773	0.0003795978134390072	0.0019412588291452624	0.0004673369182407995	-0.00037502245879934804	0.39129089936939265	0.4493114153448494	0.45892879400529973	0.36876960274152726	0.5556138735200101	0.5418695401085498	0.2594132543470799	0.791617279787997	0.8106217262010138	0.25856307114705557	0.7836420360441906	0.8124959455679656
cg08720746	10	132941457.0	-0.11592126925714416	0.026523045179092056	1.420243603055911e-05	0.027076281525587203	2.1080737113068857e-05	0.030374591740308713	0.0003188238811413996	-0.01855359529766857	-0.07831151678283994	0.02054236003596219	0.00014952758966342577	0.02211286345478133	0.0004235701558075314	0.02365402985332964	0.0015663075338557383	-0.012262841771576891	-0.0749393879619683	0.019290239087166934	0.00011293653544597458	0.02100315938386239	0.00038630190680114337	0.024189644462415748	0.0029444668587051462	-0.011728382870377998	-0.0035818166303005043	0.0009215915182572378	0.0001121574565174864	0.0010041630590800364	0.000387805373059107	0.0011567738811792188	0.002958293841599096	-0.000560535703298983	0.06290121642427098	0.09481248900932612	0.25304801388246895	0.3352968820688399	0.6711027688105078	0.7529865350079897	0.223086812988358	0.791617279787997	0.9999560135595468	0.22146064254398878	0.7888292579044448	0.9999316749064227
cg26657725	17	81835053.0	-0.09619088681327234	0.02186723470148231	1.2514760780118008e-05	0.02303220111658454	3.322715853003638e-05	0.020863891995937696	2.1054907351256943e-05	-0.010306103628781982	-0.08338583169046743	0.02140997773918837	0.00010746276140136979	0.02248141766593826	0.0002240039952466501	0.020514243466585112	0.00013983783780314576	-0.00902632371435289	-0.07860197490944235	0.0203444532245901	0.0001230008786099381	0.022031239827556708	0.0003866700816133433	0.01899494905822536	0.00010913378422061054	-0.008730559776995273	-0.0037640093804493205	0.0009718282553591656	0.0001183762963000523	0.0010522955532715817	0.0003735740084967601	0.0009068519304102708	0.00010456155583838636	-0.00041814542435117104	0.06113271420145375	0.10759831129010973	0.09938664591914508	0.3183710653172361	0.5702761030898944	0.4664493022047854	0.22589310709478072	0.791617279787997	0.5766141442324382	0.22436131391470449	0.779574261419494	0.5635648434047892
cg21302812	19	10396239.0	-0.09868549888930918	0.022673426520238245	1.5395696616771172e-05	0.022555230959010825	1.3907842055487134e-05	0.021802655244731118	2.837955170040876e-05	-0.01338398935724434	-0.07647157521187033	0.020156172250058845	0.0001607245785411231	0.020304296576506748	0.0001792319404234356	0.01807071635211538	7.922945967377585e-05	-0.010403694085584246	-0.06401548939126459	0.016632074963145713	0.00013041197784644925	0.017944909483683366	0.0003872732568264357	0.018950995623477344	0.0012766429700553118	-0.008686025164403054	-0.0030706836493263976	0.0007944277732297374	0.00012215712472625297	0.0008571548977920831	0.0003659950598376276	0.0009051325876878154	0.0012209234500025995	-0.0004167236369673643	0.06417862371385692	0.0811097174903521	0.1075844549186438	0.3352968820688399	0.5556138735200101	0.39705172750179496	0.2303247222453783	0.791617279787997	0.9999560135595468	0.22436131391470449	0.779574261419494	0.9999316749064227
cg14415034	3	45689225.0	-0.07439465354034941	0.033023879917832545	0.024572935609368806	0.03277813122655911	0.02352212312725312	0.03356403578739562	0.03039645281993479	-0.0014437393253512645	-0.07961754173418423	0.033377128956130236	0.017318587002024093	0.032857393317404525	0.015633255410391147	0.03381935611976397	0.021798736395659647	-0.0015647228935030152	-0.10637967151521784	0.029322415474413936	0.0003082245307963187	0.029831453121648543	0.0003891760243829692	0.026612422617460683	0.0001753311304474154	-0.002210983905081816	-0.005085149163759977	0.0014008014549583964	0.00030561375941139145	0.0014233056540771275	0.0003794675380016466	0.0012701270294072089	0.00017168548856807825	-0.0001055341207508916	0.5900670628818054	0.6626634374565344	0.6693768847679141	0.7303097803895069	0.8831375140686103	0.8722974385443701	0.3274646988171293	0.791617279787997	0.7026837720385758	0.32495760599533313	0.7836420360441906	0.6880729417727962
cg19011001	14	93073268.0	-0.06846572507787177	0.02062356847661484	0.0009459469492792148	0.021098902774829023	0.001228472307610329	0.019648473543215608	0.0009189134439487024	-0.011201600166875804	-0.03533177487627695	0.010964707089889255	0.0013288410563407698	0.011525032295705303	0.002253146513040675	0.010374669453368351	0.001172967826524619	-0.005722124683876438	-0.032987260634236674	0.008650016511633529	0.00015009425010317935	0.00926157761387377	0.0003954688117938556	0.008686332523058513	0.0003389653479789655	-0.005293500034759915	-0.0015754090343988978	0.00041323163103250583	0.00015077145424912167	0.00044271082878129367	0.00040019528322618675	0.0004150969882548874	0.00034154236239742047	-0.0002528241212081363	0.27390289758683484	0.3682814965226347	0.33910411322631817	0.5362834190516309	0.8143009462248806	0.7168996195162033	0.24597409246767307	0.7971389121446886	0.7630718135971118	0.24608758695694444	0.8000780740253232	0.7625269688073317
cg20782816	3	9766376.0	-0.06909324476999201	0.023115448724007757	0.0028930743696030737	0.023200895202510268	0.0029977157349765087	0.024236403427127066	0.005941986507366179	-0.0028585048617218167	-0.08038701343245462	0.02175540317886082	0.00023652770802765153	0.021537667472276454	0.00020462487506918634	0.027055370596727	0.004239360238197175	-0.0036247699848435374	-0.08235151198897539	0.02128110111362298	0.00012001096415023743	0.023122778879594876	0.0003958291759809142	0.02820075025993521	0.004896377669784154	-0.003694655784746717	-0.0039298920472962615	0.001016722247329575	0.00012216741594604896	0.0011049779067164609	0.00040321833451791684	0.0013472799332481327	0.004941699593736371	-0.00017632774367074846	0.3674513092409918	0.45108712578103943	0.509971850854454	0.3676682936220363	0.5659048814216227	0.8310989397767151	0.2255672927596425	0.7971389121446886	0.9999560135595468	0.22436131391470449	0.8000780740253232	0.9999316749064227
cg25772341	1	156053248.0	0.18736093005025722	0.046948518038668216	7.255483024229439e-05	0.04552109536536661	4.299578930115963e-05	0.04357176128012345	6.262262571792989e-05	0.006769436457105921	0.19704270657064685	0.046988134708189154	3.0898540436328726e-05	0.0458864821229158	1.99421926925662e-05	0.04530069017820558	5.272630595025779e-05	0.007355236344159393	0.1577208942270837	0.04337384053766822	0.00029856438735507225	0.044305161108358825	0.0003982198240628467	0.041113650878822953	0.0002988103842646294	0.005475450410555856	0.007545673702944575	0.002071959770311398	0.00029239185655446107	0.002116799285099664	0.0003911628533056025	0.001965151232476325	0.0002953811313505069	0.00026196612683216205	0.10826421933533818	0.11504099818729091	0.13701932057286928	0.2363037219377151	0.24461395711136438	0.3576372834512234	0.32489285517089417	0.7976856811265104	0.7630718135971118	0.3221126937880481	0.7916803662480085	0.7625269688073317
cg12300731	11	101336977.0	-0.1412454396268436	0.030359954709142	3.900802990944729e-06	0.0344592364618754	4.620098242643413e-05	0.03767951100400992	0.00039741299664688105	-0.021035296050998388	-0.12997455678046277	0.0305484191363377	2.3697880941814217e-05	0.0348566544868733	0.0002074820802787192	0.03855256209637949	0.0013026136061728866	-0.019194018715074753	-0.13027125290938385	0.030825422541657998	2.719777069112535e-05	0.03660689367019115	0.0004000419811817236	0.03816540544555592	0.0011453440459600016	-0.019426487969111533	-0.006202655911728682	0.0014725664998491608	2.8886464484986017e-05	0.0017498300484417356	0.0004213661921205583	0.0018250902154042278	0.0011985728650242204	-0.0009246946104922889	0.0347519992585319	0.11761869351898922	0.26851509218893854	0.20944121849723066	0.5663882693500097	0.7288112796553561	0.12098016718314059	0.7976856811265104	0.9885198271979261	0.12439095482580953	0.8237393647397957	0.9999316749064227
cg23661483	19	15116408.0	0.02923118388474678	0.023682924235146223	0.21750127334136982	0.023658240947179485	0.21702224646088508	0.025286102523077055	0.2521815610865424	0.004168748471603933	0.06098670927996458	0.016181991038319386	0.0001774631483195713	0.016634292651088654	0.000264168178546947	0.015718458277181217	0.00025884844914128845	0.00855013689204529	0.062577849053036	0.016179143645154825	0.00012092430395753384	0.017595797668471493	0.000403407544130064	0.01564037683597733	0.00017318997333803772	0.008756494601349099	0.002990416096715021	0.0007728604239231717	0.00012021225696113207	0.000840564755825356	0.00040157740631622044	0.000746894148656535	0.00017160067429122637	0.00041849378832504964	0.8374808633561647	0.8783793087990271	0.8830787286981677	0.335656938932439	0.589498399871152	0.5592569984820482	0.2255672927596425	0.7999491436622638	0.7010435697769093	0.22436131391470449	0.8000780740253232	0.6880729417727962
cg09035699	5	131974768.0	0.07700331508945935	0.02742631313808724	0.005124653460640637	0.02817121710427386	0.006421166472888421	0.0274729490843172	0.006780733099042162	0.0063132134552287885	0.03781597828782331	0.015704540746682875	0.0162921638722325	0.016550401911499885	0.022608828838026025	0.01952703352085433	0.05743070857523718	0.0028247465478646342	0.05545483090259263	0.013896473007471655	7.345547860591021e-05	0.015597937325988314	0.0004051295989474955	0.016947253617293274	0.0017590228689587364	0.004325919911003147	0.002648984979430523	0.0006637849231486394	7.34074045700672e-05	0.0007447433544015594	0.0004026539806522269	0.0008087958437825789	0.0017431390373788453	0.0002065996820481157	0.4240949355538641	0.5326689629133556	0.5202026227050968	0.7279344137833148	0.8925382390686024	0.8989070970203766	0.19353855960023253	0.7999491436622638	0.9999560135595468	0.19135892213238864	0.8000780740253232	0.9999316749064227
cg27160395	2	176150221.0	0.1448655103028904	0.03457902966215391	3.1417163037831256e-05	0.03859109116864877	0.00018807200636860558	0.03237338482648086	3.4030685062639494e-05	0.023275348163359844	0.1485484889715154	0.034871609227718654	2.3170286256444526e-05	0.03987675220931151	0.00021044141725138767	0.032169353779347806	2.051394322569596e-05	0.02383521506524238	0.14660353971284742	0.03649324658153289	6.578948268096063e-05	0.04132403956317673	0.0004167827769810444	0.03421830066584048	6.61125007806571e-05	0.023566110349307216	0.007000685242389453	0.0017432961095626986	6.620001881362185e-05	0.001975641944290722	0.0004232830624455017	0.0016381341490079892	6.86200977522741e-05	0.001125228819026178	0.07840392478526456	0.2144622210811623	0.11384332885711076	0.20944121849723066	0.5678873879951231	0.2337911712251827	0.18622702215417686	0.8171440667785203	0.46949502462274956	0.18738910640163844	0.8237393647397957	0.47890084531825466
cg03222483	1	153311152.0	-0.07398304086828571	0.027157666618161897	0.006600897751502044	0.026001100991968878	0.00456098789949601	0.024003392537456408	0.003082828824620399	-0.004399807737603845	-0.08790645312896081	0.02325549518639974	0.00016979753684686708	0.022734409573140386	0.00012031377414576618	0.021411335620627275	0.00012182747217296792	-0.005230876687658705	-0.08665772191321265	0.023599985884787057	0.00026059800113809484	0.02443158646159748	0.0004178753105321955	0.022507110276267558	0.0002853922420207971	-0.00514259202807473	-0.004143536259116644	0.0011275224573509704	0.00025765281612586375	0.001166448846952709	0.0004096887883640546	0.0010755742855371704	0.0002833801838572021	-0.00024596149406497844	0.4486116847794244	0.4922932575076017	0.4497567437392026	0.3352968820688399	0.5388731217446908	0.456608237672134	0.3109198740300878	0.8171440667785203	0.7630718135971118	0.3061087395155013	0.8089514966847177	0.7625269688073317
cg14255256	2	46465.0	-0.11975071419611266	0.05201229978239281	0.02159766669098252	0.05214624596247692	0.021935073787763833	0.053056451717859644	0.02759799082734121	-0.007729964115347474	-0.12642557229965876	0.04605056059350094	0.006195133898241801	0.045905401331602314	0.006034865638220047	0.044710170194567966	0.0063341282507907715	-0.00817477135471731	-0.16544957651794462	0.0458345086068917	0.00033023101628368534	0.04667071441336896	0.0004208623846478404	0.045619509778683086	0.0005875072194549539	-0.010483461449363768	-0.007913850775461539	0.002190021481694665	0.00032542464986735843	0.00223135731850844	0.00041834389724231723	0.0021804989857784197	0.000582581553415533	-0.000501686542232882	0.5755723428913013	0.6551047510286016	0.659544097927461	0.6611320276552085	0.8573191498176632	0.836144898118913	0.3296079935394571	0.8190285511774366	0.8463093765574186	0.3265909238923665	0.8220315425118296	0.8395658429429395
cg13639866	14	100963874.0	-0.07588563798642328	0.02110366961795307	0.0003452570251059909	0.02038157847681082	0.00021192933017404947	0.020210666148935012	0.00038960387715477864	-0.003191300694150953	-0.07418991664388971	0.021132510478965423	0.000474768648951794	0.020793822041426692	0.0003837263641157634	0.019737425542129136	0.0003844486910895809	-0.003153213936364525	-0.08171611754546217	0.02128456718768605	0.00013555173165399884	0.02307596981421873	0.0004269521344438515	0.020342799894091212	0.0001642094182019109	-0.0035318606998457087	-0.003898174290380773	0.0010168104707186008	0.00013854618940467068	0.0011033331622028655	0.00043997356667710403	0.0009725033778493247	0.00016898588983982208	-0.00016856435232076236	0.20009075511527988	0.2188039643548623	0.26851509218893854	0.4575673286396524	0.6711027688105078	0.6089818891669874	0.23124892048088147	0.8269041427587824	0.6796139341512486	0.233529251191925	0.8334466464613521	0.6880729417727962
cg23983551	3	46979658.0	-0.08090016954244034	0.036222992527831344	0.025827394313310464	0.034387357722557375	0.018908344126019296	0.03303467911143885	0.017216258749546964	-0.001182605740863618	-0.08368673699174753	0.03669036042276072	0.02284615709170577	0.03523072536861882	0.017791261484582162	0.035124210545100995	0.02032274200294541	-0.0012056065004543528	-0.12331544774827272	0.034421756144180755	0.0003658965219806783	0.03487913454858723	0.00043604168382113017	0.03353886185952957	0.0005007607277698812	-0.0018211645025316661	-0.0058959037743533	0.00164435000423736	0.0003617059894111826	0.0016672098366727593	0.00043461592858713515	0.0016043202360994887	0.0005036169172344596	-8.710469884672621e-05	0.5974990566460743	0.6399981496008992	0.6094271640971227	0.7487888614593916	0.8858762268458336	0.8661236954491889	0.34064055834845597	0.8296569410116583	0.8218047660305101	0.3373558421931491	0.8334466464613521	0.8241313741191877
cg21184711	7	122848276.0	0.1458154823197296	0.032635938822282974	9.159893762055908e-06	0.037556354031419006	0.00011278945249329825	0.0379667238542128	0.0002945398448288008	0.02607662167060537	0.142705738147371	0.0327449358077033	1.5028936757877315e-05	0.03805160709811741	0.00019079439704553156	0.037641752107745015	0.0003461579526523303	0.025653511623152637	0.14383973571362152	0.03386558245765087	2.4803730533219427e-05	0.04069317103566315	0.0004372878195728446	0.04190598285124698	0.001079873750625447	0.02566559697656199	0.006882118545244229	0.0016211725724129785	2.5044226119147525e-05	0.0019483802309836495	0.00044138521008128004	0.0020079194830340172	0.001096493370175221	0.001227812251768558	0.05533983995054144	0.18045554525136262	0.24575416387717067	0.1686712595552628	0.5556138735200101	0.5985283726155515	0.11582657283690671	0.8296569410116583	0.9659434730987618	0.11652272392168843	0.8334466464613521	0.9762481601505204
cg18113101	21	41801596.0	0.03776562964405763	0.027351302531028826	0.16777775088649763	0.0281468504494603	0.18010183948059627	0.032753525623746824	0.2533984081130036	0.0024123993669273106	0.06664371638380649	0.024748427816577694	0.007249264651438369	0.02495886911544461	0.007752966049893196	0.03020941416324282	0.03115640615932706	0.0044343402548529505	0.08676772091797813	0.02383061624554725	0.0002932683496299551	0.024567282103040603	0.0004420162702048714	0.02602964185960049	0.0014621464102177956	0.006096033776059584	0.0041473908499305824	0.0011383797632987663	0.0002907986837765487	0.0011743458182933656	0.0004423112675360274	0.0012435215322440319	0.001454272833685283	0.00029142248060095476	0.8083482987439239	0.8621565233500315	0.883683668117235	0.6681622952875064	0.8669250985010822	0.8869810588221004	0.32489285517089417	0.8296569410116583	0.9999560135595468	0.3221126937880481	0.8334466464613521	0.9999316749064227
cg18860310	4	86831351.0	-0.11392887892191424	0.026211645272812892	1.5809942936753554e-05	0.02688372101741384	2.5481538973752007e-05	0.02811562503543661	0.00014590804457386761	-0.015680989650614922	-0.07801614159878563	0.022143166012252795	0.00045319163108901154	0.023175141274138163	0.0008020838644030798	0.023850476510182586	0.0017651084209465188	-0.010632341368072068	-0.0851419698589784	0.02149226000443887	8.275183819795733e-05	0.024110940663508676	0.0004429710175919938	0.023119027936533743	0.0004912682014581046	-0.011551098057852337	-0.004076026863438896	0.0010267317355736143	7.995952761696758e-05	0.0011517480378171957	0.00043043544400299155	0.0011058477890567918	0.0004863813176622036	-0.0005531695586839547	0.06417862371385692	0.10143262613915165	0.18922115325194047	0.453748264263174	0.7095480377215632	0.7690547419510269	0.19474731000746373	0.8296569410116583	0.8218047660305101	0.19135892213238864	0.8334466464613521	0.8241313741191877
cg22783058	19	1168988.0	-0.0879317999132058	0.02261857482688432	0.00011053220642611676	0.02323939419819385	0.0001672432756342553	0.01980848708464002	3.858323507937249e-05	-0.007771668751218179	-0.06864129546473188	0.022121566072898356	0.0019911997401748185	0.022496471726288682	0.0023630085506553163	0.019144656242055826	0.0006697347976295752	-0.006210333029970744	-0.06642309529481225	0.016713630479951867	7.856828044227137e-05	0.018828285037760576	0.0004486283045126103	0.018809505984625503	0.0007939059547424508	-0.005923304786303098	-0.0031718401823061498	0.0007984541954952012	7.912135136122567e-05	0.0009002739043310155	0.00045640647068323736	0.0008988869951728842	0.0008007192856976184	-0.00028286002502570044	0.1330244988401337	0.20684653899009245	0.1211081131885353	0.5702764657932831	0.8143009462248806	0.6525417765155831	0.19353855960023253	0.8296569410116583	0.9155545130441979	0.19135892213238864	0.8334466464613521	0.912199963251607
cg25577090	7	150337680.0	-0.0680734153327286	0.01779121985699944	0.00014133595789164906	0.01846357629087003	0.00024394777605002272	0.014145818140480151	1.0191795132710192e-05	-0.009227525052649857	-0.05179654183107781	0.016188660472424794	0.0014367470782483303	0.017016799527034308	0.0024207879695728246	0.012975613661724476	0.00017860120851623853	-0.007044352833596139	-0.04928546379617741	0.013243244905235907	0.00021522705958345765	0.01398682527279257	0.0004555428469158179	0.012271181066266727	0.00016453795131421618	-0.006742664313064808	-0.0023528408004072085	0.0006326407639177504	0.00021730285493791978	0.000668080943282293	0.00045878527701784434	0.0005861071681306502	0.00016564717010476816	-0.00032193655405363824	0.14800060938908738	0.22746835232257342	0.08409710509100021	0.5435448782071003	0.8143009462248806	0.49649630768414976	0.2847067152267017	0.8296569410116583	0.6796139341512486	0.2865162916297589	0.8334466464613521	0.6880729417727962
cg04732968	3	13891963.0	0.04417399001844924	0.01974972977234138	0.025610018987767196	0.02200152029190319	0.045038315738874915	0.025206704255702473	0.08471799993910537	0.006675845973934138	0.06061496547561934	0.017881941826741153	0.0007377499812331457	0.020109344522554303	0.0026664669113206476	0.02353410077633645	0.012444998591263773	0.009099201385970758	0.06635690342564657	0.015975202553518652	3.709693916441198e-05	0.018832083094530258	0.00045570637138744944	0.019475465585195542	0.0011671288049688651	0.01006997321875696	0.0031702872545455764	0.0007631334368677202	3.700880693590953e-05	0.0008994716951078436	0.0004540204946231049	0.0009298017655264196	0.0011584342591642188	0.000481164956957555	0.5960156566391863	0.7331280662705228	0.7747278026387049	0.4925946839903084	0.8223114149954608	0.8543623478239699	0.14438663774796323	0.8296569410116583	0.9905930636798045	0.14544209609648806	0.8334466464613521	0.9875445325110325
cg04350202	10	109893605.0	-0.015887260683069674	0.025444952261034732	0.5325759941598998	0.026026448753731925	0.5417699375065774	0.026716141774828086	0.5542642083782809	-0.0027275174742248075	0.03324212585018356	0.010535216144976513	0.0016698799266335947	0.011009634237939415	0.0026225547049089663	0.01204457514231975	0.007623700008106997	0.005653317873487062	0.037279760621542285	0.009351115061741624	7.464450851394586e-05	0.010580898828635	0.0004562157452667299	0.010569304409405206	0.0008043847629054223	0.006325072903922944	0.0017858599168124982	0.0004467034137630827	7.128128435983257e-05	0.0005053096872951871	0.00043818136522280144	0.0005039857659573395	0.0007642991782296377	0.00030297416494878945	0.9367493629066868	0.9540991362594938	0.954027989128442	0.5628134940404049	0.8223114149954608	0.8467010775793248	0.19353855960023253	0.8296569410116583	0.9197776200088857	0.19135892213238864	0.8334466464613521	0.8973002611650496
cg17168836	1	67790478.0	-0.057070830639281055	0.015558778774769199	0.00026226812230701767	0.016174645552425156	0.0004444213141900824	0.016710330612992735	0.0011384272463255943	-0.009006983897917063	-0.0536768939968642	0.015244729958774404	0.00045698381950254444	0.01581024535754007	0.0007237343123501007	0.017163622681258987	0.0027026305306458195	-0.008407572876187767	-0.060850298677924436	0.015615497313851328	0.00010762870357153202	0.01727231991119989	0.0004567436543444737	0.01780335226495531	0.0011293188753594416	-0.009442161128663142	-0.002908016356365897	0.0007465541887910479	0.00010829788918651193	0.0008263166828826064	0.0004631136339978389	0.0008518320899145969	0.0011435692368863496	-0.0004512083187715308	0.18624011046522554	0.27872182540843143	0.3598993162741657	0.453748264263174	0.6997202897659299	0.8163415783783448	0.22132670470134053	0.8296569410116583	0.9810328539842622	0.21873079948258525	0.8334466464613521	0.986988030734685
cg26998481	6	33163445.0	-0.05686223482580567	0.020162610274031094	0.004930732985021866	0.0203427254590669	0.005323711674795353	0.020145808781204755	0.006424342482301975	-0.005117101687342543	-0.057126981224665446	0.019131038023811612	0.002921559561030747	0.019359995098481214	0.003272694645161437	0.016243861769308525	0.0008308341455175507	-0.005360162770786546	-0.05855437719349474	0.016509805441527466	0.0004183607435397472	0.016620674356888715	0.00045676169748180953	0.015732315278226532	0.0004331758644974686	-0.00552530659591227	-0.0027909574868742156	0.0007888944611945627	0.00043233194961430266	0.0007949436875559183	0.0004776485633211348	0.0007532198681814314	0.0004568803588327711	-0.0002635041753040059	0.4204501558618298	0.5092032095601814	0.5154951220473909	0.603724561848377	0.8276112937654644	0.675132990640565	0.3599193278402209	0.8296569410116583	0.8043221374260496	0.3596112357220312	0.8402797977934063	0.8111412540488049
cg21796547	14	73238749.0	-0.09247455438548326	0.026295227834733016	0.0004640133722929868	0.026334860559067332	0.0004731923953207519	0.029470412837910513	0.0026206707950614523	-0.012291430074554894	-0.0680411055809532	0.025004613575287823	0.006662820370965132	0.025140007982549627	0.006960994829673742	0.027215517500642182	0.015120775861928028	-0.008760384678632965	-0.08629584852344094	0.023683277763922747	0.0002902390250739932	0.02449553613673782	0.0004568682913787306	0.02618626804020126	0.0016400906395842433	-0.011038198266682037	-0.004121899129066	0.00113186884697334	0.00029253608779792066	0.0011710138808330877	0.00046193535934572545	0.001252172211087121	0.0016583029850875165	-0.0005270620416715688	0.22084113259308077	0.2829250182498078	0.43493357377505526	0.6647045328889729	0.8575688072170363	0.8604657951705282	0.32295986785086206	0.8296569410116583	0.9999560135595468	0.3221126937880481	0.8334466464613521	0.9999316749064227
cg22807822	19	11178689.0	-0.1078845215812522	0.02319052426942176	3.905675326442606e-06	0.023474249062504036	5.082777217717466e-06	0.02538811824190297	7.457551219273026e-05	-0.012414997311968164	-0.07745675763093249	0.020596101895576056	0.00018316062421968625	0.020905621159018315	0.00022752904472384423	0.02218515009815195	0.0008995340994845029	-0.009055870483631365	-0.07079787536334564	0.019113887281197565	0.00023035367913592215	0.020099166228481586	0.000457702581448593	0.020282388739780322	0.0009016945531874124	-0.00831369248914057	-0.003383941853406726	0.0009131000154767322	0.00022858926001116715	0.0009601869557075451	0.00045462149455295815	0.0009690728326185655	0.0008979691467580159	-0.00039743389464341836	0.0347519992585319	0.047759183969539355	0.14870393867935927	0.3370013952432602	0.5702761030898944	0.675132990640565	0.3012612326148209	0.8296569410116583	0.9504452336097909	0.2965674565227573	0.8334466464613521	0.9453805653783303
cg27319563	10	100007595.0	-0.039563216569539685	0.017974855579675812	0.028048288439614367	0.017658663046542518	0.025364336879125156	0.016829945613616257	0.021983750788939573	-0.0030820298139516387	-0.05510230711980144	0.017487878494180403	0.0016951656222376388	0.017303290626414225	0.0015125238557669694	0.017060251298545888	0.001996611358980721	-0.004649209426928841	-0.05948619268143507	0.01612143912874542	0.0002432426371986002	0.016893222223871178	0.0004596089075961575	0.015696552458739573	0.00034773157085045186	-0.00503567591987176	-0.002843587425739361	0.00077013612852732	0.00024097100222010906	0.0008069036112933248	0.0004549243369215455	0.0007498424341772844	0.0003449310201501873	-0.00024069559995098144	0.6076923887669934	0.672199808553514	0.6352830414365837	0.5633218950877152	0.7536660437988486	0.7803702451005576	0.3050239446704215	0.8296569410116583	0.7630718135971118	0.3038659351765184	0.8334466464613521	0.7625269688073317
cg01943414	17	62680271.0	-0.06361467301283497	0.022154390233703008	0.004205454845935479	0.02300419514350478	0.0058307570605694165	0.021335478546156517	0.0041154929069014586	-0.00309928173160557	-0.07053643239868039	0.021739532193533202	0.0012304427531503754	0.022920288611638272	0.002166861677006919	0.0208892380585599	0.0012815749491203643	-0.0034243407811024554	-0.06985339635005872	0.018355365110613184	0.0001548806775543392	0.01984046856988761	0.0004605483806922193	0.018785236260523003	0.00043793530988718213	-0.003396294818704888	-0.003338671424515564	0.0008768756715398136	0.000153751839928473	0.0009477986848043454	0.00045749110189213023	0.0008984166254484341	0.0004412680415168419	-0.00016240241492047512	0.40790350559435645	0.5203932663470989	0.47719322982935924	0.5284679729626925	0.8046515521732485	0.7288112796553561	0.2505968971854881	0.8296569410116583	0.8062499102281706	0.2479251621772656	0.8334466464613521	0.8111412540488049
cg13385220	1	202281325.0	-0.10572858776768654	0.025693309237163627	4.315824430260807e-05	0.02829574391310831	0.00020122766266808238	0.027290174435756463	0.00026375579707698906	-0.015161710592808575	-0.09041361337081517	0.02479617066309761	0.0002852398970116268	0.028030255748988354	0.0013140416392284572	0.026398760397727726	0.0011052087825600021	-0.012954470998151725	-0.10230515675438231	0.024367512034432156	3.0642786554704434e-05	0.029063415255523247	0.000461719903715684	0.026212307398353514	0.00023994054931052847	-0.01458331057185389	-0.004891160954904969	0.0011651745451120223	3.072610676895856e-05	0.001390340670684099	0.0004653331342973039	0.0012526248650197981	0.00023852953852360483	-0.0006974947050692235	0.087348618017713	0.21821018451979496	0.23780466117636803	0.3908229044843193	0.736705979019131	0.7084109771350625	0.12787298010281367	0.8296569410116583	0.7369441034300529	0.1282206770748387	0.8334466464613521	0.7415012663191807
cg04583075	2	233956412.0	0.0628438168059686	0.024244878064835097	0.009732848340570328	0.02462165444648577	0.010902870291448496	0.026490427033833294	0.02084609108685932	0.0033507110189620153	0.06204230734194481	0.024245123694910116	0.010701902988878284	0.024478787530372574	0.011470452213703674	0.026595911214412713	0.022974947848903034	0.003302873758809159	0.08982882423187423	0.023863844710724447	0.00018226337854738208	0.02552162751046022	0.0004623227894449398	0.028997562433292504	0.002946082902984301	0.004511469287204632	0.004300849798367854	0.0011398528118121405	0.0001759883486933178	0.0012193480058339712	0.00044973338673099473	0.0013859638969150048	0.0029006263235170603	0.00021586542929498832	0.4903778816352765	0.5823061918378393	0.6274982965462184	0.7020621772899013	0.8712142145333529	0.8760990539757924	0.263676668008756	0.8296569410116583	0.9999560135595468	0.26205209766890947	0.8334466464613521	0.9999316749064227
cg14231987	19	33303285.0	-0.05265297744878823	0.02731722892571168	0.05431219465598205	0.028386782084208927	0.06402467256314738	0.023276513805165145	0.027267765724174144	-0.0025281650423417236	-0.06048382273701498	0.02727853129694228	0.02691631674255038	0.028692631857102573	0.035376746732573	0.02456866845143132	0.016665186257728587	-0.0027906010586761522	-0.08258682231213096	0.02053696124643734	6.468314362527016e-05	0.02346755787402363	0.0004632172513881136	0.02129651213972943	0.000260551286896917	-0.003765257716412522	-0.00394325960671436	0.0009811829331754162	6.535400120543884e-05	0.001121889198442407	0.0004707294801881177	0.0010193582136161687	0.00026889020916756514	-0.0001798132743611033	0.6820975710481424	0.7680582609642779	0.6579877824550381	0.7599153775409845	0.90366880157135	0.8621266328071441	0.18622702215417686	0.8296569410116583	0.7630718135971118	0.18738910640163844	0.8362101212592188	0.7625269688073317
cg07154931	8	94475004.0	0.13372331815644883	0.045034120740013624	0.0030824970768527555	0.04358810372843354	0.0022360522276659795	0.04602930037083096	0.005106963989307203	0.0040318399890380795	0.14834536284346878	0.044464265008582346	0.0008926485612059133	0.04286130864155807	0.0005698078206882701	0.04436464147377201	0.0014168645467573949	0.004577630085402536	0.11449513076507753	0.03218127620854952	0.00040129131565596303	0.03255850713616931	0.00046768206778835097	0.033630275120564636	0.0011767761975722227	0.003407391907637208	0.00547481793208608	0.0015373257400807458	0.00039616602424435206	0.001555941085645096	0.0004641387185617254	0.0016077960756085848	0.0011744512647313323	0.00016295029083563704	0.3748008111524806	0.4200894497931094	0.49595177822136016	0.4995320990494329	0.6875814646099725	0.7395670397022769	0.35388900200993145	0.8339636583505378	0.9905930636798045	0.3539983924761624	0.8334466464613521	0.9924799713815092
cg14017460	19	45785731.0	-0.06781823162601874	0.020698749643172126	0.001101288413282608	0.02010118339722635	0.0007806830136731273	0.016524506846560035	0.0001224489608091005	-0.00685630057927767	-0.0661397416064187	0.020192906537513617	0.0011056681757181054	0.01980405973242429	0.0008818852067521921	0.016271770298409097	0.0001398778384331781	-0.006790675628094708	-0.05394130258354232	0.014902028782317665	0.0003179575702891957	0.015351244075720239	0.0004725275746192204	0.014927545713774418	0.0006126390764886537	-0.00555041480706211	-0.002584061961248345	0.0007118723861616813	0.0003058692667505913	0.0007333866391809834	0.00045595034357710367	0.0007130210926716694	0.0005924308963877862	-0.00026584585875302704	0.2887402693184913	0.32544512082765137	0.17952824095476758	0.5232338900454596	0.7132152365915807	0.4664493022047854	0.32822431346820896	0.8379884062724768	0.8571016366285251	0.32495760599533313	0.8334466464613521	0.8395658429429395
cg00397585	2	26347165.0	-0.05205901695381908	0.021423917231190262	0.015342695036246818	0.02120605747454231	0.014325753530021598	0.02140845026468306	0.017979567170448022	-0.002047507778190751	-0.057951988266639554	0.021386873905405675	0.006894636833149731	0.02155197599747781	0.007333757520151401	0.019959473974245915	0.0051312694464852844	-0.0022860635287476816	-0.0730381556690671	0.019884304718160384	0.00025938534216452425	0.020791302773479587	0.00047407955629657665	0.018975968360723672	0.0002865701595665959	-0.0029407704970203456	-0.003488073685703538	0.000949909652514444	0.0002605319132955046	0.0009928217531141987	0.00047342474133105103	0.0009068510619477243	0.0002890463184126395	-0.0001404400855662578	0.5356365527960777	0.6107722316357135	0.6139840435177103	0.6663543092089506	0.8610336329636811	0.8326897594526024	0.3106354347851557	0.8379884062724768	0.7630718135971118	0.30834164084016874	0.8368309479048333	0.7625269688073317
cg02888894	20	64029252.0	-0.07898285679876357	0.019335159989155925	4.9005448296507e-05	0.0194728320451893	5.531955450250927e-05	0.021937203924101135	0.0006386872136803822	-0.01153088959710403	-0.05280758513561924	0.01623858084280792	0.001199445070553182	0.016471978548536426	0.0014058697770119827	0.017703647409885524	0.004101153383180615	-0.0077634231852624636	-0.05529499573224695	0.015273123990971816	0.00031713631125727075	0.01574917653115239	0.00047749008530470716	0.01683171676787928	0.0016917643506930162	-0.008039043161213713	-0.002645572127751521	0.0007296429338215924	0.00031067222251000864	0.0007527208846276545	0.0004710076946094621	0.0008042286295189437	0.0016694423035351167	-0.0003846605728176694	0.09356873763115564	0.1311281052065356	0.3030881734976009	0.5284679729626925	0.7447012718268113	0.8310148292767641	0.32822431346820896	0.840347257390849	0.9999560135595468	0.3265909238923665	0.8362101212592188	0.9999316749064227
cg25941075	11	74018809.0	0.027365731739962623	0.022761919319863842	0.22965555831289827	0.022627433197427025	0.22690149877900997	0.02493410040006333	0.27672669083563495	0.0036933709574237007	0.06338240110220965	0.01734057427221967	0.0002757235872392793	0.018108796671116565	0.0004937430016766279	0.01965899643819963	0.002031258070663662	0.008343567620550827	0.06539629130931987	0.01667640488113841	9.740101514032065e-05	0.018644955030401443	0.00048373953013122214	0.01845141599785002	0.0007624546129075973	0.008677249980065738	0.0031266692248795498	0.0007966867839631785	9.618261318442967e-05	0.0008911311317803507	0.00048160350876412863	0.000882502957448294	0.0007655404813263914	0.00041478732800217827	0.8448361696364846	0.8815982952719517	0.8925846251272541	0.3874470598945935	0.6794304623686471	0.7803702451005576	0.21083569578365996	0.8476603386368246	0.9028127625881509	0.20819832466648663	0.8402797977934063	0.8973002611650496
cg06770429	6	142884938.0	0.07911623031748116	0.019167635373810162	4.091738757224407e-05	0.018934802402798132	3.294539141152432e-05	0.016711437370932527	1.3509691615492077e-05	0.01359466919376199	0.06393770621579244	0.017493615973020488	0.00027597007435333507	0.01745030199609846	0.00026654525711216996	0.01684715657870071	0.00034167173303172	0.010993515674865749	0.0645692028089428	0.017557335818323392	0.0002549814236668182	0.018415464080056395	0.0004858906028382434	0.01859208400042859	0.0009526258064416351	0.011109997510354009	0.003083994417058168	0.0008387302832876932	0.00025560823969243647	0.0008797328739741576	0.00048704866542632614	0.0008883161925100394	0.0009562122076216389	0.0005306415389812962	0.08646393092601123	0.10759831129010973	0.09079965553812562	0.3874470598945935	0.5895791738231448	0.5985283726155515	0.3103130348927368	0.847759723658072	0.9504452336097909	0.3061087395155013	0.8461331327779595	0.9514528791080519
cg10577216	6	142943908.0	-0.07760228511132376	0.02608947265417268	0.003032433748155952	0.027119076287189958	0.0043373396179037915	0.02506733315680514	0.0029637280379926907	-0.009555932211084575	-0.09336552160718405	0.02565832581135845	0.0002934894626361569	0.026490996821278676	0.00045123883992353417	0.024260451281567657	0.000287055255331514	-0.011455187499891883	-0.09091171692417464	0.023385957631575097	0.00011175501248061314	0.025937796597787943	0.0004881508379875202	0.02512952754163534	0.0006045571290397459	-0.011182573539045029	-0.004348999621880579	0.0011171459867072408	0.0001093045586949952	0.00123911750018901	0.00047964699953545144	0.0012001673922749313	0.0005932641356836652	-0.0005349801168046564	0.3736720320477065	0.4879790427493492	0.44593543608669145	0.3966731111430291	0.6778341116247854	0.5752232050438427	0.22294745769792138	0.8480478997987227	0.8556449243499842	0.2190328078328527	0.8402797977934063	0.8395658429429395
cg24391982	6	169229807.0	-0.12805915097177434	0.03698074782041023	0.0005658409075236855	0.03855255500314811	0.0009396373632792018	0.03574225181116756	0.0006751558317313525	-0.020995507770246363	-0.13682621832460612	0.03739385678851138	0.00027163137816489294	0.0396717861683387	0.0005955228402444264	0.03728175071170501	0.0005116725402549423	-0.02244160810830573	-0.14600015159326304	0.03797723199015135	0.00013277612335888236	0.041711902648688196	0.0004968333300349701	0.03712214930785384	0.00021725011673461999	-0.023972852082899572	-0.006963451490967318	0.0018144851756065185	0.0001363733915750105	0.0019923167207538473	0.0005061517323473613	0.0017748559256159575	0.00022425364118681238	-0.0011434181849122433	0.23272871967616762	0.3386903213003073	0.30699331370445493	0.38579566367621004	0.6908051206401065	0.6308551232038334	0.2303247222453783	0.8594431018442106	0.7335639821568063	0.233529251191925	0.8686128401957353	0.7415012663191807
cg08116408	6	30144999.0	-0.06511082165736741	0.016478474555743403	8.534064212826777e-05	0.01608667377503234	5.733309791515846e-05	0.017564571292640455	0.0004545768600429336	-0.011179572770218178	-0.0498880943553872	0.01576000855883827	0.0016134662696462498	0.015199659119889686	0.0010797688985102853	0.01614465385580048	0.0030131140811771105	-0.008563713584194665	-0.05403818603272606	0.014628648640641237	0.00023941728040014743	0.01545907535147371	0.0005053872867644316	0.013830097830669115	0.0002365209520268401	-0.009268011516502634	-0.0025837048971578402	0.0006988856837325521	0.00023676083317991975	0.0007389933695264136	0.0005041154636941733	0.000660794978126056	0.00023441511932357335	-0.0004431183664262299	0.11739449608167388	0.1311281052065356	0.2813600750175386	0.5567741022112221	0.7199909017862371	0.8166932067344068	0.3050239446704215	0.8705199238228379	0.7369441034300529	0.3023738084463867	0.8686128401957353	0.7415012663191807
cg09788082	19	1163486.0	-0.09886756497745672	0.024649730844933732	6.676215373271926e-05	0.025152889343279836	9.282642464531821e-05	0.022786714512370482	5.47494498452134e-05	-0.013650828519497978	-0.06492938756102797	0.020704085948969615	0.001781973085314031	0.02134639468952221	0.002437878028142212	0.019521020515648264	0.0014948548826569659	-0.009094590782475827	-0.0626379821841648	0.01629410228092475	0.00013288240415982653	0.017943076577251044	0.0005140722724296799	0.019474351192062235	0.0020780768175764964	-0.008785748117903239	-0.0029958264788028477	0.0007783729347536311	0.0001304567501449588	0.0008571736012179675	0.0005064259869762157	0.0009304178874201735	0.0020569352247770153	-0.00042035100384029496	0.10723882886663214	0.16872491334813022	0.12736578480859204	0.5683323130700508	0.8143009462248806	0.7395670397022769	0.2303247222453783	0.8817276129275556	0.9999560135595468	0.23202161776230792	0.8686128401957353	0.9999316749064227
cg10801633	1	10519133.0	-0.08022159511181785	0.01810924175101558	1.088449148362362e-05	0.018688501241054374	2.006270939449379e-05	0.016068486647467684	5.280243654069689e-06	-0.013658037672523632	-0.04800696732759249	0.013603015313367078	0.00044340666831687724	0.01396903551205839	0.0006227356067023763	0.012400416821045796	0.00026622889557751165	-0.008165764419478692	-0.04742948500035925	0.012468986644113654	0.00015599567446161096	0.013596042725039222	0.0005187187746257294	0.01209968592160046	0.00022686396965197254	-0.008085285254070415	-0.0022675692469345736	0.0005956903346422849	0.0001542622998593654	0.0006494620703725928	0.0005130726242439266	0.0005792235000136029	0.0002306868916859924	-0.0003865785989649219	0.0581434514871525	0.09334532984863654	0.067226436711468	0.45058779172730895	0.6936514803012505	0.5701848203097983	0.2505968971854881	0.8851457998427459	0.7369441034300529	0.2479251621772656	0.8702210839098147	0.7415012663191807
cg27049094	2	74840589.0	0.05923474839624779	0.022750475686322352	0.009411857852835642	0.02435032672291639	0.015231497076913781	0.024154032984003055	0.01706800773147438	0.009938005143627356	0.07184886380383394	0.019938123068243503	0.00033545854606921785	0.021439853147028815	0.0008466762059225693	0.02027301557779992	0.000762882034360335	0.011971057030134166	0.0753286620114385	0.02003355411675446	0.000185209725363843	0.021599149409069842	0.0005204386062719371	0.02085041719922583	0.0006140561106130254	0.012608943142510048	0.003603399933687373	0.0009568685643304955	0.00018112307331650553	0.001031583035279854	0.0005100270229311508	0.0009950899969842562	0.0005979593287450406	0.0006031673575390289	0.48812132330416425	0.6170387391197348	0.6089426789072262	0.41147853531374606	0.7095480377215632	0.6626645461684109	0.263676668008756	0.8851457998427459	0.8571016366285251	0.26228713162675743	0.8702210839098147	0.8395658429429395
cg07095346	3	52830796.0	-0.088534955213269	0.019542751511697456	6.885581461912908e-06	0.01909238741346319	4.1893603240371455e-06	0.01487816183406498	1.414470843347226e-07	-0.011026693507621404	-0.06887445903545598	0.018847515630754777	0.00027662278383612336	0.018418596888048807	0.0001991118249619744	0.01466437032809299	1.5461825593345665e-05	-0.008635071159194659	-0.06531497243382513	0.018248193222840065	0.00037035691629231493	0.01873930946550734	0.0005245083027135882	0.014877628405943158	4.5791190818573896e-05	-0.008189154728639991	-0.0031200117502067455	0.0008717930955201909	0.0003709306438371752	0.000895339695490467	0.0005259115759270492	0.0007110702003600787	4.617278097628886e-05	-0.00039131870070165185	0.047705180376923804	0.04663928709024451	0.008179339305466002	0.3874470598945935	0.5610821468259477	0.20862280497170796	0.343053051825062	0.8883349133778843	0.4005505459397789	0.341241860918962	0.8833197736036463	0.4059742714990268
cg18757468	11	65584697.0	-0.09954456789319904	0.02692629543862498	0.00023468910861831053	0.028042516266838118	0.00041044452558427016	0.028747531892458288	0.0009833322506829186	-0.00448443262473772	-0.10107866899649631	0.025690359804054153	9.144539286858252e-05	0.02705655498951482	0.0002019021987747071	0.030473873774866187	0.0015372447075056013	-0.004767334815627022	-0.10027393240663544	0.02558292317671982	9.816237009704553e-05	0.0287924084618519	0.0005299227846181058	0.03215606050758229	0.0027747811047507897	-0.00474469808387834	-0.004787877415793158	0.0012221894960540124	9.900344903330528e-05	0.001375749292460851	0.0005347130275086655	0.0015362931914612756	0.0027897307960305525	-0.00022658024046815948	0.17734786130283436	0.2715484118504043	0.34315675160179504	0.2961243236921875	0.5636315705284294	0.7443188091366505	0.21135350348400203	0.89117921359888	0.9999560135595468	0.2131644314364277	0.8909459644908972	0.9999316749064227
cg23866916	19	1155739.0	-0.07497519784892154	0.021979729526519994	0.0006828647769816431	0.022473179391277482	0.0008925803969398069	0.022393724711255072	0.001398578912063953	-0.012556801729980154	-0.0358540086336969	0.012282982652036768	0.003621137710865121	0.012770367883422763	0.005126372460482508	0.012989793054218901	0.007618678538268383	-0.005986601368259307	-0.04077535542399986	0.011242683956203961	0.0003095081537524976	0.011710278550556513	0.0005311627857746641	0.012338157073914871	0.0015944274981528367	-0.00681714966573338	-0.0019530506179926918	0.000537055669946909	0.0002982524033164167	0.0005597325769363065	0.0005172365464841669	0.0005909242890204638	0.0015931745961796655	-0.00032649705142224073	0.2493585374184761	0.33207846582213774	0.3778774818949609	0.6262163805329863	0.8573191498176632	0.8467010775793248	0.32796764136229645	0.89117921359888	0.9999560135595468	0.3236662267335901	0.8723690041479187	0.9999316749064227
cg06755717	14	100729755.0	-0.0967107728109402	0.022756181129773848	2.4182418199492878e-05	0.02331550265107302	3.75270046682329e-05	0.02013970302134857	1.0578047106451384e-05	-0.006610991777935907	-0.09403149349138604	0.02242506190396354	3.0940274820580164e-05	0.023254255204448432	5.830870659477377e-05	0.022458221383010728	9.238267333620737e-05	-0.006801392271815453	-0.08622394192422211	0.022166788885560906	0.00011071121380352751	0.024768609243001366	0.0005327925572243126	0.024469993734731098	0.0008132804112089468	-0.006411766361749643	-0.004126488848218771	0.0010591112397025737	0.00010789297742075641	0.00118201436090985	0.0005138131765771925	0.0011677336862937486	0.0007879537955521354	-0.00030686432258482496	0.07009098531558274	0.11032699765940257	0.08409710509100021	0.2363037219377151	0.40004022341614087	0.402096082376882	0.22294745769792138	0.89117921359888	0.9208277802196353	0.21873079948258525	0.8702210839098147	0.9061088102982388
cg21190595	11	3049937.0	-0.04587579479824405	0.014963137718906649	0.0022506067894345946	0.015875100876731392	0.003970034386887253	0.016690101949299686	0.007859704827787821	-0.007654199433399393	-0.03817719481529466	0.012492791923956997	0.0023264844608824704	0.013001095857207873	0.0034256912119830546	0.01318381704779124	0.005243316168641192	-0.006353866128546229	-0.04451158233320027	0.012295116276096356	0.0003173121832153555	0.012804394079552936	0.0005424480925256709	0.012156881582770654	0.0005259852836762823	-0.007431609753764648	-0.0021284734635527063	0.0005876362342275351	0.0003151218357849348	0.0006119764232720251	0.0005389686339307229	0.0005816404103855095	0.0005293556233117221	-0.00035541441180838413	0.3446219198007995	0.4806735163538798	0.5346021946077719	0.5902972054697899	0.8276112937654644	0.8326897594526024	0.32822431346820896	0.9035957458305294	0.8252485923974272	0.3265909238923665	0.8941202481490976	0.8241313741191877
cg22529396	2	127535610.0	-0.04597181469570249	0.012657326668967763	0.00030101313269806774	0.012571292752787792	0.00027376402877954495	0.013094073418777063	0.0008464243599322018	-0.007592105574721859	-0.040799861847602814	0.01185524754404803	0.0006118964636818593	0.012233308740868191	0.0008962519223762693	0.012352054151386977	0.001602800401568359	-0.006778348900795291	-0.04148022514702726	0.01043233340390378	7.794744747614257e-05	0.011941443940317487	0.0005477100046709771	0.011943591030023834	0.0009524169356671833	-0.006892935090257248	-0.001978774562261352	0.000498458222236733	7.999695478643317e-05	0.0005708477615902597	0.0005624297491225381	0.0005708567106520209	0.000972391712872345	-0.00032885775602734896	0.19278389025391007	0.23714953526659766	0.33194693514631196	0.47703705721750767	0.714148704518176	0.7650782487594872	0.19353855960023253	0.9058809040879812	0.9504452336097909	0.19135892213238864	0.9160610573168476	0.9514528791080519
cg15317129	3	117531631.0	-0.10469345586768938	0.02855256028523599	0.00026366757887633525	0.030560273199363972	0.0006475267970365694	0.025038220832242695	9.416870355027369e-05	-0.0029368306475417577	-0.1146794200158397	0.028783417128859037	7.459169956946057e-05	0.031170104464618244	0.00025146807628555873	0.025338416863780435	2.841926477201961e-05	-0.003324832296213412	-0.10625958885785965	0.02800832827844166	0.00016223491905890096	0.03059322228565401	0.0005483729564593513	0.025302566847287152	8.848566888971702e-05	-0.0029774811789837208	-0.005083992958002501	0.0013379401579258893	0.00015843543576008102	0.001460865406419712	0.000534854154871346	0.0012085192457249815	8.632062201124104e-05	-0.00014254736261484497	0.18624011046522554	0.3150488006179026	0.16642382311449974	0.2925289478900569	0.5702761030898944	0.2629512678639474	0.258543060005587	0.9058809040879812	0.5596483517216613	0.2534860513568098	0.8909459644908972	0.5546209577710505
cg00077547	10	61410614.0	-0.08949883718562157	0.023021145375187825	0.00011049333926274103	0.022156357864286474	5.9299074954748126e-05	0.02639229168636583	0.0012262716317608324	-0.003571653459760824	-0.08473987271799613	0.023114044088277177	0.00026433071471871207	0.02233101415953445	0.00016024056046140143	0.025669947422067577	0.0016122726233240253	-0.003402068379211456	-0.07364099684665801	0.020602550997701388	0.0003772149965701596	0.021208562529568764	0.0005505337487138624	0.025848696467528676	0.005972985798053804	-0.003016816510043723	-0.003514822696647744	0.0009842324561987609	0.0003818097529373611	0.0010128207010408688	0.0005543686667177989	0.0012344834854236617	0.0060015515736393955	-0.00014401409274389224	0.1330244988401337	0.1318860299857572	0.3683226906400987	0.38178248918465396	0.5556138735200101	0.7652861386080396	0.3443288462377548	0.9058809040879812	0.9999560135595468	0.34652488166646606	0.9159143347756359	0.9999316749064227
cg03402698	10	1809404.0	0.09529796576415644	0.03286545370727946	0.0038488767368387963	0.032443540285797594	0.0034152771539183273	0.03476167365815793	0.008014702882182274	0.005053528472100433	0.09356225766945264	0.03329926598581187	0.00509270267324537	0.032968711109922326	0.004668774469040295	0.03609390815874467	0.011918904478472244	0.005024917302518395	0.11460847185923369	0.03194272602852734	0.00035848037862045443	0.03302893657582779	0.0005551579594807454	0.03625481256759938	0.0024471509863015204	0.005991376583467907	0.005472282291169119	0.0015259509689663185	0.0003609013385089144	0.0015785981067386414	0.000562087285984371	0.0017339393177901884	0.0024849693793452233	0.00028639502686912655	0.3979463275013585	0.46717764870007156	0.5366364966906196	0.6497932208819084	0.8573191498176632	0.8532408278427948	0.3386648305853446	0.9097915154352008	0.9999560135595468	0.3373558421931491	0.9160610573168476	0.9999316749064227
cg07522403	7	66640997.0	-0.1098955414487036	0.030762599306908688	0.000377149127947322	0.03060531059354704	0.00035198389488234823	0.024756801826036595	3.859585654862248e-05	-0.0035309900081450032	-0.10987084480028597	0.031136436928707985	0.00044415039391277857	0.03055151725008671	0.0003448941050958013	0.024690292274270578	3.7139980395062935e-05	-0.003577334019088318	-0.10881742201591434	0.030555908586281596	0.0003961727163438345	0.031373271446299145	0.000558139353797023	0.02520970577012379	5.915949861670758e-05	-0.003495922220721613	-0.005188328114692057	0.0014597422676026432	0.0004066284170215311	0.001496984343690484	0.0005635098392765878	0.0012029526741637682	5.9879992630250755e-05	-0.0001668471016192172	0.20636139975511256	0.252171852959578	0.1211081131885353	0.45058779172730895	0.6423026294314805	0.3006726536850952	0.35290227763227544	0.9109892018065336	0.4352788530745079	0.35547147764716697	0.9160610573168476	0.4421801057540683
cg11950292	19	18336805.0	-0.08624068061298323	0.026357424117540808	0.0011185952761988164	0.0275996099224923	0.0018507700312994442	0.03232322814903253	0.009758191435243362	-0.005038311452873083	-0.08100678448803571	0.02355604054974183	0.0006177196600399599	0.023929561890482173	0.0007497911976332402	0.028420434382656543	0.00595027927860722	-0.004856144223713237	-0.0786860780012861	0.021820782742691947	0.00033487924481881355	0.02270127023221688	0.0005628933816592416	0.024782710346982078	0.0023492661344262362	-0.004868537681522952	-0.003756260258672996	0.0010425915378151393	0.0003389532248508989	0.001084299655711512	0.0005668646396267014	0.0011850409261833699	0.0023863550653137455	-0.0002325670655573893	0.28937108339446627	0.40175890008493775	0.5548461867863623	0.47703705721750767	0.6997202897659299	0.8326897594526024	0.3298136869963353	0.9127564874034986	0.9999560135595468	0.3325075114433329	0.9178286776880602	0.9999316749064227
cg27340723	16	4011607.0	-0.12703717946033335	0.030255346831764146	3.016693795999661e-05	0.029849521001520062	2.3552957930447456e-05	0.027967635745963334	2.6818545337688133e-05	-0.019003987665379182	-0.09139300934545654	0.026217581238205768	0.0005201395101640026	0.025949343799838154	0.0004553526086838063	0.023280424820262834	0.00022251132786134416	-0.013789534343343623	-0.09512734199725988	0.02621966463511731	0.0003080357511826462	0.027447874221565305	0.0005637319794825243	0.02437231575833227	0.00023982454317161763	-0.014318375975410877	-0.004547555902710288	0.0012525562059640396	0.000305093243602817	0.0013120201327808173	0.0005630605998694284	0.0011637575762476794	0.00023623972677939677	-0.0006845005912261225	0.07777747546663254	0.10035617863116118	0.1057527962909172	0.45782603081251955	0.6778341116247854	0.5418695401085498	0.3274646988171293	0.9127564874034986	0.7369441034300529	0.32495760599533313	0.9160610573168476	0.7415012663191807
cg14913216	8	143958936.0	-0.0630998513806208	0.021642534513966524	0.0036601744039884147	0.022396555289632053	0.004973318357630865	0.022425238364721812	0.006580744172676612	-0.004887449934522774	-0.07036736476907955	0.02100665135288435	0.0008509508407503164	0.021901989266912177	0.0013728787492974113	0.021506202669913703	0.0017603171881075948	-0.005591585370953231	-0.08045868227374278	0.020589968032870762	0.00010300577309742201	0.023223208062111745	0.000566133257121269	0.022307534478303373	0.0006258909173679736	-0.006375616508761787	-0.0038386908220844917	0.000983737737668204	0.00010532642892611343	0.0011098509462086916	0.0005783131343353546	0.0010650606200530107	0.0006310592996476589	-0.00030428729020285614	0.39404958132705303	0.5025017969025606	0.5183523474214909	0.4995320990494329	0.7436128318158894	0.7690547419510269	0.2171613846442384	0.9129925028578431	0.8633623653832845	0.21873079948258525	0.9180561192374871	0.8662604371963607
cg10317827	7	1769451.0	0.07832386555540115	0.03075375789065649	0.011076943408766892	0.03007917452039902	0.009404989493715368	0.029030317615086516	0.009009101022998548	0.001645963948368405	0.07984563570499792	0.031056294994931385	0.010340340796977555	0.030501056254174572	0.0090358165741335	0.029841967882914853	0.009564198119766075	0.0016292521608146505	0.10753834912061551	0.029396496658986342	0.0002746654546846587	0.031067087479087582	0.0005725576548047337	0.03358262317856127	0.00216781448271841	0.0022699906587285365	0.005135523203411686	0.0014043056379394743	0.0002759476008563639	0.0014848005820785604	0.0005783452131279209	0.0016071134507135351	0.0022113529980170928	0.00010838233882044779	0.5040088319466182	0.5699453573380989	0.5443349488650929	0.6977276234524669	0.8712142145333529	0.8467010775793248	0.31829804404194734	0.9196889094635893	0.9999560135595468	0.31604587857323013	0.9180561192374871	0.9999316749064227
cg25207147	2	178108352.0	-0.08866364316858145	0.03380920878091672	0.008912784667004587	0.03281220228805559	0.0070502904906650735	0.03131973761517613	0.006277638077574123	-0.0024497436543028037	-0.10081553086244403	0.03340647809434311	0.0026356042480727435	0.032418202113899806	0.0019456803073450496	0.03168793103892281	0.0023047778350691627	-0.00285152027864932	-0.1079944641071583	0.03036405769433271	0.00040303775090994037	0.031248293258526145	0.000584099976187349	0.030270537058836988	0.0007083417965263345	-0.0031112482695213953	-0.005150766250568376	0.0014505831142370034	0.0004118950058213556	0.001492321261003209	0.0005937435623960675	0.0014444099199883032	0.0007120174774715596	-0.00014839957831400954	0.4823400837365197	0.5424515749254667	0.5135892644675021	0.5980128887329897	0.7891751198268443	0.8001156830298464	0.35388900200993145	0.9345207140752715	0.8975736820369667	0.35547147764716697	0.9382346255606365	0.8940449701183794
cg21570709	1	150619999.0	-0.08533828561782482	0.024649145753302362	0.0005673746068595785	0.02397087360485951	0.0003949301420094232	0.026081261363210304	0.0017600077194845519	-0.01120099254668989	-0.0739028587275502	0.022378781807481173	0.0010060877474669559	0.022099953323271155	0.0008684701234438327	0.02411179949126777	0.003240147227450601	-0.009591002641691297	-0.07694632431342983	0.02196845343258865	0.0004924997977194402	0.022275589290673834	0.0005877751852109136	0.02351455711324293	0.0017585842790180308	-0.010069890219969431	-0.003682667765207032	0.0010496180428805114	0.00048173370286008744	0.0010638861990256902	0.0005724820928519909	0.0011243089721397247	0.0017417062819516224	-0.0004819598912969225	0.23272871967616762	0.26599169329950145	0.3966710493965007	0.5156039530632025	0.7132152365915807	0.821712329070322	0.363990671552605	0.9355149920924336	0.9999560135595468	0.3611066915644718	0.9180561192374871	0.9999316749064227
cg01719577	19	15727946.0	-0.11023968872679735	0.03319675515673696	0.0009425609089963242	0.03370684735971227	0.0011241685046461353	0.03167115816090688	0.0009297576817810034	-0.004982600487932781	-0.12390540112487838	0.03275191817687762	0.00016772340779446407	0.03288403816660725	0.00017805769962907824	0.030747854155309003	0.00015732788350091622	-0.005717650748070725	-0.11904008025189658	0.03261950575455059	0.0002841033660727558	0.03446883374464331	0.0005893437298097266	0.03323820092531073	0.0006782056489198139	-0.0056012483693296915	-0.0056970682488303535	0.0015582568954770515	0.00027693168947448885	0.0016461109955081678	0.0005737323132002361	0.0015866091591076525	0.0006585716855537719	-0.00026809386151621526	0.27390289758683484	0.3593301676877987	0.33910411322631817	0.3352968820688399	0.5556138735200101	0.4948152681488523	0.32171334335694746	0.9355149920924336	0.8884340362029418	0.31604587857323013	0.9180561192374871	0.8813579595361898
cg12457683	2	220528705.0	-0.09645528817459367	0.02263050341601175	2.2918286428764316e-05	0.022734604354019698	2.4952651849967478e-05	0.022696648703378845	7.448600042379103e-05	-0.0032983048409735843	-0.08693656990318774	0.022611058773786493	0.00013129084293898467	0.02324961183448164	0.0001992112639689428	0.02342389739694017	0.0004480323166229677	-0.003000598659124886	-0.08309376658599837	0.021930717113807528	0.00016541970679447804	0.024081471309697424	0.0005958770533313366	0.024533906634302258	0.00124216278106485	-0.0029096540644873593	-0.00396996152103965	0.0010476607948214762	0.00016513588419076215	0.001150588755658515	0.0005962087219035967	0.0011721570799503582	0.001242200022083916	-0.0001390507205992111	0.06864306226710576	0.10143262613915165	0.14870393867935927	0.33424088853692474	0.5610821468259477	0.6186065970840329	0.2594132543470799	0.9421910206196032	0.9999560135595468	0.25856307114705557	0.9382346255606365	0.9999316749064227
cg21885317	8	123235854.0	-0.21056097882871444	0.042734197288169906	1.034144836698688e-06	0.044324404506407906	2.4472549113990515e-06	0.04271202504286973	6.644290616332582e-06	-0.00963219129913783	-0.16731523243370758	0.04004513093215873	3.29972658908749e-05	0.04219478923828803	8.062244009659234e-05	0.03980598445413736	8.736918302152141e-05	-0.007851188251037306	-0.14369295066650523	0.038077126892912844	0.00017559411242889576	0.04167308512067728	0.0006011596258463139	0.04021219693124255	0.0006956717457790331	-0.006830306336946375	-0.0068794737362720855	0.0018189516541879125	0.0001699127110701704	0.0019878484339303803	0.0005740717964825461	0.001916932509320855	0.0006625957395844585	-0.00032737318642751866	0.01902746588333659	0.03537882802860151	0.07268907806894463	0.2366101740350651	0.4462526321722755	0.39705172750179496	0.263676668008756	0.9468451238480485	0.8975736820369667	0.25856307114705557	0.9180561192374871	0.8813579595361898
cg10652508	19	2809935.0	-0.050327415633358706	0.016287602393884194	0.0020786403048802657	0.016183038035120643	0.0019448839175668373	0.0145165019849967	0.0009706247115730417	-0.005947852357595568	-0.04948714458102191	0.015538805962213078	0.0015112521575494549	0.01551263154579347	0.0014838186402225096	0.01461446970566619	0.0012449068447016637	-0.005939839255194322	-0.05103093500589477	0.013276474813236568	0.00013314784713147173	0.014819339525686887	0.0006112090974481183	0.014310225465732023	0.0007119130330484105	-0.006072758790680096	-0.002438934745281784	0.0006341362542582883	0.0001318998153411642	0.000707743638475068	0.000605608327212093	0.0006845081105061814	0.0007186717957591142	-0.00029025712301781895	0.3366265864236755	0.40538411266964836	0.34315675160179504	0.5509677392980905	0.7510017267708389	0.7287745341240386	0.2303247222453783	0.9588336129936045	0.8975736820369667	0.23229306705518699	0.9428459827457409	0.8973002611650496
cg27394127	16	14631761.0	0.09239794902740747	0.03665513001737667	0.011924404605089036	0.03723953052275165	0.013320517001028844	0.03841326264528354	0.01920424403408353	0.004687503300554664	0.09920800573082846	0.03693419507181393	0.007396325105396217	0.03782858686157491	0.00891155472305762	0.03870231741055857	0.012847857032056586	0.004985655481960961	0.13950947122202534	0.035958546954320846	0.00011527735023130922	0.04053176775091603	0.000614675812683578	0.04149872854267583	0.0013412781027598477	0.007119513112803434	0.0066739084185570285	0.0017177427946578696	0.00011273528018084163	0.0019353080132740368	0.0006002867983615412	0.001978646347664297	0.001296233685537333	0.0003404726953374811	0.5094245711869515	0.6047924052620792	0.6205133609277311	0.6681622952875064	0.8712142145333529	0.8575829943388813	0.22542179545256058	0.9588336129936045	0.9999560135595468	0.22152099474486223	0.9382346255606365	0.9999316749064227
cg06371583	19	2581345.0	-0.08319598412024917	0.018139183548032754	5.3085173848306924e-06	0.019111220495775665	1.53424388576908e-05	0.020070702033732367	0.00010653156235430582	-0.013076458760834476	-0.07207221159504176	0.017773338900411852	5.5585798058927086e-05	0.018772744400183835	0.00013429994309640373	0.020936717259500113	0.0010472160394936038	-0.011466709661721667	-0.0647850751074176	0.016081912929236213	6.281551918697091e-05	0.01882498864454854	0.0006158774933194752	0.019514808423745162	0.001523831834631286	-0.010420506998741356	-0.0031015015116219883	0.0007682646023785285	6.0617411928537585e-05	0.0008993821319594712	0.0006003284921061528	0.0009334942789447964	0.0015115393108783366	-0.000498803047585625	0.04079042178753349	0.0811097174903521	0.17529335530269502	0.25960984175282353	0.5388731217446908	0.7018133280038732	0.18622702215417686	0.9588336129936045	0.9999560135595468	0.18463878060052252	0.9382346255606365	0.9999316749064227
cg05160197	1	203166762.0	-0.09324067878977362	0.0225367900171152	3.926925165901644e-05	0.0281962811815113	0.0009900458394646536	0.02605974414424899	0.0006856666925075467	-0.014159638733515799	-0.09395733843289761	0.022543297860182814	3.4487615013646425e-05	0.028584256706714384	0.0010616306756792444	0.026431253600307833	0.0007376129990765769	-0.014249435273736122	-0.10375997808236942	0.02342597236162854	1.1100706625505261e-05	0.03017686811628944	0.0006227204635380166	0.027280690553554726	0.00033260130995627643	-0.015709780427380953	-0.004966982354392234	0.0011190191359773073	1.0639531263042763e-05	0.0014433658023759357	0.00061630336959181	0.0013054837665488176	0.00033121166547486964	-0.000752016807354397	0.08486719303894202	0.34458617801893454	0.3093036039933051	0.2366101740350651	0.7199909017862371	0.6586180831808145	0.07020902078112337	0.9623316987096283	0.7630718135971118	0.06729220911325373	0.9482160297451399	0.7625269688073317
cg14333542	10	73887803.0	-0.09762234699138979	0.021036170840018128	4.120963490091064e-06	0.021594014832768755	7.193585564416173e-06	0.02160269097439291	2.912316468868261e-05	-0.0114228424309278	-0.07828956031523115	0.019293262914565956	5.4939417836180223e-05	0.020260717502770392	0.00012155817243322149	0.019790801120762768	0.000201351869151604	-0.009350655647336167	-0.07505812452853337	0.01873940236848267	6.91103522092614e-05	0.021830773145079148	0.0006232054140783533	0.020074516856757534	0.00040997477509513056	-0.009127621560081609	-0.0035890700195276752	0.0008951620062148146	6.796564417897437e-05	0.0010436082085705392	0.0006211356120425257	0.0009592438867322791	0.00040656281858459823	-0.00043655464407018203	0.0347519992585319	0.05936119257716694	0.10815194469889003	0.25960984175282353	0.5388731217446908	0.512602601577319	0.19292893585049278	0.9623316987096283	0.7942345857180322	0.18973336101860538	0.9487740998090931	0.7966791431325227
cg00150245	16	19111382.0	0.05856824188621662	0.022968561364978966	0.010979059002323132	0.023216837322115325	0.011859905128606131	0.02309497742751636	0.013790677318736962	0.0024834527147814464	0.06410532070317532	0.023096861761184726	0.005654736288829386	0.02371812481511866	0.007037902477567661	0.023896150755960268	0.00938616942118394	0.0027229199329195392	0.08020634701367053	0.021546847890907512	0.00021450904437319182	0.023336313072092607	0.0006259316770041338	0.02324443626229436	0.0010210646955320236	0.0034180437598360855	0.0038291993616653064	0.0010293423348022837	0.00021649096631462273	0.0011146858694317092	0.0006299113130313857	0.0011108363401937898	0.001031954845623208	0.00016320438906572312	0.5028291453967798	0.5920197284094926	0.5869293417864891	0.6577446107359571	0.8589046105500612	0.8467010775793248	0.2847067152267017	0.9623316987096283	0.9504452336097909	0.28637863665925467	0.9549715019579902	0.956235101380295
cg24989577	17	61392795.0	-0.07074878537235375	0.01700883501748917	3.571120190951946e-05	0.016939140390682537	3.318723804497599e-05	0.017163729352498998	0.00011524591750485354	-0.01201836615268882	-0.04816958594633845	0.013318660565207467	0.00031921711599316196	0.013553204246020644	0.0004040231012054902	0.01414779651648769	0.0011759968786079944	-0.008229274924930358	-0.04437632628928782	0.011994843711613344	0.0002342857356035142	0.012915868454452658	0.0006286079694435012	0.013600673385360843	0.0018093426509768686	-0.007614795335602988	-0.00212519518198096	0.0005730483449409422	0.00022631551323897694	0.0006175013167505475	0.0006155111158990539	0.0006505106790605609	0.0017869000024868654	-0.0003646787271138235	0.0837116650572016	0.10759831129010973	0.17861902643567207	0.4049303901482656	0.6711027688105078	0.7168996195162033	0.30298684637315426	0.9623316987096283	0.9999560135595468	0.29456164757367465	0.9482160297451399	0.9999316749064227
cg25325932	6	76073753.0	-0.04555166071832523	0.023099771189532183	0.048994708573099045	0.02439731104277885	0.06229419823096426	0.021889554447538203	0.04164173940536606	-0.0071073906593920495	-0.0598602605949418	0.01932399551984678	0.002025971241710243	0.020676263028512814	0.0039048753828658848	0.015603394855213054	0.0002986694078173864	-0.009485534029032568	-0.07158593411039774	0.018293782414249476	0.00010075423130310202	0.020850790487783245	0.0006344445165879878	0.018394381623444388	0.00024898785410214875	-0.011348628966151346	-0.003419972551692651	0.0008740615428354964	0.00010091443338758964	0.0009962989956112836	0.000635758036211555	0.0008773018079186244	0.00024365946948291063	-0.0005422841139623743	0.6696345162212851	0.7649658793676458	0.7037264208349505	0.5724423179841965	0.8348808230001029	0.584040091326305	0.2148440515123787	0.9623316987096283	0.7577898537370682	0.2149918267890984	0.9574082406324214	0.7471909926947047
cg01870113	9	137211558.0	-0.05540093437497414	0.01755275244249621	0.0016642328145660555	0.017928329804895813	0.002077177130929818	0.019150895556519075	0.005285953623124858	-0.00953932897985283	-0.026716782947806706	0.010129335624391536	0.00853059250981971	0.010971719428642994	0.015131153829082361	0.011101233309642347	0.019142842791814087	-0.004603156173291949	-0.031101502941908055	0.008127908606269317	0.00014257825088426465	0.009060894287256493	0.000636169696346388	0.009297894622030537	0.0014115735918384179	-0.005363587349678609	-0.0014898276090399552	0.00038829891214393984	0.0001368599371670287	0.000432868828791783	0.0006151789043843253	0.00044464216470116143	0.0013876542761957736	-0.00025692568313403813	0.31813758280794757	0.41137747201421637	0.4990844890007161	0.6783503321992649	0.8824479883571377	0.8629799903996972	0.23597073460682122	0.9623316987096283	0.9999560135595468	0.233529251191925	0.9482160297451399	0.9999316749064227
cg00576267	1	47183833.0	0.03406422732131382	0.01781706022321518	0.05628442996066447	0.017394773982736787	0.05057762324122118	0.01940331909414882	0.08417905771534426	0.002154101479110909	0.03631416274494473	0.017658489652796285	0.0400970493198883	0.017140273369956466	0.03446230021233536	0.017638144357627263	0.043786423232034764	0.0022790482324913284	0.055381142460498634	0.015954088367970343	0.0005524438667396295	0.01613654657229703	0.0006372446903038801	0.017001961159242567	0.0018392246662680084	0.003475660760211557	0.002649606171903447	0.0007621318463309505	0.000541856932281081	0.0007707794902040058	0.0006245917685901483	0.000812251226118667	0.0018134221063631887	0.00016628901395595176	0.6858005602711431	0.7436776628541121	0.7745141180413508	0.7810657224897845	0.90366880157135	0.8956127523367542	0.36986309823868946	0.9623316987096283	0.9999560135595468	0.36614582086141695	0.9504666536286692	0.9999316749064227
cg25103772	1	176544569.0	-0.10306740252370179	0.028637000163225106	0.0003410480438922906	0.03021502917508395	0.0006828059956825803	0.028614257119736065	0.0006355531583652193	-0.008835413311230089	-0.10623174359004187	0.026968506810072273	8.974426562562028e-05	0.0287845218232719	0.00024062663206407607	0.024981050110773416	7.378860533899709e-05	-0.009292254805869645	-0.10552868760818448	0.027260146721911217	0.00011930615718705264	0.030758867699214067	0.0006400053247522811	0.026841967031995803	0.00021832209876232938	-0.009527716039769296	-0.0050412738315693695	0.0013022738577089133	0.00011932484542553946	0.0014700101000890376	0.0006433108931105879	0.001282730274090821	0.00021931495246618244	-0.0004554167290850611	0.1999123062850773	0.31861632926128786	0.3030166243846273	0.2961243236921875	0.5702761030898944	0.39705172750179496	0.2255672927596425	0.9623316987096283	0.7335639821568063	0.22436131391470449	0.9614851652895635	0.7415012663191807
cg04826355	4	2270843.0	0.06477225655513982	0.039441677499230346	0.10097624768032434	0.03903117140401314	0.09744740013326464	0.03591563390375858	0.07625554962377132	0.0009889717575699286	0.06927821220953918	0.03964614108280962	0.08099190826252835	0.038754422218649165	0.07425768453102237	0.03710839909344359	0.06672118798691114	0.001021780821263328	0.09859530675845744	0.027902103390649496	0.00043911478957479877	0.028745462642854443	0.0006420808630955582	0.02898433383124377	0.0011871196309146568	0.0015600782002109844	0.004713529533782826	0.001332921226831101	0.00043485745621747035	0.0013732205067101733	0.0006362490932922612	0.001384013393830895	0.0011725509929913943	7.453033901088323e-05	0.7512650719034524	0.8073736104896845	0.7667056840515573	0.8193482751243006	0.9153779856699878	0.9017367856155826	0.3599193278402209	0.9623316987096283	0.9905930636798045	0.3596112357220312	0.9574082406324214	0.9924799713815092
cg11887996	12	120121199.0	-0.051937243625566586	0.01319273055043858	9.05314225315674e-05	0.013906843181960352	0.000202724353721684	0.01549549999612239	0.0013828401745946423	-0.006700928351359722	-0.03898719958447377	0.0123791295674096	0.0017035181509940512	0.012992580987296136	0.002786382289856018	0.013542466819078433	0.005496171380340144	-0.005001680501470134	-0.042045095609556	0.010673218921966106	9.059954381188248e-05	0.01226209417841685	0.0006445853132782894	0.011801116743627691	0.0007192168752362745	-0.0053851255055171595	-0.0020067284994918057	0.000509903392509899	9.201116847771402e-05	0.0005861897675930214	0.000657590314320359	0.0005641632478225867	0.0007324842845673694	-0.00025698741607193995	0.11971799325762379	0.21821018451979496	0.37651059715088936	0.5633218950877152	0.8235487652046981	0.8326897594526024	0.20258936649191	0.9623316987096283	0.8975736820369667	0.2033749171678494	0.9648062205816877	0.8973002611650496
cg17126622	7	1452382.0	-0.036467202647999034	0.019774081465935893	0.06556298896197248	0.019626419523846337	0.06356465910744089	0.019656337051021006	0.06839581654088778	-0.00540522952825279	-0.045781738976064815	0.015191222430091881	0.0026714331467246376	0.015049017262477322	0.0024341081782653378	0.015052145141213094	0.0034671127164245035	-0.006844977762300882	-0.05034547112347168	0.013615100426923741	0.0002359632402872972	0.01468471973509614	0.000645616207397021	0.012809072398661026	0.00021906655035769843	-0.007544267064896832	-0.0024057091813685268	0.0006507523985384451	0.00023683400816049702	0.0007017783877271524	0.000646568394184829	0.0006129331385015124	0.0002231253393995556	-0.00036049841901854735	0.7020099291343271	0.7672929809773432	0.7546077899160538	0.6012477423343741	0.8143009462248806	0.8237939144125507	0.304184421315965	0.9623316987096283	0.7335639821568063	0.3023738084463867	0.9614851652895635	0.7415012663191807
cg06439941	7	93921444.0	0.07909113719433852	0.028237865733743334	0.005231954748502852	0.030102284863042974	0.008785560578821692	0.031899997740458166	0.01594116470251197	0.006585608011644088	0.09259054452654403	0.027224040499496255	0.0007083122648225368	0.029412996247334983	0.0017120654436293204	0.032103616231981456	0.005416617845998163	0.0077351894161498316	0.10076474519486657	0.026729354134702708	0.00017831308657715044	0.029405068521185084	0.0006494671359844636	0.030975583938012852	0.0018630658487941937	0.008007963494870854	0.004817335319104992	0.0012769990233422789	0.000176524027276156	0.0014061123435920367	0.0006513143356611317	0.0014811641000357636	0.0018666367234098484	0.00038298316821267436	0.42543317375717754	0.5629930671148712	0.6024498779693822	0.4922296646046067	0.7771153132444778	0.8326897594526024	0.263676668008756	0.9623316987096283	0.9999560135595468	0.26205209766890947	0.9621933238391236	0.9999316749064227
cg08734600	10	124447659.0	-0.11807276158222414	0.03792131862575207	0.0019207380855915575	0.03767151888415393	0.0017922736655221734	0.040521639612768647	0.004984723919092518	-0.008271910679107892	-0.11972868072117539	0.03504602132625378	0.0006703597526639203	0.03451190053781606	0.0005530866966878764	0.03806620862771202	0.002564411107345965	-0.008529617647209543	-0.12396120823506113	0.03397386534950165	0.00028478681884080493	0.036183017244764006	0.0006514227367644504	0.04167446144022131	0.004199708944672877	-0.008681446689662458	-0.005923598594191588	0.0016232221237419016	0.00028417772066629795	0.0017304103423727612	0.0006578500502257896	0.001993559701008893	0.004237387054654241	-0.0004152873939908973	0.32765740171622515	0.40117998677728745	0.4947845762977015	0.4845539852902851	0.6875814646099725	0.8100358529526835	0.32171334335694746	0.9623316987096283	0.9999560135595468	0.31944402778492104	0.9648062205816877	0.9999316749064227
cg24990317	12	124424071.0	-0.08205193568235464	0.023527052114935	0.000516855490633938	0.02353600363823673	0.0005193823979226769	0.020328195769268507	0.0001538625601502182	-0.013755992388880756	-0.038661966831782836	0.015116931607609333	0.010745684885883598	0.01564101331344903	0.013672411164922446	0.015622364144922993	0.016126957936617614	-0.006413669982586291	-0.05177715954457891	0.014246521019617972	0.00030077597349644516	0.015115073685534367	0.0006524093271561968	0.015790808446288655	0.0017237430774489754	-0.008619798950320718	-0.0024737713917932316	0.0006805804621784006	0.00030029148648024015	0.0007216543657186273	0.0006468050421488682	0.0007546227767800827	0.0017278252624239898	-0.0004118365161378993	0.2291504009477298	0.2909201521738544	0.1928189845010586	0.7020621772899013	0.8774551407386096	0.8615909685990398	0.32489285517089417	0.9623316987096283	0.9999560135595468	0.3239786864077423	0.9614851652895635	0.9999316749064227
cg17954695	5	138139843.0	-0.09599702302837523	0.03666780769304007	0.00902875855621827	0.03741574351679573	0.010497132980152145	0.0403182185051948	0.020404001465850172	-0.0067160460203560595	-0.08182289330233038	0.028263489129806616	0.003906309655422652	0.028934228186654587	0.004815713215702588	0.03232231639103406	0.013951646448232744	-0.005643760798074119	-0.10621384850924928	0.028181501339336192	0.00017893976070868187	0.0310179875136806	0.000655399505571482	0.032045966293088035	0.0015487981026039732	-0.007529641976343945	-0.005071533751855261	0.0013466687167748776	0.00018101011429731543	0.001483325514867924	0.0006679131122140689	0.0015320221573227725	0.0015679770496042757	-0.00035972237772583567	0.48323257631385697	0.5787562420234486	0.6257159074348304	0.6325444772581694	0.8573191498176632	0.8600750954995368	0.263676668008756	0.9623316987096283	0.9999560135595468	0.26228713162675743	0.9690318039474818	0.9999316749064227
cg12138286	4	70700807.0	0.07893478205835794	0.023916720268576556	0.0010127066228150436	0.024681901007962224	0.001443581089655602	0.022457394132565926	0.0008359587904515439	0.004048353096691753	0.07797272985623462	0.0240049535530507	0.00121529859951738	0.02490385456202783	0.0018128801485504877	0.023377178971338685	0.001453290319413096	0.003953770991853565	0.07972745343091804	0.02198940657652189	0.0003108182565626557	0.023285266659654292	0.0006561628053644976	0.022707703767321178	0.0008460439810412725	0.004013038546187227	0.0037960277587727165	0.0010505468627402441	0.00032568619493316276	0.0011119171451842574	0.0006802674329209984	0.001085805697153914	0.0008865441463835129	0.00019120282939120135	0.27962239079327544	0.38311237122888775	0.33142204414823434	0.5284679729626925	0.7798332254736579	0.7395670397022769	0.32822431346820896	0.9623316987096283	0.9331450157434045	0.3265909238923665	0.9772411854837162	0.9453805653783303
cg07123796	1	1015591.0	-0.04653796017725928	0.01329489603257912	0.0004929067687133329	0.013324225339627162	0.0005071046524108608	0.012843694823849047	0.0005937390900185291	-0.007960658739358195	-0.023771055341079636	0.00886613634414647	0.007505917461221564	0.008749614691503708	0.006749706638835974	0.009881056306110459	0.01918728888642414	-0.004049524304925549	-0.029459526559875236	0.00814540184534946	0.0003216166990995278	0.008610471418208197	0.0006623159079789922	0.008001302228837699	0.0004927260870587875	-0.0050221626367234155	-0.0014089987601967687	0.00038909096369772305	0.0003161211545642823	0.0004111211262774058	0.0006484596688202094	0.0003826105041393853	0.0004915407045239643	-0.00024020356875274475	0.22570167484172965	0.290022926670574	0.2988297253014815	0.6695169210457577	0.8573191498176632	0.8631678262378047	0.32822834447640425	0.9678491703229618	0.8218047660305101	0.3265909238923665	0.9614851652895635	0.8241313741191877
cg02935904	1	54801620.0	0.1146247292278049	0.02549960928320259	8.090923381733526e-06	0.02625784450106935	1.4537908759929258e-05	0.026816776177454413	6.843246975453908e-05	0.005519860133983519	0.11373241998798592	0.025690554296147475	1.103654007906056e-05	0.02666189935137281	2.2585061060753772e-05	0.0268978308080831	8.018257941617281e-05	0.005536803590223885	0.09855174059854169	0.02572511224636275	0.00014008175786910603	0.028824998341428248	0.0006680620101042801	0.0269297896980845	0.0005291038945137487	0.004841281758815095	0.004711454737309463	0.0012289076841735427	0.00013847558913450528	0.0013776637212768313	0.0006658481616266427	0.0012852659713346768	0.000518784906303911	0.0002314870574672194	0.05101949350328747	0.0811097174903521	0.1427850536322247	0.1413252018175815	0.2688837873927969	0.39705172750179496	0.2352809717656861	0.9686221443029297	0.8269199294708832	0.233529251191925	0.9690318039474818	0.8241313741191877
cg06853416	1	2862276.0	-0.13385848774795864	0.03453040467780756	0.00011556561960158072	0.03631172664667046	0.00024444883619203237	0.03666715644664847	0.0005444294806113011	-0.021376234167581123	-0.12959938673805002	0.034529398716318174	0.00018857927658552559	0.03687872632999773	0.00046865447146379605	0.03771018177384954	0.0010656942988121459	-0.02069965817957938	-0.13424798211913974	0.03569097296178269	0.0001842889174375847	0.039268152869573296	0.0006685882672458592	0.03873417659468361	0.0009737353300338171	-0.021540151503802937	-0.00640481095044856	0.0017051192899268403	0.00018805552444608475	0.0018767346704286047	0.0006832321671507194	0.0018502052490143063	0.0009865113452652548	-0.0010278971476891292	0.1351909103458215	0.22746835232257342	0.2934431404131615	0.33926082361830584	0.6778341116247854	0.7056194151720405	0.263676668008756	0.9686221443029297	0.9504452336097909	0.2670737976832867	0.9772411854837162	0.9538473878379496
cg10176692	11	48216744.0	-0.1726804047820733	0.04051480313345775	2.292074452125526e-05	0.04586573091861914	0.00018009806908800039	0.04732079834748637	0.0005470293616533214	-0.015988568229144965	-0.1665958633197311	0.04042727443154645	4.2132068943517334e-05	0.045935526604476404	0.00030728570022630974	0.04824296842205115	0.0010125476573501473	-0.015381113188907069	-0.16236427703204437	0.040660913837580824	7.26854654698664e-05	0.04752185374948779	0.0006737371469729765	0.05054713541575217	0.0021048061065681205	-0.01524860791351732	-0.0077731536218336485	0.0019423853077554603	7.01168578204843e-05	0.0022715163323953833	0.0006607619022708673	0.002416641718751618	0.0020776090040128207	-0.0007303066081596348	0.06864306226710576	0.21008829020071487	0.29430715164421595	0.25397810294800055	0.6112860958550336	0.7008510312995376	0.19353855960023253	0.9686221443029297	0.9999560135595468	0.19135892213238864	0.9655782855123051	0.9999316749064227
cg09597022	6	33320555.0	-0.134017673470986	0.03085993090664342	1.607358853078746e-05	0.03073955402975233	1.4903327602866878e-05	0.030868267282487122	5.422430787504904e-05	-0.010659683555745193	-0.09474005124849633	0.028395644990404083	0.000892186681685092	0.027445813278912913	0.0005891788815639093	0.02799355130307003	0.0012518704238252461	-0.007660151651118253	-0.08881951081972195	0.0237461242878316	0.0002000463719460975	0.025996647554838936	0.0006738533821875679	0.024756577368826756	0.0006648602242188462	-0.007223403274016025	-0.004268990585350688	0.0011342333744194574	0.000182588495565968	0.0012408768614288435	0.0006184277300497228	0.0011808944656658555	0.0006097158955589793	-0.00034732559839986986	0.06417862371385692	0.0811097174903521	0.12698917064563983	0.4995320990494329	0.6908051206401065	0.7288112796553561	0.27264434537190974	0.9686221443029297	0.8858865304519817	0.26228713162675743	0.9482160297451399	0.850731793304385
cg26068169	12	123233239.0	0.21022480028425258	0.059134668151732336	0.00040248179429534705	0.05997280921742428	0.0004840770521575986	0.05274767249759803	0.0001824322038210809	0.003988287813828555	0.21270154772194794	0.05970977080626206	0.00039189904658874927	0.060512594387597256	0.00046728302870900656	0.05330206847269017	0.00017940473170698583	0.0040668677008586455	0.23051720065044462	0.06135918149391177	0.00018759688826339396	0.06747801230863334	0.000674809576225845	0.059781339502594726	0.0002800412655537122	0.004582464933333781	0.011007498011905396	0.002931237453265781	0.0001887809376716895	0.0032251654840571384	0.0006825905639540547	0.002854549955548592	0.0002799329538793096	0.00021882359298868663	0.21002687127132458	0.28414255860389037	0.20399296894836624	0.43586187519365294	0.6778341116247854	0.49649630768414976	0.263676668008756	0.9686221443029297	0.7630718135971118	0.2670737976832867	0.9772411854837162	0.7625269688073317
cg03281139	19	3451137.0	-0.062351420085928755	0.022191299570178173	0.005092013802103907	0.024311966851082778	0.010528542250311778	0.02200457197765223	0.0062319622231108126	-0.008530351606252035	-0.05896371512716089	0.019431114520962668	0.002496087223155561	0.020799823712812762	0.004713696247262929	0.02065983856073668	0.0058891944008017645	-0.00831513277359077	-0.06442948809773671	0.017024535891332317	0.00016831779596341537	0.018881109426211476	0.0006841278367649555	0.01941796476453852	0.001531952964111491	-0.00909218363914563	-0.003076534662976814	0.0008133692094784391	0.00016968005202074065	0.0009020009471566453	0.0006880569042248787	0.0009273624973019078	0.001534388531757657	-0.00043416029798331896	0.4234971487275582	0.5788095773065262	0.5133804060571965	0.5945870792784216	0.8573191498176632	0.8326897594526024	0.261042844457698	0.978527625969007	0.9999560135595468	0.25856307114705557	0.9772411854837162	0.9999316749064227
cg18347010	17	57811171.0	-0.07139021440713081	0.032188010192480854	0.026869947850441864	0.03269205920275186	0.029302858359896503	0.038361923330848875	0.06757009667995995	-0.009900559380738116	-0.05801616725403397	0.02252203409798044	0.010194054028567332	0.022665443454494196	0.010680124119155584	0.029278239580469764	0.05204183985299465	-0.00806413846827701	-0.07285039598537824	0.021139002716585788	0.0006052031058827777	0.02137409702835471	0.0006941266700972769	0.025443982565118956	0.00574173278009395	-0.010281115816099362	-0.003479138221215917	0.0010105338075081698	0.0006126859903325447	0.001022301693956787	0.0007070037727494695	0.0012181884580800815	0.005857166506668772	-0.0004913464141477355	0.6027431575347614	0.6887420725241723	0.7531331498972909	0.6967313844889831	0.8712142145333529	0.8968805198020288	0.37186185479703127	0.9892147742392695	0.9999560135595468	0.3712647802766144	0.9888581033338698	0.9999316749064227
cg24086611	6	136072983.0	-0.09264043907821831	0.02571302443782178	0.0003362351210536358	0.025569977472479917	0.0003115111211020793	0.02102642129419511	4.33384836874131e-05	-0.004727857202250812	-0.09380356291728023	0.025366511286302414	0.0002338993327071679	0.025720415002857804	0.0002843982535219771	0.021215377671665203	4.1038962953886425e-05	-0.0048133697145941725	-0.0907267221833752	0.024863809074457257	0.00028454315655739655	0.026637246545072952	0.000699996370729425	0.021699352315437147	9.425424446567266e-05	-0.004637608624833303	-0.0043292022062319975	0.0011878156869702735	0.0002892137801006823	0.0012734073704100727	0.0007160577713599565	0.0010379849877466933	9.762743962114634e-05	-0.00022137730798607602	0.19825383084564904	0.24293219727230006	0.12318438072026401	0.3669708278728897	0.6058925171336129	0.32220762355213406	0.32171334335694746	0.9892147742392695	0.5766141442324382	0.3221126937880481	0.9888581033338698	0.5635648434047892
cg02915015	6	24911101.0	-0.039386630487266656	0.02033215098751474	0.05311390895275264	0.020380346724495492	0.05367727245720827	0.02362757625422342	0.10064584464327704	-0.003128959676755085	-0.04737632703201316	0.020471172670322398	0.0209321183123379	0.020437968561537838	0.02072570038950715	0.02332206116035606	0.04657806648445884	-0.003731616283645174	-0.06314639488836789	0.017309544127719855	0.00028549833119007897	0.01854541660108429	0.0007026457298201696	0.020355390046056132	0.0029086785029331466	-0.004829104202966955	-0.003017959364939111	0.0008268862074640253	0.00028363207914722255	0.0008853872693805122	0.0006934215085187066	0.0009727245260183584	0.002905388985007814	-0.0002307357916637242	0.6796169600317341	0.7504756559190654	0.7910838861818531	0.7428516260584844	0.8887080694557365	0.8964816006937243	0.32171334335694746	0.9892147742392695	0.9999560135595468	0.31944402778492104	0.9814169177717748	0.9999316749064227
cg20850016	3	5123569.0	-0.11287163082308571	0.0246379653440757	5.441638548374829e-06	0.025334032296150694	9.699687828923167e-06	0.023751902297408863	1.2667843632398803e-05	-0.009141956210124242	-0.06071505639957617	0.018578542076491737	0.0011344464883383074	0.019371853851647795	0.0017932560683638825	0.017371294995809677	0.0008890621042109228	-0.0049660305963829055	-0.06769378736553326	0.01792306125566108	0.0001734189741771316	0.019881588046181925	0.0007029276462961246	0.018578588045345096	0.0005567048303593071	-0.005659684873813278	-0.003230312090586437	0.000856374251705609	0.0001767372213349184	0.0009503407209213304	0.0007175766914155332	0.0008882812863963461	0.0005693648960779068	-0.00026998259142229524	0.04079042178753349	0.06769428859405183	0.0870585367177528	0.5254057813375802	0.7793282510935321	0.675132990640565	0.2629103094544639	0.9892147742392695	0.8360103326260463	0.26205209766890947	0.9888581033338698	0.8380699299240122
cg08022819	16	29873485.0	-0.05047797298415953	0.021507667145105012	0.019194646814202524	0.021375417314147386	0.018464858388869576	0.020879036655011562	0.01862456072190812	-0.0045587825080030345	-0.05405546498567748	0.019837290494297305	0.00658740945706875	0.019726339432081876	0.006290993469827932	0.01974201738784279	0.008088138333164224	-0.004881806961707139	-0.04978678995023286	0.013859708739523937	0.0003527834079062045	0.01462383623946198	0.0007038187250475184	0.015274260419769297	0.0018272296928980502	-0.0045260175839554	-0.0023769983621319446	0.000662208044210213	0.00035637402541583135	0.0006988721767308754	0.0007122283023342138	0.0007305005559899387	0.0018580908131082443	-0.0002160972003308904	0.5620012095040391	0.637662329180071	0.6173833794164233	0.6647045328889729	0.8573191498176632	0.8467010775793248	0.3368524018424201	0.9892147742392695	0.9999560135595468	0.33547476076720106	0.9888581033338698	0.9999316749064227
cg19507068	7	80134860.0	-0.15476177009446274	0.06376582254242855	0.015465512691008538	0.06455740318221515	0.01676967270196714	0.07830802678175952	0.05264513426905545	-0.008171557753208467	-0.1825714695758172	0.05534749939237194	0.0010193216480522526	0.058084485127034256	0.0017396557816909907	0.06774006300798019	0.009077491611692311	-0.010324880241566553	-0.20998502685186443	0.05457504838366885	0.00013107953022777893	0.061700871523478966	0.0007069155950226335	0.07266051790146613	0.005329197117162883	-0.011890710656199871	-0.00999391725822883	0.0026099522514188307	0.00014108584338222842	0.002948893238310992	0.0007439697124981611	0.0034767663501587675	0.005563894973092149	-0.0005673803568052962	0.5365252505660361	0.626165413199685	0.7275791210047369	0.5157550933294187	0.7787301602441881	0.8467010775793248	0.2303247222453783	0.9892904313705526	0.9999560135595468	0.23535671484297177	0.9888581033338698	0.9999316749064227
cg16127286	4	118278716.0	0.1458583326786615	0.04954981268845733	0.0033470976202626757	0.04568429393497115	0.0014701500744631066	0.050975804783633935	0.005771186413132189	0.0072830616663693785	0.13367280313966154	0.0496950236450186	0.007313729241874805	0.044948792661960064	0.003038750524872087	0.049436899044578424	0.008867673916505633	0.006409707379749786	0.16768794227899958	0.050193941463046204	0.0008834156975439801	0.04930742439901313	0.0007130628155293775	0.05515663500320215	0.003480401367229684	0.008031552309042058	0.008042395538092743	0.0023976599350666226	0.0008422184170513992	0.0023570760049222094	0.0006850063396916208	0.002636129982660522	0.003375522629137926	0.00038521416269279575	0.3837009957583649	0.38427982369425906	0.5063369653931652	0.6681622952875064	0.8259355573115673	0.8467010775793248	0.4107007853520355	0.9892904313705526	0.9999560135595468	0.40926254202799106	0.9772411854837162	0.9999316749064227
cg27023597	17	59840901.0	-0.053599893183608804	0.03156537324966537	0.08992556644190763	0.03129648992342051	0.0872047579529016	0.03509679565498565	0.13187975121802106	-0.007327010198830957	-0.08208209706222594	0.023531955519228227	0.0005160092720777062	0.023714283898893657	0.0005693122919803984	0.025832874679693058	0.0023327553047576177	-0.011526022271251704	-0.08520122897196049	0.02360912842738469	0.0003313441158072874	0.025066753902589608	0.0007179273938432822	0.02816128778798311	0.0036309973724982327	-0.012060904107102827	-0.0040850609857126735	0.0011280682566201907	0.00031608420946671183	0.0011973706574272278	0.0006858193916952442	0.00134453661879323	0.0034999503765555727	-0.0005782060312091167	0.7383286456878095	0.7959353045648918	0.8185283682139102	0.45782603081251955	0.6875814646099725	0.800146813440339	0.3296079935394571	0.9892904313705526	0.9999560135595468	0.3265909238923665	0.9772411854837162	0.9999316749064227
cg11802013	11	69654407.0	-0.09393453293889803	0.025488903038275546	0.00024544944024820764	0.026628258617585845	0.0004457224436419769	0.02280453806109237	0.0001163761562710322	-0.005180309956977453	-0.08187024236221693	0.02541549001979144	0.001333625223658525	0.026991617357827867	0.0025069492471460333	0.02354291458116736	0.000939257083680724	-0.00471697206351078	-0.08554028225567314	0.022057608417724788	0.00011606281279302547	0.025172022527603876	0.0007198506071775945	0.02186964626793145	0.00023335166127902117	-0.004743109716187846	-0.00407795076103594	0.0010537683434431043	0.00011992806213358173	0.0012033357090772542	0.00074441757986015	0.00104679458777732	0.00024578334426481665	-0.0002263636504935768	0.18097224184333377	0.27872182540843143	0.17861902643567207	0.536366814330028	0.8158429117012842	0.6825768404013187	0.2255672927596425	0.9892904313705526	0.7369441034300529	0.22436131391470449	0.9888581033338698	0.7473144210316048
cg24074785	1	241998579.0	-0.06077878777494713	0.02100453826042359	0.003922770665353314	0.021240296985944915	0.004338067718192997	0.02092066737107424	0.005106607195661848	-0.004015108006761447	-0.06734131403422501	0.020816800391946062	0.001272238057970385	0.021265219042163854	0.0016066513765308785	0.021790647859060097	0.0030104198045586604	-0.004434815389614672	-0.07415045886419455	0.020144531222371018	0.00025176795944069813	0.021824872703335975	0.000721681885143682	0.020752459658996043	0.0006962749620002756	-0.004864240277831631	-0.0035387419577629707	0.000962399310259675	0.00025558886235467173	0.0010425779861525466	0.0007302742837363871	0.000991263091516545	0.0007032487298799459	-0.00023220488661282029	0.400471848230444	0.4879790427493492	0.49595177822136016	0.5343197224622397	0.7684398459473455	0.8166932067344068	0.30962535730219776	0.9892904313705526	0.8975736820369667	0.3061087395155013	0.9888581033338698	0.8933792079164781
cg19337279	1	43338646.0	0.04789711004288989	0.028015515509640154	0.08775597440851479	0.027399876146339524	0.08087387627041871	0.031235659015674936	0.1303450659642031	0.004306002168670397	0.06930257712115537	0.026347962508930886	0.008713723477074721	0.025886488087345363	0.007593742674934317	0.02997886203976312	0.02418596070415936	0.005747357550531304	0.08871833594069478	0.025145649440606942	0.0004480589087487758	0.02611929711079902	0.0007239189756327338	0.028456670131099898	0.002780367344152353	0.007222291921270453	0.004244121531635394	0.001201360558630409	0.0004405069232301696	0.0012479537284341398	0.000713066613786173	0.0013580465314279434	0.0027200605123331736	0.00034559335220148515	0.735537095022788	0.7903182380083431	0.8173105472495011	0.6809333339866338	0.8634617995569188	0.8768569685799025	0.3599193278402209	0.9892904313705526	0.9999560135595468	0.3596112357220312	0.9888581033338698	0.9999316749064227
cg13060454	2	110694995.0	0.032005779095689864	0.020306855694380933	0.11543735237021661	0.020875985365417935	0.1256779411580089	0.021790200580062074	0.14702128752462415	0.0034619980811002628	0.05458834302964634	0.01851368878685884	0.003296164405530751	0.019364326505215947	0.004949405719980509	0.01923269388020666	0.006150896649210359	0.005857221189120106	0.060498514316643964	0.015969333452119275	0.0001657477763278516	0.017811544735815393	0.0007240973903800564	0.017979396720901302	0.0013286404925778523	0.006521152230201123	0.0028900393985892094	0.0007629251667473103	0.0001659533392400733	0.000850950931145968	0.000724989776195552	0.0008591978753206333	0.0013336439248463011	0.0003115800789791757	0.765348569549855	0.8271917732644279	0.8298192624294715	0.6117669718246779	0.8573191498176632	0.8339018623890999	0.2594132543470799	0.9892904313705526	0.9999560135595468	0.25856307114705557	0.9888581033338698	0.9999316749064227
cg01465769	3	53192396.0	-0.09349791410901609	0.02681606680689822	0.0005186052714289279	0.027946228982958888	0.0008632279501950745	0.027425201023210933	0.0011600049434168462	-0.015166980086117592	-0.04547815948955515	0.014822170522744108	0.0022339081478959036	0.015595037986386036	0.003653457891219851	0.013429689933849534	0.0012440878568742615	-0.007298857372564708	-0.04909678486409612	0.01277172526726301	0.00013290038725674954	0.014455960510100696	0.0007248503127868811	0.013557088120016988	0.0005973809884378482	-0.007816059081747161	-0.002344023366342267	0.0006101873258383065	0.00013433593522132434	0.0006905669753792432	0.0007299511288510595	0.0006468367984249301	0.0005929547538158203	-0.00037320428838153103	0.22930844615103924	0.3303185064702672	0.3628672959900319	0.5836332525404481	0.8276112937654644	0.7287745341240386	0.2303247222453783	0.9892904313705526	0.8484549776941667	0.23287093542954848	0.9888581033338698	0.8395658429429395
cg27418204	3	195889423.0	-0.07495082104849386	0.021792305809749706	0.000616522904024901	0.021798279656892926	0.0006186382383152352	0.024879883427272077	0.003768472468741542	-0.004492513001477353	-0.06702332658685721	0.021594179870890014	0.0019855310032302572	0.021474318343920103	0.0018738305264070563	0.02414902996170948	0.00730939559636254	-0.004120128130283864	-0.06653634565649345	0.01726598566527297	0.0001279928412561004	0.019593086882518693	0.0007258685718448011	0.023775852037734035	0.006862840681361625	-0.0040528825867377945	-0.0031806215244673435	0.0008248215819667266	0.00012670845360340438	0.0009355181299035731	0.0007156697835547471	0.0011359667212892776	0.006835815085514743	-0.00019378085326550866	0.23831479245048962	0.31146050002482073	0.47003452938703705	0.5702764657932831	0.7860049139591995	0.8436882587457379	0.2303247222453783	0.9892904313705526	0.9999560135595468	0.22694437157056124	0.9888581033338698	0.9999316749064227
cg02421734	19	54661285.0	0.080737804202519	0.02029463425602788	7.638653650935862e-05	0.021093695968079626	0.00014058237861684674	0.024554520641603947	0.001676869902183166	0.012985092481377808	0.06677551466777645	0.019409266371029466	0.0006143679082899043	0.020370848589678123	0.001095688086422697	0.023880851091842722	0.0069059850748476054	0.01070225466918787	0.07336554564435332	0.019398270071629406	0.00016994127489040862	0.02161879513503422	0.0007319072022268254	0.02357831590370079	0.00283028294570706	0.011774372060830138	0.00351330076500456	0.0009266281823592403	0.0001637554910003562	0.0010326411340608776	0.000709531182670562	0.0011277022723147876	0.0027983964276128664	0.0005638308158431257	0.1114305778803764	0.19488135946459956	0.3916907691760621	0.47703705721750767	0.7221039184026306	0.8424523148494593	0.261269700542078	0.9908013576818625	0.9999560135595468	0.25856307114705557	0.9888581033338698	0.9999316749064227
cg15834395	10	132447909.0	-0.05363129064085017	0.01697728150413948	0.001648821960350493	0.017666266567630557	0.002484867262950581	0.01661277453941247	0.0020058496725010597	-0.006283074709069624	-0.04509931445053209	0.016055628713067396	0.00510520818086428	0.01661228198833695	0.006790059832060727	0.015409492394210241	0.004807246035990755	-0.005219392708917912	-0.05769370872040993	0.015335043946481892	0.00018370238358799703	0.01700689877259654	0.0007351406870172455	0.015153709932584525	0.00032849379434997985	-0.006696106842514284	-0.0027600402434828425	0.0007325597388361634	0.00017982201260091936	0.0008128234818085307	0.0007266206842033416	0.0007250128408654087	0.00032886750355231236	-0.00032024511156958466	0.31758332683986956	0.43336149301978677	0.4126712356504054	0.6497932208819084	0.8573191498176632	0.8326897594526024	0.263676668008756	0.9908013576818625	0.7630718135971118	0.26228713162675743	0.9888581033338698	0.7625269688073317
cg26675876	8	11201667.0	-0.039654032627684715	0.02738254955530039	0.14800748025445834	0.026870125918361385	0.1404407369677455	0.025948224125954038	0.13163251563800363	-0.0015424646103065413	-0.054788145591073	0.027370728812769474	0.04569112323995062	0.027313194346729967	0.045238167569158924	0.026498106654447604	0.042924293454673176	-0.0021936962343379004	-0.08144240897110902	0.023599528893826546	0.0005948128255923394	0.02401150951660122	0.0007366282188739159	0.02514699871666172	0.001944937982515006	-0.0033174974384804524	-0.0038900275845651887	0.0011273901986898185	0.0005959976372768618	0.0011472179768619048	0.0007391980333007837	0.0012004165432163666	0.0019338663342531252	-0.00015848609086144562	0.7933118628156833	0.8380839353388542	0.8183942951676837	0.7866932189516186	0.9089493664794194	0.8941334007500938	0.3700565030790091	0.9908013576818625	0.9999560135595468	0.3694248447779572	0.9888581033338698	0.9999316749064227
cg22680075	3	170062950.0	0.043746688375684746	0.018436670328109753	0.01791331185581478	0.019375928355582044	0.0242556722139415	0.022287856855326926	0.05423370677036798	0.0022358074689821338	0.05110728567811599	0.01845847060097351	0.005771547236133652	0.019303401211521052	0.00828441769614922	0.022016106142593514	0.02362455687235455	0.0025785026292735273	0.06012764899557771	0.016622162227487622	0.00032087285327128754	0.017727804393759716	0.0007368731932976797	0.019468837697878792	0.0030277184530791367	0.003056702809822242	0.0028742712727519845	0.0007940603204216787	0.00031797535666374776	0.0008471914448136789	0.0007342586057826548	0.0009302087150898585	0.003014411671977773	0.00014607205065447196	0.5535682284265663	0.6670296938738406	0.7294674184787606	0.6577446107359571	0.8705324847075997	0.8768569685799025	0.32822834447640425	0.9908013576818625	0.9999560135595468	0.3265909238923665	0.9888581033338698	0.9999316749064227
cg03473408	6	30620912.0	-0.11676074718732855	0.02484586442162042	3.1225309580643673e-06	0.024569328267964055	2.4256981221583385e-06	0.02335574173404238	5.150881033282637e-06	-0.012504945798508764	-0.09833383888807223	0.023033511044378837	2.224848277084633e-05	0.0232205541465398	2.584420193167761e-05	0.02131243847410032	2.0792578156954658e-05	-0.010394101698119749	-0.0757695747216734	0.022308783548391328	0.0007245887127827846	0.022362339846697922	0.0007460332548850137	0.02196654010498849	0.0010250007768800478	-0.007974283415949916	-0.0036125018371014313	0.0010658798187731411	0.0007434885938416741	0.001068471885460645	0.0007656935793228624	0.00104945305320035	0.0010475803592711653	-0.00038014736086486913	0.03172848267334484	0.03537882802860151	0.067226436711468	0.2094373860798021	0.2857724298760694	0.2337911712251827	0.39079359721882073	0.9908013576818625	0.9504452336097909	0.39439722483875084	0.9965908171030425	0.9571316436958736
cg00857557	6	43014312.0	-0.0637391430680551	0.035541146099010414	0.07332722359643953	0.036042935175956255	0.07741074224278893	0.031254631279321106	0.04575358650603322	-0.0008979634413392144	-0.07028569160784	0.03588391277099232	0.050533996477859555	0.03557005378370316	0.0485384680000373	0.03145574758263982	0.029129326066187747	-0.0009853908267398624	-0.11821885953214321	0.033780267791935374	0.0004978606251219731	0.03489286077851575	0.0007466050831935406	0.03184136015196664	0.00044616493254684663	-0.0018019058469872949	-0.0056534460019206055	0.0016136936394622976	0.0004909836493130546	0.0016668291921546907	0.0007368138087365392	0.00152351887798877	0.0004489936293191304	-8.61179247029832e-05	0.7150547717668375	0.7859039173631598	0.7150394273300047	0.7919224703979153	0.9118460431827679	0.885405494633277	0.3639949864865673	0.9908013576818625	0.8062499102281706	0.36147759424630715	0.9888581033338698	0.8111412540488049
cg01291856	11	1685664.0	-0.02238669639728202	0.01414388424791953	0.11390708839488695	0.014341609160970461	0.118969270426746	0.01576460923087622	0.1606810298138061	-0.0036899361330925296	-0.03080339016375888	0.011214200811884048	0.006167998796335221	0.0114226567762475	0.007166922668754725	0.013494780316529687	0.025952360838378763	-0.00509405050646331	-0.032293219733610365	0.00873627855860424	0.00023716433390109557	0.009536186971407394	0.0007510725027851279	0.008884795552168824	0.0005728666061737289	-0.00534032026650725	-0.0015446906647691334	0.0004175585970243196	0.0002345373252145664	0.0004558806200016301	0.0007457667385793647	0.0004244567684192673	0.0005646142158191963	-0.0002554524975860121	0.7637763875190088	0.8224331823488885	0.8380361341258781	0.6608605074390176	0.8598390048609077	0.8812215390340523	0.30476219228408624	0.9908013576818625	0.8360103326260463	0.30138641940421534	0.9888581033338698	0.8371657000803727
cg12788878	3	125141772.0	0.053964011996648985	0.017113815198778602	0.0016812567305829473	0.01667793966657026	0.0012687714273575924	0.018776717395619785	0.005571656156683691	0.0023265787242406875	0.056540899096200074	0.01730668963382689	0.0011384960168843235	0.01701584697976645	0.000936111769233276	0.019032569479955876	0.004244889789435911	0.0024300309981476094	0.058192743026340775	0.016232997599532735	0.00036267215568519084	0.01718619170492619	0.0007520672228148468	0.018691581536405936	0.002815912863326535	0.002528980540907586	0.0027817838656512273	0.0007754652609855729	0.0003594133309878105	0.0008213621613660467	0.0007499807000874494	0.0008927421392013835	0.002793917235578667	0.00012089576778074777	0.31813758280794757	0.3695352703226958	0.5035581466443466	0.5263384829842661	0.7152483846604266	0.8310989397767151	0.33903815980304525	0.9908013576818625	0.9999560135595468	0.3373558421931491	0.9888581033338698	0.9999316749064227
cg05459190	10	132296822.0	-0.09408068533582502	0.02381603571227115	8.567525258622439e-05	0.025321463667843293	0.00021844343762388678	0.024863821517549203	0.0003544951337135501	-0.01557494986922836	-0.07683217288618752	0.020955439781737896	0.00026403582110164086	0.02275275324093603	0.0007726617480641043	0.021713521781369295	0.0007764486740364217	-0.01272908539997078	-0.08081377029245246	0.021121856715606662	0.00014282425393030636	0.023868883066948537	0.0007528212513684516	0.023759504263499983	0.0011884027191972181	-0.013367393277712946	-0.003852905376738899	0.0010090886013446436	0.00014735267670016805	0.0011410456932603053	0.0007777013176527222	0.001135607580600618	0.0012198366775651606	-0.0006372725314102187	0.11739449608167388	0.2210554750292744	0.2625124412059607	0.38178248918465396	0.7076025800150052	0.6669319604818971	0.23597073460682122	0.9908013576818625	0.9905930636798045	0.2424628395639192	0.9981343573532485	0.9999316749064227
cg04506601	1	99969656.0	-0.07239658700645107	0.023694800479101	0.0023301922846811172	0.025288454994274907	0.004319881449812602	0.026259279138455247	0.007684666177006131	-0.003821948138614716	-0.06883874920821159	0.023827711288588696	0.003980523569332077	0.02539377440269156	0.006870964269655246	0.026517056478605368	0.011800253181923539	-0.003644902931105645	-0.08208673350142624	0.021219279176493123	0.00012059140104233648	0.024248641492733206	0.0007542449584232473	0.023119967428114094	0.0007476832075809756	-0.0042927501250034665	-0.003915498134483488	0.0010137271770498362	0.00012353408056445928	0.0011580370232862401	0.0007652759353875005	0.0011040907944438105	0.0007574117875128838	-0.00020461474083109725	0.3477678696421546	0.48760140900311283	0.5310556608107431	0.6345829750561321	0.8573191498176632	0.852681472986867	0.2255672927596425	0.9908013576818625	0.8975736820369667	0.22436131391470449	0.9965908171030425	0.8973002611650496
cg14438453	6	39818790.0	0.007457614363796416	0.022440203931360054	0.7397340847856362	0.022825445879706405	0.7439711650934595	0.024596954774755056	0.7627747353437748	0.001252045987250464	0.049471589496923346	0.011343383696090722	1.4818234303650738e-05	0.011654499211057571	2.4737254866001368e-05	0.013688225475335327	0.0006114157388219276	0.008436288942286572	0.04174843515571626	0.011404242821861236	0.00027197207053706495	0.012334261948024401	0.0007554774116046623	0.01256746828427186	0.001513920942727114	0.007123710344169155	0.001998688850329458	0.0005447989227214061	0.0002638809646445158	0.0005896442692603848	0.0007423403648124162	0.0006009847572882429	0.001496836314962079	0.00034101232993616874	0.9705330949128076	0.9784948184978653	0.979709207408454	0.1686712595552628	0.2857724298760694	0.6398553132680356	0.3172612986403595	0.9908013576818625	0.9999560135595468	0.308712510149425	0.9888581033338698	0.9999316749064227
cg19860160	1	1110002.0	-0.08952358023345056	0.021464894576877752	3.4044570941444514e-05	0.021368139516298006	3.1393008951668395e-05	0.024988623991829537	0.0006757473572523286	-0.006753267183996419	-0.06238229282467646	0.01790181851590295	0.0005225407841618448	0.018267869584885316	0.000673912811293831	0.020557011414612487	0.0035370598417727855	-0.004729946921617631	-0.05995902711961354	0.016776317030387407	0.00037768880543294337	0.017719116230578837	0.0007578937538138187	0.01945631567178621	0.0030869937617081364	-0.004530673479117684	-0.002862242815528848	0.0008014435702917609	0.00038148326171700956	0.0008462106765195984	0.0007618016596155232	0.0009284517164396229	0.003077272357199486	-0.00021633665557657352	0.0820661900188633	0.10759831129010973	0.30699331370445493	0.45782603081251955	0.6997202897659299	0.8237939144125507	0.3443288462377548	0.9908013576818625	0.9999560135595468	0.34652488166646606	0.9965908171030425	0.9999316749064227
cg24505713	11	10748488.0	-0.06256341622895559	0.024757109855872865	0.01171277990326677	0.025298613471000268	0.013626707270089555	0.024425891869030117	0.012914823381289136	-0.009098698276621511	-0.030178517249086118	0.011086539821610246	0.006644010696615918	0.011120989938489482	0.0068137081608402265	0.011449375791010633	0.010628612459203287	-0.004310038009058402	-0.035781530565333175	0.010294732755134673	0.0005435641263476709	0.010575213746843096	0.000758797728366501	0.01134331091020028	0.0024964400531057164	-0.005078949778134525	-0.0017056153859283452	0.0004918414218460031	0.0005594861696145768	0.0005049072613331363	0.0007737322087802518	0.0005417228443264425	0.002540221411036147	-0.0002422617965802799	0.5081065408618354	0.6068719824962768	0.5820299209191796	0.6647045328889729	0.8573191498176632	0.8500055558327552	0.36986309823868946	0.9908013576818625	0.9999560135595468	0.36614582086141695	0.9981343573532485	0.9999316749064227
cg11277662	8	142326686.0	-0.1092686628824656	0.02800404246806375	0.00010432848680191385	0.028104512031335648	0.00011037722537379638	0.030127101254440784	0.0005871448616346508	-0.01824317281079088	-0.08381208687669897	0.02445371345536799	0.0006440869858635033	0.025180212221882593	0.0009176057381503037	0.02738905270210734	0.0032868397834382255	-0.014056150240256153	-0.08835775671194128	0.025366429630805678	0.0005287511371307025	0.026126792569545906	0.0007632754429076082	0.02893314850126291	0.003346196880613227	-0.01481050796382271	-0.004239281112394917	0.001211684153244466	0.0004996485223370353	0.0012479649460131485	0.0007231485202955182	0.0013828860546750302	0.003235243408958852	-0.0007105852337748498	0.12923580321098346	0.1787152976739257	0.2988297253014815	0.4810130516610991	0.7152483846604266	0.821712329070322	0.3683811902602016	0.993443484265178	0.9999560135595468	0.36480097699168584	0.9888581033338698	0.9999316749064227
cg07348854	13	111893992.0	-0.08107965955582014	0.025905434456432584	0.0018192081294091127	0.027763744346538142	0.0036049747967775774	0.028284807740655088	0.005688137630104323	-0.013685996403322548	-0.07743117120837525	0.02607992041692397	0.0030869761248784842	0.02771162748885884	0.005341572154973317	0.026648920975166548	0.005100897467907186	-0.013093673983373189	-0.10433616765547549	0.02638431600069651	8.516715796461038e-05	0.03087061878911939	0.0007690124940794325	0.029900459180705538	0.0009049519605806592	-0.017599228423243584	-0.004992356504293256	0.0012603709859224108	8.291994894203881e-05	0.0014752763799304141	0.0007574779988950637	0.001428827988340088	0.0008921565590361416	-0.000842072193093101	0.32258242424891787	0.4695833923427682	0.5060491000298556	0.6078870594794817	0.8573191498176632	0.8326897594526024	0.19734141457725274	0.9941815191404869	0.9504452336097909	0.19289991777359367	0.9955007039829239	0.9453805653783303
cg18637901	4	3245645.0	-0.050795566060152765	0.016942160585141294	0.0028088828709593346	0.017484204904055653	0.0037816255234899257	0.016936917297134143	0.0039156637949256485	-0.007948895373949234	-0.036122056048286014	0.015304990367068979	0.018533384035279765	0.015818637867371404	0.022690659423313997	0.015909579629685998	0.026723461542478216	-0.005667946312735474	-0.040090787732434685	0.010984979000357798	0.0002838346954210572	0.011863925989911235	0.0007705837104051928	0.011938497687555191	0.00135635894961232	-0.00631548254776651	-0.0019206932585640853	0.0005248328033623152	0.00027317266201163536	0.0005670833501503602	0.0007495112239889661	0.0005718798390002751	0.0013544958181632065	-0.00030250225719004255	0.36504210115064717	0.4768252837834437	0.4722947938016417	0.7330523256910154	0.8925645317495907	0.8819906978615947	0.32171334335694746	0.9941815191404869	0.9999560135595468	0.31503034087480286	0.9888581033338698	0.9999316749064227
cg13261623	17	76466603.0	-0.03811361186166252	0.021537089214930312	0.07720186793695016	0.022949354749085372	0.0971919108786179	0.02502433126301826	0.1329108735086436	-0.0030176819008915327	-0.05712405632495644	0.02043775095505788	0.005327695900797598	0.02213327040832397	0.010050685117884779	0.02339909049160001	0.017551372873686154	-0.004480869600259256	-0.07392966990334152	0.01997597950863722	0.00023310313277689586	0.02188906768580277	0.0007754106983910342	0.022238985254642924	0.0015030297786361542	-0.005830722720497915	-0.0035309102346144576	0.0009543631894102395	0.0002341606891399601	0.0010459787915121641	0.0007803292800585854	0.001063282909322326	0.0015193514220238043	-0.00027836026591678356	0.7214691619378831	0.8070745849380214	0.8194584324015366	0.6517258174108655	0.8712142145333529	0.8621266328071441	0.3024236711372764	0.9941815191404869	0.9999560135595468	0.30138641940421534	0.9981343573532485	0.9999316749064227
cg08679951	3	117018843.0	-0.06618943458604132	0.020175901867416034	0.0010853452692283349	0.021871145375084368	0.0025629876820570914	0.02252812457952117	0.004655896331485381	-0.009642388792611	-0.060175244505689535	0.0196591175608295	0.0022885147716674554	0.022056567173569512	0.006522905451277043	0.022832585975735724	0.010637695027946885	-0.008657447916796323	-0.0818571517193597	0.020390578684084913	6.656128030818495e-05	0.02423624837362991	0.0007754164808358158	0.02444655083821563	0.0013970130409301856	-0.011781067470899416	-0.003909371865211851	0.0009741514191379492	6.693515752727543e-05	0.0011596344308810892	0.0007929315233192385	0.0011687039820404747	0.0014113850306123913	-0.0005624881279639645	0.2884631084136921	0.4383445956072629	0.48622252021346896	0.5874592091677386	0.8573191498176632	0.8500055558327552	0.18710329671519463	0.9941815191404869	0.9999560135595468	0.18815426298168839	0.9981343573532485	0.9999316749064227
cg16572224	5	172361933.0	-0.12185938894231899	0.02666426070172376	5.728560814503629e-06	0.02747985109282312	1.0659294477170634e-05	0.030056582562118128	0.00014484299159779848	-0.013884982395850393	-0.08990801667086212	0.025431261704668355	0.0004333168433149138	0.02602116899540716	0.0005821461093572195	0.027524302699232086	0.0017894145309903361	-0.010320178424774838	-0.08789098335291316	0.024301320762977037	0.00032160456399217324	0.026024708159697475	0.0007761229104196418	0.02699413224716134	0.0018470053408757806	-0.010138871896049926	-0.004193435434322901	0.0011609690196763484	0.0003273768522376176	0.0012437344736852985	0.0007916939515253815	0.0012899705237632167	0.001875589192195032	-0.00048387489854465624	0.04140757200316469	0.07118586384758074	0.18922115325194047	0.44931728366295737	0.6875814646099725	0.7690547419510269	0.32822834447640425	0.9941815191404869	0.9999560135595468	0.3265909238923665	0.9981343573532485	0.9999316749064227
cg27276457	11	100856230.0	-0.08815220855421327	0.029329845495730072	0.002742515143477555	0.029862025554046323	0.003259349111872724	0.025721098216905044	0.0010973518338461333	-0.006237866174175814	-0.09742257632366932	0.026835822641758194	0.0003031240207072605	0.027793862252990558	0.00048454764470103544	0.024458548365908203	0.00018384328849564862	-0.007077077035374246	-0.10288192255643384	0.027473831721030777	0.00019668861278378857	0.03047851790592506	0.000780731593753769	0.030638843999899107	0.0013572611409503063	-0.00756947837721093	-0.0049080832455395546	0.0013124740711972186	0.00020068092483423153	0.0014554958484325926	0.0007904086665271663	0.0014603910056476244	0.001345277233179711	-0.0003612452413003846	0.36311059578291954	0.46259786520027246	0.3563761866824028	0.39957752518343054	0.6778341116247854	0.49649630768414976	0.2698854466049501	0.9945613434500441	0.9999560135595468	0.2735091811352685	0.9981343573532485	0.9999316749064227
cg07042359	16	2598055.0	-0.07967624850602997	0.019899797957973815	6.873287400458024e-05	0.020416308617078157	0.00010403770893937198	0.01946940478837929	0.0001273995295138561	-0.005465857453898881	-0.07266989024983737	0.01973521888902461	0.00024848889095004003	0.020494576044043106	0.00041673563332460863	0.01968652606214648	0.0004779244939724783	-0.005100732008200967	-0.06963861694871899	0.01858242551920673	0.00019453143828672046	0.02063158904611975	0.0007813334730389221	0.019116098958201037	0.0005579750610380087	-0.004937989423303474	-0.0033219299370534218	0.0008877468192510105	0.00019880388354285997	0.0009861485499054112	0.0008003762011102873	0.0009138878087783025	0.0005723528723259394	-0.00023565570581344966	0.10825641610192996	0.17678013442343107	0.17952824095476758	0.36876960274152726	0.6711027688105078	0.6211323237262909	0.26783339858508015	0.9945613434500441	0.8360103326260463	0.27307430167145025	0.9981343573532485	0.8383568188890814
cg13565138	9	88999241.0	-0.04569240935844938	0.017479497333831376	0.009133117280993242	0.017323707386389105	0.008529341068865598	0.017642700989716948	0.011991141027346358	-0.005822351616578521	-0.05075259050269154	0.01662226031455293	0.0023468394935047803	0.01613131115299897	0.0017220892082431738	0.017494288284567457	0.005165683264805212	-0.006614922567529571	-0.04744784625414834	0.013513107464650361	0.0004770159186467419	0.014066555863970388	0.0007876150758054564	0.014023139062940707	0.001254990357409791	-0.00623269079399041	-0.002261862445910205	0.0006456334468603394	0.000491158662383225	0.0006717277113043608	0.0008042612425356398	0.0006700624409228421	0.0012858455338971362	-0.00029711639592701615	0.4849028796568767	0.5618752150636086	0.57714410946895	0.5905702149428732	0.7771153132444778	0.8326897594526024	0.36311468581727885	0.9947554229464902	0.9999560135595468	0.36147759424630715	0.9981343573532485	0.9999316749064227
cg26309457	6	165804749.0	0.06897950826219706	0.02575317803000377	0.007563153748176593	0.02648306856290898	0.009384864600168283	0.02197400828139275	0.002610982627318687	0.007275038239844455	0.05133680722347358	0.025569387744447728	0.04504355708393273	0.02603427027594599	0.049004148389630256	0.021193091854282056	0.01840685696085853	0.005751015400656799	0.048365787405000776	0.012465311215064537	0.00011513851592397996	0.014339138345784458	0.0007879102794670523	0.014238977627737397	0.001205320860839146	0.005373973698327061	0.002309286126321591	0.0005954218508184889	0.00011589345142202817	0.0006848994672081225	0.000791504760978334	0.000680597656831558	0.001219041185926046	0.0002566606951448488	0.46648552927144726	0.5699453573380989	0.4347474904323839	0.785545656118845	0.9121015394608312	0.8621266328071441	0.22542179545256058	0.9947554229464902	0.997737002071681	0.22436131391470449	0.9981343573532485	0.9999316749064227
cg11965514	8	123241295.0	0.16136004898496067	0.05559878780722532	0.003817648239652921	0.055291422601018436	0.0036277589216491815	0.06349991760229946	0.01360933233320934	0.000976740979369503	0.17318724331403593	0.05554827661468301	0.0018947356540892667	0.05503071612619829	0.0017169547365510091	0.06420723076491126	0.009025652726769275	0.0011110410360064436	0.17263849786922714	0.04798716409295752	0.00034568113379478664	0.05119808611463896	0.0007907815558061984	0.05805454988597471	0.004209066949547396	0.0010892400169271127	0.008249901308898112	0.002292448456034573	0.00034421000450730123	0.002443625945221159	0.0007792420614857081	0.002766801351598746	0.004114217951305492	5.206564788770922e-05	0.3975925274745159	0.470127241626211	0.5856733612756849	0.5702764657932831	0.7771153132444778	0.8467010775793248	0.33555358844329763	0.9947554229464902	0.9999560135595468	0.3325306879581836	0.9981343573532485	0.9999316749064227
ch.1.89724558F	1	89486411.0	-0.05948108787763032	0.020823960302865284	0.004407674132281664	0.02041603770898861	0.0036845794086300832	0.02078784589806774	0.0057709478784685325	-0.0027810358984735445	-0.06411601178268844	0.020919618284835774	0.0022589564044797872	0.02041006376764614	0.0017503162087287953	0.020826426591165025	0.0031152019996039154	-0.0029446392243083707	-0.07208657985474477	0.02026624799272391	0.00040255297269165317	0.021388689505116736	0.0007954737244393	0.022223332320093065	0.001915640554947366	-0.003373116916422462	-0.0034408818025775316	0.0009686010719615281	0.0004094469853781489	0.0010219699705146445	0.0008051794891950011	0.0010605395373185977	0.001911468694773264	-0.00016089495333435774	0.4118399985949887	0.4729652248216484	0.5063369653931652	0.5850205695934367	0.7787301602441881	0.8190901369798509	0.35388900200993145	0.9947554229464902	0.9999560135595468	0.35547147764716697	0.9981343573532485	0.9999316749064227
cg17076667	10	119658538.0	-0.12842087441463054	0.029753319031376426	1.8080639144075816e-05	0.0316985328209008	5.6425711557233365e-05	0.03554036613253813	0.0006129512484845309	-0.016875402313395776	-0.11373562449185531	0.029466051331974795	0.00012363261300935856	0.03127045069190493	0.0002953301366808925	0.03517314648376143	0.0019745379935254756	-0.015406336739620954	-0.11399946986480314	0.02949573748768175	0.0001223186715771172	0.033840665283051366	0.0008000263761901854	0.035043006439212473	0.0018625493735253942	-0.01547059281310463	-0.005441261242849054	0.0014092082401974046	0.0001241577198570439	0.0016183216755742032	0.0008185482931605178	0.001676708043834155	0.0019072367616607795	-0.0007385351752413022	0.06434714431805925	0.1311281052065356	0.299333634264448	0.32868565037722647	0.6068254757162524	0.7782467503731476	0.22589310709478072	0.9947554229464902	0.9999560135595468	0.22436131391470449	0.9981343573532485	0.9999316749064227
cg14502713	9	137530943.0	0.03615930373962993	0.018307376700704828	0.04863323142356266	0.01844214163663471	0.050297816588626316	0.01672504412781791	0.03455124221976369	0.003704331649154638	0.038604774109793724	0.01815146754618992	0.03377506086584053	0.018484947512735515	0.03710855523414166	0.01706568173738663	0.02726354981931558	0.0039072365278518695	0.04845197706673807	0.013439399397854419	0.0003358875202246959	0.01439020252164445	0.0008048909013618932	0.014042792568387936	0.0010218607091975942	0.004895749236658017	0.002307983631984536	0.0006420563602683067	0.0003495076073838183	0.0006873924768790869	0.0008323305431442999	0.0006718637485897727	0.0010707248951250567	0.0002333499594884454	0.6688709445199206	0.7429291477274957	0.6829534693055519	0.7724835802611745	0.9041031322044032	0.8832906918636763	0.3300037817939637	0.9947554229464902	0.9504452336097909	0.333886086643253	0.9981343573532485	0.9634554530279216
cg06413272	7	16565863.0	-0.08567211137448254	0.02016685834440681	2.4362610985959097e-05	0.02096412280972108	4.866173688544538e-05	0.01966793571155168	5.158993729953335e-05	-0.008077812197018645	-0.0813589344536232	0.019473078536924468	3.301787772350402e-05	0.020194415733326605	6.202713349342693e-05	0.018480006416111295	4.3851685492758975e-05	-0.007736040858284118	-0.06504431565731746	0.017965010605940433	0.0003168968611319016	0.01932109279538797	0.0008063803378123841	0.02009120722267471	0.0019519270173618724	-0.006184038229074195	-0.0031064492975803235	0.0008582808113516728	0.00031837095384242166	0.0009229769856800062	0.0008087051040119914	0.0009593834903394694	0.0019489441091339861	-0.0002954884891105814	0.07009098531558274	0.12018483611843292	0.12698917064563983	0.2366101740350651	0.41159883896507926	0.3227348510693719	0.32822431346820896	0.9947554229464902	0.9999560135595468	0.3265909238923665	0.9981343573532485	0.9999316749064227
cg07156484	7	101206220.0	-0.02681911137439516	0.011707674541427314	0.022265232226845014	0.01157606317928551	0.020793922978368417	0.01186727431886815	0.0274082621841062	-0.004456129712474994	-0.025823490031564	0.010100645515554806	0.01077356194748646	0.010005714554856368	0.010051819984902228	0.010216963297519364	0.014094386307426864	-0.004308437799075453	-0.032477150167546015	0.00931060939466626	0.0005192709090972371	0.009655913326410219	0.0008151750105863479	0.009677011369363263	0.001364635838172397	-0.005421965502772308	-0.0015507681976224023	0.0004448775885048915	0.000523780010082854	0.00046134955576256884	0.0008212120989802806	0.00046252741054211426	0.0013784232633625092	-0.0002589075071533151	0.5792292674603517	0.650658356163432	0.6583368275367965	0.7020621772899013	0.8712142145333529	0.8600750954995368	0.36674113269969094	0.9947554229464902	0.9999560135595468	0.36614582086141695	0.9981343573532485	0.9999316749064227
cg22897224	22	24764439.0	0.10103254992456788	0.03004316847658532	0.0008117571791775399	0.03254617689899265	0.0019816025886901295	0.03404162246326507	0.004279144060597825	0.012270134087045241	0.09544813247389772	0.03009925643939389	0.0015829660762009658	0.032711007001963714	0.0036335262641879356	0.03472922074922014	0.007866742217003503	0.011672276009445497	0.11408543207174368	0.03019810297055379	0.0001727456331956076	0.03393156431950098	0.0008187381457873894	0.03524560465618042	0.0019553216037009402	0.013870802256094463	0.00545972529297154	0.0014425769485841662	0.00016818859796657661	0.0016217807754218012	0.0008063584861357833	0.0016863270953013448	0.0019508127427129065	0.0006635901698373493	0.26182112052511725	0.4063832642003064	0.47975192293621133	0.5545853525253349	0.8276112937654644	0.8467010775793248	0.2628740437662317	0.9947554229464902	0.9999560135595468	0.25856307114705557	0.9981343573532485	0.9999316749064227
cg25600951	2	62192750.0	-0.08006045764539066	0.017058311060314524	3.213741164048733e-06	0.017927339914086942	9.248268705797666e-06	0.017164722780633274	1.7371129402953732e-05	-0.01123563081159808	-0.06506894081835796	0.016467186561125505	8.533749001754493e-05	0.01726868209425589	0.00017800038850178658	0.015461896707135617	8.586476509939239e-05	-0.009155132693574172	-0.06055596322701346	0.01645575665815897	0.0002527336824222911	0.018018301829999937	0.0008228807795401957	0.01583498454964968	0.00031080309693897314	-0.008630289404848687	-0.002892872066004884	0.0007861175195998376	0.00025271153762180463	0.0008604175296194869	0.0008188809822442418	0.0007565787365790237	0.0003113776672685976	-0.0004123705914779305	0.03172848267334484	0.06567617458840169	0.09375383830821095	0.2961243236921875	0.5556138735200101	0.39705172750179496	0.30962535730219776	0.9947554229464902	0.7630718135971118	0.3061087395155013	0.9981343573532485	0.7625269688073317
cg15305511	4	5710949.0	-0.06612873681166839	0.021203442660478737	0.001887932510773667	0.022763177883556508	0.003783429838601898	0.021930304792946793	0.003737338859290134	-0.010235155202142637	-0.0700063533291464	0.021262460891223054	0.0010415512448697822	0.023331205943748018	0.0027880270766631357	0.022562611520464692	0.0029039040942373667	-0.010809193605339284	-0.08520437010327592	0.021866397135860763	0.00010771539522698355	0.025365983413900763	0.0008281712332120541	0.02486878153711857	0.0011009966073409047	-0.013188679432010969	-0.004070314682083147	0.001044624578024906	0.00010778123509677408	0.001213507045177855	0.0008424993559211358	0.0011899611756700198	0.0011202050959309606	-0.0006300360360049473	0.3258109461863398	0.4768252837834437	0.46950121610845774	0.5210172236970219	0.8235487652046981	0.8163415783783448	0.22132670470134053	0.9947554229464902	0.9759350754194328	0.21873079948258525	0.9981343573532485	0.9831623634226687
cg11584989	19	19276562.0	0.0358938196863107	0.016038933252840004	0.025529307552312794	0.015401431724200764	0.020050473002079867	0.015062129975401774	0.020299753658039744	0.002844711959212577	0.042764986289905854	0.015995647916459764	0.007675654012719485	0.015472308829402275	0.005856253208611449	0.015038242086538275	0.006059132716498547	0.0033695534674895106	0.04792834578998316	0.014111044818487168	0.0007242977378925931	0.014277559735660918	0.00083437985717868	0.012194540186052774	0.0002191698513872777	0.003844339872255657	0.002289715731080902	0.0006741062886051717	0.0007238928090048351	0.0006824568127194864	0.0008397135560144292	0.000583316263222588	0.0002228085895133756	0.0001836232572476193	0.5958782632089523	0.6469232388437357	0.6252233155670327	0.6716468901828612	0.8573191498176632	0.8339018623890999	0.39079359721882073	0.9947554229464902	0.7335639821568063	0.39427657462521937	0.9981343573532485	0.7415012663191807
cg04733530	2	219229874.0	0.14571347221918254	0.04010112648653775	0.0002991641799270721	0.04078994332036145	0.00037727069097202436	0.03640374913035369	0.0001722311792561301	0.002641760117581323	0.15800915553567757	0.04050894981539726	0.00010493843836133812	0.04118843315748988	0.00013588615608582392	0.03817042649652635	0.00010857007087212749	0.003010156898701883	0.13969434044217918	0.03905803069775358	0.0003740875819043456	0.04161682058383706	0.0008350342916593025	0.03906662985746397	0.0006903594947923366	0.00247690310507986	0.006678510596322634	0.0018658327339203262	0.00037019624936433456	0.0019884157890022176	0.0008290314677637675	0.0018647807106671756	0.000678273670809595	0.00011824633371184115	0.19278389025391007	0.2606019831121654	0.20196267033156906	0.316994745486698	0.5388731217446908	0.43947318997832385	0.3443288462377548	0.9947554229464902	0.8975736820369667	0.341241860918962	0.9981343573532485	0.8885231433376062
cg18802998	3	172726633.0	-0.15475108438138788	0.035875000873706334	1.82866610781592e-05	0.03545975482354462	1.4617098240803692e-05	0.03374283148681193	2.294975048134634e-05	-0.025929231625588245	-0.09001777070988864	0.023253603787080024	0.00011817646830441993	0.023988601104321793	0.0001891579634905355	0.022644021593185525	0.00018870457064135582	-0.015080614997972941	-0.08696951091747494	0.023662924412983257	0.00025721266005639083	0.025923072037838765	0.000840309092926926	0.025335500100531653	0.0010789602435489608	-0.014652311458160303	-0.004159063401495411	0.001130698710893571	0.0002543039624873101	0.0012373310973709435	0.000821374189087877	0.0012093221312684617	0.0010576683761834565	-0.0007007404867980568	0.06434714431805925	0.0811097174903521	0.09988891235581521	0.32329633735325386	0.5556138735200101	0.49649630768414976	0.3103130348927368	0.9947554229464902	0.9659434730987618	0.3061087395155013	0.9981343573532485	0.958366147510947
cg21024495	15	70101601.0	-0.06934468517713076	0.027824102216159212	0.012915812271834436	0.02882330892158014	0.016384059477179972	0.02780416751042651	0.015355908310876404	-0.00982299963926608	-0.04321853523810882	0.01793048454349788	0.01618739917566771	0.018781805609462975	0.021671624760867217	0.01960339393882411	0.03126047452020326	-0.006102422183248517	-0.06042875867033677	0.01685609389454039	0.0003624852298730233	0.018019527031708185	0.0008444749521319504	0.01887898301085336	0.002176538430740469	-0.00844139259422053	-0.002891082042429505	0.0008052654572692042	0.000355412446531123	0.0008606307491068255	0.0008274109432896047	0.0009032694566747744	0.002177584691987642	-0.00040403713912286416	0.5166015388336413	0.6237420274356754	0.5980800438798011	0.7275498430960621	0.8925382390686024	0.8869810588221004	0.33903815980304525	0.9947554229464902	0.9999560135595468	0.33534945534780314	0.9981343573532485	0.9999316749064227
cg02238760	1	31770736.0	-0.08333029128690893	0.021702456567973757	0.0001339677421115619	0.02121338204282674	9.376450132414793e-05	0.018592196425424444	3.318241220264575e-05	-0.007216876529485525	-0.06480532690658115	0.02068643166448228	0.0018019787220078822	0.020133884883810037	0.00134538755036021	0.018480542741560718	0.0008576228982330644	-0.005773756541051603	-0.06351216664933333	0.017989466682733643	0.00044418672345672314	0.01894439140880435	0.0008473508535546164	0.01703958154267964	0.00042567937634698937	-0.00562026985246151	-0.0030281483067705456	0.0008594118619874057	0.0004558699890804557	0.0009053289040055095	0.0008709759701881505	0.0008139788024604725	0.0004356070113750703	-0.0002680948551431626	0.14696811266557053	0.16943873276559182	0.11193063632186297	0.5699281448849643	0.7418709675005086	0.675132990640565	0.3599193278402209	0.9947554229464902	0.8014315116086669	0.3611066915644718	0.9981343573532485	0.8111412540488049
cg03253831	4	118278687.0	0.11499088475829183	0.03148829542795808	0.0002790809338480143	0.02913693083376558	8.699529995577237e-05	0.028355807820860727	0.0001443795792850437	0.006373197847979295	0.11035975985699309	0.03185168781372607	0.000562060085265302	0.028628556211911536	0.00012613578263971796	0.028055298911803233	0.00021675716986899136	0.005901891542065867	0.10124993814251208	0.031717579890769614	0.0014801686602417064	0.030211581467188487	0.0008509560842405173	0.028614453410075368	0.0007765188385906514	0.005925654048890349	0.004851497512300035	0.0015151069818599356	0.001431251357839007	0.0014448523580182445	0.0008317727392919091	0.0013693652684845555	0.0007657221716623867	0.00028414405783419637	0.18794560284524728	0.16462338048261843	0.18922115325194047	0.4633653105782988	0.5388731217446908	0.5349976676285362	0.464455124650092	0.9947554229464902	0.9072511944633878	0.4630165528446443	0.9981343573532485	0.8973002611650496
cg08726667	16	28562058.0	-0.08423485249478582	0.01891102337844356	9.746600759645943e-06	0.019190035637350653	1.3050414607023732e-05	0.020724263024087506	0.00013994385702816058	-0.012048894666275458	-0.06188572184929643	0.016782970782894747	0.00024359024529300403	0.017556131845711725	0.0004502426170694593	0.01797687713938617	0.0010467812957336861	-0.008933637774088872	-0.06130213444942741	0.01664187179857239	0.0002491831761778711	0.018294157559763345	0.0008523117242528038	0.016549864440385302	0.00045876777222505653	-0.008979993521690745	-0.002934414530694326	0.0007952106631122647	0.00024302869451192283	0.000874142736561794	0.0008343647919273778	0.0007907878176051739	0.0004490419566016851	-0.0004299004379942435	0.05636083278988234	0.08075666232454434	0.18633846802444054	0.36876960274152726	0.6778341116247854	0.7018133280038732	0.30845600490155106	0.9947554229464902	0.8106217262010138	0.30456310851585033	0.9981343573532485	0.8111412540488049
cg03612357	1	226974426.0	-0.12210044315360949	0.03033348635062573	6.289703000109234e-05	0.032123584184472025	0.00015624759078775903	0.032561752988184645	0.00039585878998608834	-0.008015756292085844	-0.11083720634126443	0.02983346538308295	0.0002187707925752552	0.03162636264585438	0.00048562289515910435	0.030688914560627386	0.0006163526309606224	-0.0072472022683566905	-0.10405327957662648	0.028389858341478152	0.00026745735984973245	0.03106652023247622	0.000856990622495726	0.031143401521263717	0.0014284236092139892	-0.006810408073510922	-0.004983618520715313	0.001356204888646718	0.0002578741700486086	0.0014847047693046982	0.0008351541660122773	0.001488942851115779	0.0014026693748141069	-0.0003260822809616979	0.10349450607696001	0.2040677872524063	0.26851509218893854	0.3629290890614325	0.6778341116247854	0.6430130593250867	0.313803456498708	0.9947554229464902	0.9999560135595468	0.3061087395155013	0.9981343573532485	0.9999316749064227
cg02111865	2	30149124.0	-0.11451690768932145	0.03498647209810257	0.001113897105142371	0.035860127007910525	0.0014667046293970786	0.03207207167611237	0.0007017440591753083	-0.019095494626050116	-0.0481337652869049	0.01760554764623195	0.006410523484498639	0.01867562691895771	0.010153711433409304	0.017713797012809174	0.00855434298921227	-0.007996062279632203	-0.05718098206172077	0.015943979600329845	0.00036059948659475203	0.017072729871733968	0.0008573311541881422	0.016676237633183384	0.0010917616213854213	-0.009432345333128315	-0.0027291989958083667	0.0007618909439441246	0.0003663734850886421	0.0008169000637459987	0.0008830371922546929	0.0007979921062268223	0.0011217979283627048	-0.00045017865529610695	0.28937108339446627	0.38427982369425906	0.3113953987061544	0.6635606832114592	0.8712142145333529	0.8467010775793248	0.3386648305853446	0.9947554229464902	0.9712671305258352	0.33959675716502075	0.9981343573532485	0.9831623634226687
cg05996538	6	32223433.0	-0.12850216459576122	0.03372355308022613	0.00015047841122899528	0.0356313250830809	0.0003317165284584346	0.036024194558753296	0.000709538400564111	-0.013487062487764871	-0.10326091482640277	0.031780705844624856	0.0012111942840897904	0.0336158137952001	0.0022079037107349446	0.03079014815009739	0.0013747078031832	-0.011370919172029112	-0.09491362424820583	0.025445503968546345	0.00020822698440943748	0.02836223139958737	0.0008658212920311041	0.02813028814941453	0.0012918621963182969	-0.010401141441813783	-0.004534517134825835	0.0012158486309595355	0.0002086857192643804	0.001356987153756645	0.0008808982647631129	0.0013448175832318947	0.0013006820557221572	-0.0004972799881793164	0.1517293871026031	0.24728031590974314	0.3125322854722431	0.5284679729626925	0.8077016590035055	0.7361268569582715	0.28095581143401777	0.9947554229464902	0.9999560135595468	0.2819888117401365	0.9981343573532485	0.9999316749064227
cg19344626	19	16719938.0	-0.12968317375025054	0.02999449639453112	1.7500796002485394e-05	0.032232048533577445	6.338131128460444e-05	0.029694358436843815	4.959368940025696e-05	-0.016798202707715353	-0.11404388597022284	0.029127626588647346	9.886382478245406e-05	0.03189017684752806	0.0003720126022725836	0.029798496689139184	0.000307788963510878	-0.01486619320501838	-0.11371126570945031	0.029539078782783754	0.00013009914869512636	0.033980061110340014	0.000866029982999899	0.03420139471237385	0.001501082495016043	-0.015090688549775825	-0.005425773010983494	0.0014137473268277148	0.00013628375769607533	0.0016272931424570513	0.0009041796370117142	0.0016347858596899218	0.0015277137254964424	-0.0007203691161725013	0.06434714431805925	0.13574432447468804	0.12625586400317115	0.3084270208012862	0.6616062015199483	0.5913209338733587	0.2303247222453783	0.9947554229464902	0.9999560135595468	0.233529251191925	0.9981343573532485	0.9999316749064227
cg06731865	21	45539886.0	-0.0588370098637662	0.015254552915828565	0.0001249916637353957	0.015446091185662498	0.00015123984400592378	0.014696769860118055	0.00017183290405503124	-0.008923187391659624	-0.039249120998024536	0.012695769044259718	0.002068219736404809	0.012662859376765177	0.0020136634003735197	0.01152073396900407	0.0011684934723890246	-0.0059391342916784344	-0.041734678013916046	0.011892720239809387	0.00048052034505309223	0.012471705938963107	0.0008662223953520274	0.011846680799777316	0.000815216532948047	-0.00638167774099564	-0.0019941238170595728	0.0005681118044912251	0.00047905479091068343	0.0005959155649151116	0.0008663126215922405	0.0005663637328399202	0.000820274080065996	-0.0003049254043390234	0.14132542073129797	0.200719074676229	0.20196267033156906	0.57353134205223	0.7941016117646281	0.7168996195162033	0.36311468581727885	0.9947554229464902	0.9208277802196353	0.3611066915644718	0.9981343573532485	0.9181666263527428
cg13893555	9	37574341.0	-0.12688065092787368	0.028239228583240655	8.168686591829183e-06	0.02765080631360628	5.255821185678501e-06	0.029585815601347043	6.515979683128398e-05	-0.016755585478028474	-0.08270557981850052	0.0201191636779085	4.397221011897958e-05	0.019839744526817686	3.436666079153782e-05	0.020756182554024248	0.00018295421097247496	-0.011040319180502705	-0.07314139403152053	0.020276011763168726	0.0003332752620312467	0.021861411749791854	0.0008682633146902406	0.02297950442008656	0.002295361715361753	-0.00994247940359984	-0.003497809659105307	0.0009685992755206146	0.0003283796652136902	0.0010445228728520359	0.0008589842223565616	0.0010979860820451097	0.0022766884048139187	-0.0004756217341735429	0.05101949350328747	0.047759183969539355	0.13955332296697157	0.2542743304084416	0.33929365988246474	0.49649630768414976	0.3298136869963353	0.9947554229464902	0.9999560135595468	0.3265909238923665	0.9981343573532485	0.9999316749064227
cg12577321	11	67428370.0	-0.1590100376391136	0.053613838226728126	0.0031177454077846896	0.05312007201480237	0.0028525871376869497	0.051446703640389495	0.0030069640188093013	-0.0011134680860980866	-0.18146150210584344	0.053680411019733726	0.0007628369757079678	0.05346147847822061	0.0007258770554052688	0.05144907721780847	0.0008047899280681996	-0.001270991689023963	-0.18901560245997967	0.053645183003454944	0.00045599150402593925	0.05649619949163964	0.0008684199882984171	0.053248296940425786	0.0007494877614141275	-0.0013266966063223934	-0.009023043883369268	0.002562782919121179	0.00046047039374161347	0.002698423945479396	0.0008740197998116784	0.0025421168108763982	0.00075014967523238	-6.328108662064079e-05	0.3763824453919803	0.44751012394417883	0.4469799329986477	0.4925946839903084	0.6997202897659299	0.6721529153693292	0.36050314252760113	0.9947554229464902	0.8975736820369667	0.3611066915644718	0.9981343573532485	0.8973002611650496
cg22430036	7	134907869.0	-0.0665900750825352	0.029278251390160118	0.023234083788011114	0.027041617858718208	0.014028576987842486	0.027436968878457167	0.018192104022404145	-0.0035305164125165912	-0.07786726616440454	0.02897777097761053	0.007373059625925562	0.027162404663352315	0.004268474273226573	0.027544547282836118	0.006346561032952493	-0.0042585693771319665	-0.09167565668708802	0.02720217990139101	0.000795912435691297	0.027407535340563952	0.0008706600869867071	0.029074265781784587	0.0025057224395049534	-0.004778781465231207	-0.0043734877408481455	0.0012995179387783023	0.0008093250831249606	0.001309428730118251	0.0008859322654939809	0.0013896700636776612	0.0025503950325135383	-0.00022804152016494595	0.5846914602401307	0.6087960982189285	0.6140732995550261	0.6681622952875064	0.8438918104969031	0.836144898118913	0.4022120143026595	0.9947554229464902	0.9999560135595468	0.4010763197351859	0.9981343573532485	0.9999316749064227
cg20773479	5	619879.0	-0.11521818607837606	0.03146253397695755	0.00026837745486672006	0.03240429112135559	0.00040153796748391464	0.032558635975879	0.0007756157210283027	-0.01581343028179116	-0.06290100103258035	0.02063657172595289	0.002387732568424614	0.02122350234129117	0.003139503536226366	0.021234639808376813	0.004349161671559084	-0.00828341619245871	-0.06512583067512936	0.019183822543472177	0.0007286832128087124	0.019470474236821057	0.0008708335815065908	0.02209573536821132	0.00453451243197322	-0.008574859114614326	-0.0031132682062024	0.0009164508413161811	0.0007227926000235593	0.0009300231372145843	0.000862642350316553	0.0010560811094779078	0.004528043132707173	-0.0004097572499776568	0.18633727497995806	0.2682107971815865	0.32335363491098235	0.5905702149428732	0.8276112937654644	0.8326897594526024	0.3909952956399737	0.9947554229464902	0.9999560135595468	0.39427657462521937	0.9981343573532485	0.9999316749064227
cg21699595	7	44848144.0	0.128965482826176	0.04767760807538993	0.006991861485568558	0.04680541254031666	0.00601001081168126	0.0455299051965039	0.006249559283538644	0.0014985612404203848	0.13349973633127427	0.04805611479469928	0.005611916871890483	0.04763013458588313	0.005201674408639803	0.04576393636026391	0.0049385080864471345	0.001618412735397409	0.13404476119917058	0.038017915683833406	0.0004519720005262856	0.04008484998159423	0.0008733835905049932	0.038523250914596956	0.000933171914165405	0.0016850602367375392	0.0064135959940783424	0.001816116214792064	0.00044259146030937676	0.0019145339991192799	0.0008552253811443033	0.001839416295038296	0.0009125740715337615	8.055308582030903e-05	0.45503562452859375	0.5236242844360763	0.5133804060571965	0.6577446107359571	0.8573191498176632	0.8326897594526024	0.3599193278402209	0.9947554229464902	0.9504452336097909	0.3596112357220312	0.9981343573532485	0.9514528791080519
cg03313752	15	77543226.0	-0.06403799258494172	0.034687439389424764	0.06527881973252199	0.03595335911155843	0.07530804288753234	0.03172504506965362	0.047938468047704644	-0.004269852253949837	-0.050894045613713135	0.03474129475609976	0.14337275141152256	0.03575847704283366	0.155090425118755	0.034174483790835014	0.1415762307626529	-0.003271397462170884	-0.07764821466375794	0.022342061989651923	0.000544131358158263	0.02322972025300682	0.000877730937914949	0.024791706304931316	0.002666013005580688	-0.005190214882172318	-0.003712995636919577	0.0010673339427203458	0.0005375388398939564	0.001108918006866377	0.0008602351476226362	0.0011852049714693577	0.002660054420535386	-0.0002481919543245392	0.7017000902888132	0.7839304052746762	0.7192845307732284	0.8539303562498585	0.928070640753028	0.922515656935877	0.36986309823868946	0.9947554229464902	0.9999560135595468	0.36614582086141695	0.9981343573532485	0.9999316749064227
cg02699834	12	52645646.0	0.047367043658939414	0.01247176413730326	0.00015812337351924863	0.013016307605324844	0.00029306791797808183	0.011880291468786337	0.0001814927909709099	0.006721149122278376	0.04241112280598508	0.010709602744461623	8.236091464955399e-05	0.010971518331712792	0.0001208482664142722	0.009957369914974545	7.20872515094615e-05	0.006017999877398281	0.03592744510524631	0.0099426573305635	0.0003255846273896839	0.010751661099339912	0.0008810072968805343	0.009591178227520052	0.00040092009659894247	0.005117764310484213	0.0017160239011034906	0.00047493060922241517	0.0003258991658761027	0.0005135114958082338	0.0008804699634237781	0.0004575189276823502	0.0003947011544896618	0.00024442944811755305	0.15275812291943203	0.24250860382351902	0.20385209043894167	0.2925289478900569	0.5388731217446908	0.39705172750179496	0.3296079935394571	0.9947554229464902	0.7942345857180322	0.3265909238923665	0.9981343573532485	0.7958772197422671
cg08659707	2	20327916.0	-0.09000436123374658	0.03291194945081532	0.0063961709378864634	0.03286204894991169	0.006316774353536984	0.02838080400603294	0.0023752543064264613	-0.0032598731503124673	-0.10098520739948347	0.03310312984016663	0.002367507147306693	0.03293568367516177	0.0022495909761936278	0.02907970682107055	0.000953326637400768	-0.0036636653377571707	-0.10145466640890868	0.030026557654831938	0.0007716489267469315	0.03036435574489319	0.0008820353025757305	0.025138834464127555	0.00015416584073875956	-0.003631009418518249	-0.0048499646114353555	0.001434401959288778	0.0007652094082751533	0.001451660787442045	0.0008828652420402495	0.0012022932976376158	0.00015512444902849418	-0.000173627948816136	0.4461591005946056	0.5302102204460557	0.42738857971789185	0.5905702149428732	0.8143009462248806	0.6842028657216225	0.3968873793080091	0.9947554229464902	0.6718147713396163	0.39571359487366703	0.9981343573532485	0.6614528042688982
cg14850412	1	200891554.0	-0.11685459757635086	0.04060311830672909	0.004120150343797525	0.04233313074006664	0.005919671991962158	0.044087108513222464	0.01022297627682835	-0.005622999023293438	-0.12398609794227286	0.037553141326595124	0.001008725534314017	0.03891343934421615	0.001503768641103998	0.03587572174631193	0.0010040497879505936	-0.00601151892160757	-0.13628474840817378	0.036122493503036215	0.00017620419140933083	0.04079109402775101	0.0008826613889102512	0.03838170968257647	0.0007469690550057814	-0.006512559141260357	-0.00652973847571999	0.0017255131143766246	0.00016850176760595492	0.001949353591288189	0.0008560062862892391	0.0018352098468583954	0.0007301048764674486	-0.0003117519003305843	0.40578268044121496	0.5217594971115854	0.559164581651181	0.5156039530632025	0.7536660437988486	0.7008510312995376	0.263676668008756	0.9947554229464902	0.8975736820369667	0.25856307114705557	0.9981343573532485	0.8973002611650496
cg08176244	3	53186695.0	-0.05558357492520499	0.01648566826231601	0.0007868828134363175	0.01667148576316845	0.0008994259473301994	0.015294062013073467	0.0005734816209957199	-0.007710168047896206	-0.04811300387155772	0.01545710921079884	0.00192733945324013	0.015842170313770314	0.002475569840273817	0.013783980682517046	0.0009019949144685659	-0.00674661848294121	-0.04678062614807603	0.013467902367820637	0.0005480015385252694	0.014001941785057913	0.0008827609287196573	0.014287850056240102	0.001748734260012635	-0.006609629569880063	-0.0022376129143880856	0.0006433785340964399	0.0005392082152087387	0.0006691999799382776	0.0008743499558547508	0.0006836240662007477	0.0017539510454187928	-0.00031616803016684583	0.2585688696267716	0.3327039118921718	0.2988297253014815	0.5702764657932831	0.8143009462248806	0.675132990640565	0.36986309823868946	0.9947554229464902	0.9999560135595468	0.36614582086141695	0.9981343573532485	0.9999316749064227
cg06735849	2	168669770.0	-0.10546291041107868	0.029843951203670536	0.0004355933960396048	0.0302140506726146	0.0005112422043609794	0.0288024641457566	0.0005257124081753843	-0.0025261803112532656	-0.10937731893903885	0.029879143783544483	0.0002699698926640371	0.03016729497153276	0.00030850323865453744	0.02882383026381731	0.0003422053998435582	-0.0026745692643409076	-0.10628902440129327	0.030399201488091235	0.0005037591721183446	0.03181465995189135	0.0008831607479865985	0.030841363118801198	0.0010345681142520196	-0.0025534742233708704	-0.005073005656235734	0.0014522767307085563	0.0005099110608414118	0.0015178294625739744	0.0008788111652506855	0.0014720069845374076	0.0010345523813546156	-0.00012191987342884028	0.21600620120349806	0.290022926670574	0.2906328517263596	0.38478599669798214	0.6112860958550336	0.5985283726155515	0.36633569107871866	0.9947554229464902	0.9539307175199891	0.36614582086141695	0.9981343573532485	0.956235101380295
cg08063724	1	39901425.0	0.14013248284789523	0.04159967699636257	0.0007954602025883561	0.04185423857550438	0.0008556843537421393	0.03944001893573288	0.0007416339625670043	0.006929892193285145	0.11823541027976192	0.039508867337610415	0.002860436879287352	0.03976494419473867	0.0030439675261190744	0.036098384919083085	0.0017423804074288836	0.0056186769044198545	0.11407183097338436	0.030903652415287232	0.00024200251262288574	0.034145129298830415	0.0008834369812374949	0.03440104870296205	0.0015416966024457386	0.005420285529367337	0.005448666934771498	0.0014762890210569017	0.0002423966519281812	0.0016320941941546697	0.0008907905069809687	0.0016455778757661673	0.001564455387614038	0.00025918082259716104	0.2598779396160796	0.3303185064702672	0.3185325722664289	0.603724561848377	0.8259355573115673	0.7690547419510269	0.3050239446704215	0.9947554229464902	0.9999560135595468	0.30456310851585033	0.9981343573532485	0.9999316749064227
cg02456944	21	45868524.0	-0.086807534114305	0.036243938314398795	0.016869027084619757	0.036567265046775	0.017860205884102955	0.036635415257318844	0.020992061489320774	-0.0040528287341701635	-0.10706500103824834	0.031746951181422914	0.0007848595522408731	0.03225635546721727	0.0009482351732119626	0.034639660561660464	0.0030065342686823684	-0.005165958577471129	-0.10532270780403473	0.0313402266109904	0.0008234059487649579	0.031532130879399545	0.0008853862878126628	0.03333335823657474	0.0024580865952792104	-0.005136973843278488	-0.005029752180704474	0.0014971784046727494	0.0008267402944523052	0.0015043464382137235	0.0008750731398609772	0.0015890930066960961	0.0024186411052550443	-0.000245322105826075	0.5463073358183567	0.6331296885157796	0.628214522093134	0.49843160660967445	0.7152483846604266	0.8166932067344068	0.40558945442909744	0.9947554229464902	0.9999560135595468	0.4056368686173181	0.9981343573532485	0.9999316749064227
cg05006813	5	120734241.0	0.08679369649079459	0.026677781305041726	0.0011931618012460227	0.028805270780166196	0.0026758334061903516	0.026759954750181662	0.0019174556414184834	0.012975708893206693	0.0966999914497792	0.02659069607510066	0.00029594938415198956	0.028617167277217904	0.0007664353149711549	0.02724488361006472	0.0007504597204290085	0.01451891821900679	0.1014823324865769	0.02748015806951334	0.00024040247500394099	0.030388814244179344	0.0008876061768449524	0.030081114838861424	0.0012936381210015818	0.015168684083048379	0.004849228607130437	0.0013127781685398996	0.0002395368859594127	0.001451939082047275	0.0008864577112549732	0.0014374426209203012	0.0012940795475604747	0.0007247713606871419	0.29284297141745597	0.44086993721036094	0.408569617144881	0.3966731111430291	0.7066970070614329	0.6603768195965551	0.3050239446704215	0.9947554229464902	0.9999560135595468	0.3038659351765184	0.9981343573532485	0.9999316749064227
cg00508575	12	89657190.0	0.049067028916169	0.021508955537766005	0.022823591743550545	0.022057907467972003	0.02642436459684549	0.023958358594392454	0.044870123649808205	0.0064747459363421345	0.051963424017472226	0.01894241947316764	0.006235112226482845	0.0202555040235118	0.010507152177907016	0.023060168683000794	0.027840852481603236	0.006765327497419739	0.05811146369498036	0.015182289513658152	0.00014197102718023572	0.017404240865637695	0.000889297147623604	0.01845135829220104	0.0025332226292262825	0.007601504834762225	0.0027761572464137458	0.0007252694975723336	0.00014187117152075337	0.0008318671122193786	0.0008945505421954657	0.0008813124857309636	0.002528871706988455	0.0003631136862276247	0.5821425290944939	0.6758701863588724	0.7129542922112934	0.6611320276552085	0.8712142145333529	0.8847519836905731	0.23597073460682122	0.9947554229464902	0.9999560135595468	0.23535671484297177	0.9981343573532485	0.9999316749064227
cg20688993	8	76854921.0	-0.1149152183190696	0.03129692182078493	0.0002585732513788214	0.030618574995175587	0.0001886160009311008	0.028049194741664635	0.00012546128713283836	-0.0037758236038835137	-0.11617030460945997	0.031504296194969215	0.000243560556313739	0.030973777049978404	0.00019058488503694837	0.028113475825961014	0.00011132527778264496	-0.0038135417909249277	-0.1022360347307186	0.030331876210664493	0.0007947150472630883	0.030630151441621258	0.000892977625485852	0.03042678660146495	0.0013482916045363877	-0.003383484079716996	-0.004882090754443978	0.0014490099737668651	0.0007984673854652828	0.0014642270967274817	0.0009041408239382015	0.0014559981879580153	0.0013772698646182893	-0.0001616295320641223	0.18524965736791765	0.2144622210811623	0.17952824095476758	0.36876960274152726	0.5556138735200101	0.44591742379908816	0.4022120143026595	0.9947554229464902	0.9999560135595468	0.4010763197351859	0.9981343573532485	0.9999316749064227
cg19130550	1	162024487.0	-0.06693857710828388	0.035640868052043	0.06076300116248973	0.03911389503272874	0.08743945526041715	0.04422662438928807	0.13530798681927614	-0.002055491956886033	-0.07125365385671818	0.033312135921946574	0.032773877948593495	0.036163710907432055	0.04918584098069455	0.04199563472649362	0.0948526593314551	-0.002165630004429759	-0.11222145945853275	0.03171140660108448	0.0004306850888224896	0.033625223573628446	0.000894049231461345	0.035876873157650126	0.002697912511850314	-0.0031157898581812946	-0.005359281708266119	0.0015149648435025373	0.0004327282716366443	0.0016050993338704135	0.0008893469282445542	0.0017101631783096696	0.002652304173513525	-0.00014883362182585512	0.6936338416036063	0.796351212968547	0.821518822617452	0.7703701676843547	0.9121015394608312	0.9097212758329547	0.3599193278402209	0.9947554229464902	0.9999560135595468	0.3596112357220312	0.9981343573532485	0.9999316749064227
cg10619342	15	65076667.0	0.06287726494739555	0.031222979686495234	0.04439806777133978	0.031740176876207025	0.0479688218060306	0.029684920656134334	0.03824426527348314	0.009973631961000816	0.0942574491198218	0.02868568862153936	0.0010659497135307727	0.029911388899821686	0.0016932376996680145	0.03193259140764457	0.004479424277724409	0.014659867740983976	0.09989745622116025	0.027242095409137794	0.00026555083111560974	0.029939850261491915	0.0008966263933823052	0.0347490195505782	0.005558605355893513	0.015394759759646605	0.004787090967655167	0.0013013394789263425	0.0002540359184446827	0.0014299421775894083	0.000861925371990371	0.0016582581901286736	0.005375928285561289	0.0007377684045940985	0.6597608198326277	0.7383372836382238	0.6939621111481162	0.5232338900454596	0.7771153132444778	0.8326897594526024	0.3124722734635752	0.9947554229464902	0.9999560135595468	0.3061087395155013	0.9981343573532485	0.9999316749064227
cg22693702	11	62338163.0	-0.07715103920520705	0.03241476628894417	0.017564556820379225	0.03159155357053761	0.01483831121081239	0.035015029298369714	0.031354781122683875	-0.004103610248451504	-0.07404544258437604	0.02762730028817585	0.0075270744866661144	0.028103028969225178	0.008600086497433837	0.03138946325433157	0.021546602719876747	-0.003956491477103002	-0.095308696097359	0.027083324945180634	0.0004633881672002299	0.02857400776670954	0.0009001261511951831	0.029536515282523147	0.002014879404852115	-0.0050462661705070275	-0.004553048139212984	0.0012938717968055248	0.0004636597242128444	0.001366105540982204	0.0009085513201954163	0.0014127914167266149	0.002039497374127695	-0.00024111102549944803	0.5514147272161211	0.6146398964487878	0.6724136659197468	0.6698374535548951	0.8712142145333529	0.8716201876916273	0.36311468581727885	0.9947554229464902	0.9999560135595468	0.3611066915644718	0.9981343573532485	0.9999316749064227
cg05664421	4	2360199.0	-0.05837299583236738	0.013949812190711786	3.208652194307261e-05	0.014222210887978677	4.5151292755651144e-05	0.01517722831690343	0.0002892996116974884	-0.008663300218703497	-0.039093328019999776	0.01228078059192107	0.0015187460525214024	0.012979517401612841	0.0026868805431422625	0.014093650171558893	0.007340900038496862	-0.005941583429666919	-0.04229404639600051	0.011034443687739395	0.0001389964311041589	0.0126800403831722	0.000900193825353583	0.013102310754838423	0.0020078385727707077	-0.006420957870727843	-0.0020203826679225	0.0005271248969481536	0.00013903881718662573	0.0006054624612141799	0.0008956133655999867	0.0006260447815947777	0.002012428905499827	-0.0003067626743640382	0.07892009187952535	0.11641067347459068	0.24452826256782023	0.5518457840578039	0.8235487652046981	0.8444540290458851	0.23443080154847812	0.9947554229464902	0.9999560135595468	0.233529251191925	0.9981343573532485	0.9999316749064227
cg08227290	14	75441302.0	-0.09629580854258243	0.022160130812096675	1.5883508787904498e-05	0.022126864959033557	1.5429126832789697e-05	0.022559629867650983	6.983052115655293e-05	-0.01051726451951626	-0.061674961928981364	0.01910512337299143	0.0013022479871966977	0.01887162699702787	0.0011340075346102005	0.018399329459632394	0.0013817489816169265	-0.00691108845523286	-0.06267591647233133	0.01763628141085036	0.00040734350327025946	0.018793506085897433	0.0009018012220681394	0.016541502639185687	0.00034858314580478287	-0.007080816590066092	-0.0029910766026977416	0.0008424921782011402	0.00041274360458361264	0.0008978150903782881	0.000912928881040869	0.0007912935109151639	0.00035896435771566164	-0.000338100924803478	0.06417862371385692	0.0811097174903521	0.14433866405130968	0.5343197224622397	0.7221039184026306	0.7361268569582715	0.3550650249013153	0.9947554229464902	0.7630718135971118	0.35547147764716697	0.9981343573532485	0.7713163537745363
cg25077752	19	2899866.0	0.06626813751675006	0.024827794731904454	0.0077753744620727774	0.026395270515380855	0.012268973347988568	0.025625299736262878	0.012111680612345528	0.0034740311471421342	0.05995324676387953	0.024796213133243854	0.015860263312066702	0.026338136976472585	0.023121411884976552	0.02644684062690358	0.026950852131187093	0.0031891755512515937	0.08392639002518923	0.02261790479653754	0.00022453894537473968	0.025168842560366292	0.000903211724696625	0.024056894105166066	0.0009071738626908158	0.004318995441873625	0.004022635596462271	0.0010803922543271625	0.00021376691795081524	0.0012031543966987438	0.0008752973787069751	0.0011513517263225784	0.0008926703327250668	0.00020694389435330736	0.46877262449824325	0.5968768401225303	0.5778608367145994	0.7268957547639131	0.8948421901746308	0.8819906978615947	0.29605715936685095	0.9947554229464902	0.9504452336097909	0.2846355735160686	0.9981343573532485	0.9453805653783303
cg18452449	3	52226655.0	0.06477118364717237	0.02049248537498372	0.0016392219560801488	0.01996579176118813	0.0012322270770760318	0.018606424565429186	0.0009287184036224034	0.006894661578207988	0.03381823620187458	0.018633735080350097	0.06995632028666668	0.018409735827499715	0.0666255020799186	0.018705478064748326	0.07554752824182798	0.003635026908072812	0.05162400076632636	0.014676371056953182	0.0004661385381147899	0.01548247133469792	0.000903798291718854	0.016429615315182354	0.00258818300204153	0.005388526032497875	0.0024695335716978673	0.0007010946348650246	0.00045775605598319234	0.0007396068611546583	0.0008891212023554564	0.0007845654177401265	0.0025466216245949055	0.0002576833540106161	0.31687162418719717	0.3682814965226347	0.33910411322631817	0.8109163772980239	0.9139282608034774	0.9063153572271708	0.36311468581727885	0.9947554229464902	0.9999560135595468	0.3611066915644718	0.9981343573532485	0.9999316749064227
cg19824242	2	104656974.0	0.059407347951359275	0.027075599831283936	0.028542776148318332	0.028260638074737183	0.035886820572417995	0.031848350714786644	0.06694792018821154	0.004825146014510728	0.07078961065907162	0.026718620171550585	0.008239177458271567	0.028389945834720303	0.012873360905124082	0.03197744784364962	0.0305959936903882	0.005693763325870603	0.09446113191984051	0.025351474485202696	0.0002114977937527114	0.02834918527639903	0.0009111513679274245	0.03027667891143281	0.0027620185932918056	0.007426090908204936	0.004505653263300648	0.0012111243776320492	0.0002163409460429154	0.0013551834848371939	0.0009349381369579123	0.0014465802781892215	0.002804594077062142	0.00035441936109066304	0.6104678617094136	0.7107172767255963	0.7518482426275023	0.6764866063066003	0.8743309698233249	0.8869810588221004	0.28254360214060653	0.9947554229464902	0.9999560135595468	0.28637863665925467	0.9981343573532485	0.9999316749064227
cg08115732	17	78175713.0	-0.1267179446687388	0.03297269992588355	0.00013213698936497144	0.03244587439491223	0.00010280696123219613	0.030954313153414032	0.0001268295668545662	-0.003179872275761636	-0.12488262325226587	0.03341860612225215	0.00020104619400260288	0.03309592989599693	0.0001743171803109814	0.03151398165110005	0.00019677493741570277	-0.0031467578376929255	-0.11091011423412839	0.03240912625821998	0.0006603399695314966	0.03329604174499703	0.0009144656145870794	0.028380208212177654	0.00023595855319824254	-0.002681458695057563	-0.005299393704474232	0.0015482360240090367	0.0006587405078400367	0.0015916680719709354	0.0009195515452796962	0.0013539088184770834	0.00023122129035083508	-0.00012818215892471097	0.14632531629085657	0.17678013442343107	0.17952824095476758	0.3553715351395441	0.5556138735200101	0.5073321623690472	0.38294325771757565	0.9947554229464902	0.7369441034300529	0.38294520603855126	0.9981343573532485	0.7415012663191807
cg09064314	10	129943945.0	-0.09653971852152526	0.032421410471495785	0.0030014752821028823	0.03297230819023316	0.0035194855144095104	0.02888112624416255	0.0014216844541495022	-0.0022527966177606183	-0.10446144666984411	0.032745995064909474	0.0014841560955156608	0.0340699465530658	0.002249931513968137	0.029455883629633813	0.000757377824597514	-0.0024564446840169133	-0.11477440690804226	0.03224060672374418	0.000398135232514659	0.034463539910888526	0.0009167806963784168	0.030877091704152218	0.00043989854350536564	-0.002661391373591681	-0.00546980576842745	0.0015402514403706528	0.00041125473806814355	0.0016469073980497615	0.0009465290714892434	0.001476875167824598	0.000459435442657668	-0.000126793252875611	0.3730221419153184	0.46854970402284196	0.37860111737105123	0.5477168442885111	0.8143009462248806	0.6621461511318694	0.35290227763227544	0.9947554229464902	0.8062499102281706	0.35547147764716697	0.9981343573532485	0.8111412540488049
cg01875596	18	25353732.0	0.04556858973074676	0.021283740857298065	0.032606494182720186	0.02342251396384303	0.05210053221773468	0.02100995305034183	0.03399770271699783	0.006528597579187558	0.05916448760430597	0.021000724324906957	0.004976254495577628	0.023668532268971813	0.012650930750856689	0.02116636609533902	0.006924579982914015	0.007955762917738756	0.08157986338239016	0.020618737493996994	8.443580004628726e-05	0.024505626729082512	0.0009209589237587988	0.022271760783765217	0.000523474169375404	0.01026677489317372	0.0039028330327738796	0.0009850175400515008	8.252247063600705e-05	0.0011715708952801333	0.0009136522318430603	0.0010664413157678717	0.0005289376523190606	0.000491151022289715	0.6238386602431358	0.7472093774513936	0.6821113487904448	0.649169878101067	0.8735724500382162	0.8424523148494593	0.19734141457725274	0.9947554229464902	0.8252485923974272	0.19289991777359367	0.9981343573532485	0.8241313741191877
cg23360190	20	32018989.0	0.14079234506742522	0.039723364655984306	0.0004188784059476058	0.04057014131238577	0.0005505572721769431	0.04074269256303164	0.0010051151189557493	0.0022924267630705275	0.1472585893175216	0.039895366232925354	0.00024013094520415097	0.0407673084512926	0.00032473970570390855	0.041903898854085055	0.0008377126784013136	0.0024417070631308152	0.13879622265949929	0.038310524585945194	0.00031412854805225104	0.041695534256317286	0.0009216831170781062	0.04392019581446007	0.0024543810323980073	0.002330712467282092	0.006618603779540582	0.0018302674517849387	0.0003222398102187461	0.0019920386883342574	0.0009423071358490069	0.002097467518968205	0.0024883423328349178	0.00011114510658786456	0.21239131896045155	0.2977215084476244	0.3455091130460529	0.36876960274152726	0.6259481537806915	0.675132990640565	0.32822431346820896	0.9947554229464902	0.9999560135595468	0.3265909238923665	0.9981343573532485	0.9999316749064227
cg17331950	1	181106530.0	0.01783596506392278	0.016407717045344005	0.277377156622557	0.016412988804704886	0.2775313790406662	0.020190561710853396	0.38049860797221535	0.0019416405402420261	0.037203353208325934	0.01420585855895268	0.009007667607837791	0.014192140579676073	0.008941688891187311	0.01585052226259845	0.02218043259303191	0.004071386144576031	0.04679504367273977	0.013010702949652063	0.0003469071760226695	0.014059721510363348	0.000923304078453904	0.016308912335149313	0.005644856457951406	0.005071792241296549	0.002237630819840606	0.0006215322203234789	0.0003423267964448473	0.0006719531257621008	0.0009176675738489749	0.0007799013554628429	0.005647562910298586	0.00024251553978811102	0.8662481197780589	0.9001814509629331	0.9225294964695634	0.6844660629441346	0.8712142145333529	0.8740964335002155	0.3359381039042685	0.9947554229464902	0.9999560135595468	0.3325075114433329	0.9981343573532485	0.9999316749064227
cg12739419	7	116500539.0	0.07459802037838438	0.024435323364121492	0.002349458212052924	0.024966118475617877	0.002903193032307348	0.029791100435463586	0.0149688280823415	0.0100476767766395	0.0739299028742391	0.023039898894746797	0.0013920958862934237	0.023564244788433258	0.0017741380907655272	0.027452997494512826	0.009131424594757749	0.009985581544536192	0.08025359173570247	0.02221858946685316	0.00032739060536309363	0.0241127568498984	0.0009234420944178527	0.02462554473552658	0.0018303268767588367	0.010780562681148789	0.0038386528846846403	0.0010615682405840205	0.00032245208591736614	0.0011527438006043711	0.0009177522764841767	0.0011786285226054205	0.0018417468616026573	0.0005156503923418175	0.3479404506669221	0.4493114153448494	0.5950513938876362	0.5429327106126801	0.7787301602441881	0.8467010775793248	0.3296079935394571	0.9947554229464902	0.9999560135595468	0.3265909238923665	0.9981343573532485	0.9999316749064227
cg18931633	8	27613058.0	-0.067650038921605	0.01658725185532029	5.036351966544689e-05	0.015935163718067066	2.466486756956885e-05	0.015028842738923732	3.099523773736888e-05	-0.011648067558795303	-0.04576595444261263	0.013352652829132512	0.0006438451870732646	0.012996465632647272	0.0004563027923966091	0.013804365560650674	0.0015445722651501498	-0.007875823925973911	-0.047323874251784095	0.013523153366284749	0.0004981761153841893	0.014219922803580403	0.0009243054562080688	0.015522303777496136	0.003395710465053384	-0.00813533169426417	-0.002264615350444718	0.0006461742904785357	0.0004887610969667103	0.0006797754660448245	0.0009132176590259016	0.0007420263427640375	0.003364833458060363	-0.00038930616836835535	0.09427783970696695	0.10143262613915165	0.11011313720238633	0.4810130516610991	0.6778341116247854	0.7451926045342945	0.3639949864865673	0.9947554229464902	0.9999560135595468	0.36147759424630715	0.9981343573532485	0.9999316749064227
cg27476474	17	78413804.0	-0.08328274662582218	0.019398341545964624	1.99986687631685e-05	0.018198066457324625	5.562946114182579e-06	0.018197252263721066	2.374003355347712e-05	-0.009192805328702489	-0.06150969912770039	0.018126515317766677	0.0007282096639801342	0.017017464189181163	0.00032188410794038925	0.01684343688185315	0.0005423273843431669	-0.006862940585953758	-0.05835317701454295	0.016909949512168284	0.0005952442190965767	0.017538391451562798	0.000927015637058706	0.017241240167631004	0.001251261697937597	-0.006658550662872682	-0.002798144939386113	0.0008077567385026843	0.0005671409106034333	0.000837038062416396	0.0008768340228721145	0.0008235011512799929	0.0012010893609015942	-0.0003192555171999105	0.06434714431805925	0.04818002317224807	0.10070210973891763	0.4925946839903084	0.6234125113130842	0.6363394137667326	0.3700565030790091	0.9947554229464902	0.9999560135595468	0.36614582086141695	0.9981343573532485	0.9999316749064227
cg26295435	16	67648162.0	-0.08799678280090008	0.025364874103404027	0.0005527915014453699	0.025671881567013756	0.0006429743313843548	0.02249716856935908	0.0002332821069413553	-0.005182137934446645	-0.07963910037563102	0.02517711303359227	0.0016262661600150977	0.025513467250818288	0.0018715638438888908	0.022290138732338517	0.0006968296852106205	-0.00471338581368468	-0.06435445765002329	0.018047293060789744	0.00038938725903192096	0.019346983901513626	0.000929759552416995	0.017223712439927062	0.0004134169515028009	-0.003788068282151915	-0.0030696605974962665	0.0008621459568289108	0.0003973107720074026	0.0009245126653844636	0.0009497267611488177	0.0008230223472805218	0.0004223822626650448	-0.00018078988190453062	0.23235784250214034	0.31480887577930183	0.22804428276395416	0.5578685551266027	0.7858684931751835	0.6566608231887391	0.34948413053817756	0.9947554229464902	0.7942345857180322	0.3540039091969717	0.9981343573532485	0.8037798377624785
cg20498872	14	23369592.0	-0.06605162066248413	0.027392335437261855	0.01614263127681027	0.029075982896082105	0.023397453356639418	0.031069719769408536	0.037566295966718254	-0.010028134793366594	-0.07527220090168206	0.02226287736970528	0.0007610386484135674	0.024238845520220955	0.001974511567974765	0.02795253888128989	0.009134001014353948	-0.011444875046033375	-0.08259542732679245	0.021381782011700965	0.00012333120874134175	0.0248320964065363	0.0009303309957182784	0.0256784199699396	0.002077484311352791	-0.012562927092541702	-0.003951560829231038	0.0010215925789971022	0.00012081284626931922	0.0011867861063175047	0.0009189908670732803	0.0012273047850584614	0.0020579502169883776	-0.0006010176591365765	0.5414138422100931	0.6624678754227051	0.6920716357316636	0.4925946839903084	0.7929054722415966	0.8467010775793248	0.22589310709478072	0.9947554229464902	0.9999560135595468	0.22436131391470449	0.9981343573532485	0.9999316749064227
cg24418853	10	17617400.0	-0.05006199820075215	0.02629434729920768	0.057317921716292096	0.026350120114210132	0.05784574101294669	0.02917759561561213	0.09127987836991382	-0.0028525304151885583	-0.04965498604266524	0.02659624092842176	0.062308811034316396	0.026759539619129764	0.06391913625666625	0.029148308261847177	0.09355919664318486	-0.0028137209904361823	-0.07814117645638302	0.02280439544142008	0.0006499311765350898	0.023500427604646868	0.0009338154039362036	0.025523698726708663	0.0032730343712588936	-0.004134914210727342	-0.003733222109895051	0.0010894041258215647	0.000649311519744001	0.0011232382079252848	0.0009386717119996535	0.0012192634913501146	0.0032697070169936337	-0.0001974858299571026	0.6871472333622436	0.7572819525986041	0.7812792672813191	0.803694712156768	0.912995866290842	0.9090267528450038	0.38260505249356536	0.9947554229464902	0.9999560135595468	0.3821825933431912	0.9981343573532485	0.9999316749064227
cg06551822	16	29847547.0	-0.06425755349719492	0.019766351008323926	0.0012037661786213703	0.0191137468490755	0.0008148381434729458	0.0154028136605451	9.728480046674099e-05	-0.004319837222979777	-0.06843327695826999	0.019617580936267937	0.0005155299890384338	0.019567906504510242	0.0004989932395987579	0.016137303468954076	7.68457158431338e-05	-0.004726246722755831	-0.06560578005621903	0.01792748242147879	0.00027329800436822567	0.019730974447251613	0.0009340829400076252	0.017357386992630692	0.00035929111308917726	-0.004575550415170748	-0.00313781812641509	0.00085638887857889	0.0002686327728168864	0.0009420119034323105	0.0009146431744753179	0.0008293660524046678	0.00035500834971374757	-0.0002187735013265042	0.2930375609911636	0.3265997606490867	0.16828732216807188	0.45782603081251955	0.6794304623686471	0.39705172750179496	0.3178919140867342	0.9947554229464902	0.7777269231528152	0.3115701423470995	0.9981343573532485	0.7713163537745363
cg18207214	5	126544561.0	-0.07566812184743049	0.030240687123415672	0.01256172516328389	0.0302189190942842	0.012498470306689262	0.02738964468599099	0.007567397511688855	-0.004273975069101609	-0.08424054430721106	0.029827825663323464	0.004870522860285262	0.02931595149015859	0.0041785575269996985	0.027778705461673627	0.003557870198768665	-0.00486811395019145	-0.077589187192552	0.022374346452626887	0.0005595703740282434	0.023347777315538113	0.0009400981597567388	0.022664716943165415	0.0011105755870844715	-0.004338765066150432	-0.003704765311685901	0.0010688927875064464	0.000563240971187334	0.0011145824013302063	0.0009377464395231317	0.0010833627329843176	0.001123153327526995	-0.00020737576474026155	0.5136415313943399	0.5997525164527344	0.5296518947878227	0.6460471590387942	0.8394414853781444	0.8250227633225801	0.36986309823868946	0.9947554229464902	0.9791520853601348	0.36614582086141695	0.9981343573532485	0.9831623634226687
cg14476397	12	109713266.0	0.14187935267489982	0.035237073856544246	6.259613234978053e-05	0.03994199326158391	0.0004068404601641766	0.036189146123380096	0.00022641334082184594	0.021891858221603378	0.1435857438066235	0.035583653853549724	6.0402807461310504e-05	0.04137806805195847	0.0005512811960899446	0.038306921982942416	0.0003978028272087993	0.02209777801228606	0.1489200328702971	0.037294211719414445	7.26900237660355e-05	0.04483374999544627	0.00094537374978535	0.04194554478510958	0.0007480381938928668	0.02312855004799579	0.007120370175300318	0.0017816326216160679	7.167082905142463e-05	0.0021440411003453286	0.0009473774222156334	0.00200653438293275	0.0007521095324223379	0.0011056323139081391	0.10349450607696001	0.27041396056918865	0.22636114221333992	0.26290354422163065	0.6875814646099725	0.6089818891669874	0.19353855960023253	0.9947554229464902	0.8975736820369667	0.19135892213238864	0.9981343573532485	0.8973002611650496
cg09672291	7	108130346.0	-0.1015593592975805	0.031130497208191412	0.0011565805868983972	0.03181419452059782	0.0014725616237839644	0.03447960373552714	0.004559533618450187	-0.00399613069764557	-0.11269928127618911	0.02946481151138957	0.00014218299571137772	0.02978893945717985	0.00016765084078441495	0.03002704277815054	0.0003914660380062124	-0.004650099703215578	-0.10693743837971613	0.029104533313617245	0.00025829586741951547	0.03220954883720599	0.0009505545229873977	0.03257033792368301	0.0017014148604992502	-0.004539446507851114	-0.0051115087385422055	0.0013904384917162416	0.00025638945200193636	0.001537599436074424	0.000936295842634641	0.0015577249905296064	0.001711084006774614	-0.00021713395260788406	0.29113243836473784	0.38427982369425906	0.4852281105000635	0.3352968820688399	0.5556138735200101	0.6089818891669874	0.3103130348927368	0.9947554229464902	0.9999560135595468	0.3061087395155013	0.9981343573532485	0.9999316749064227
cg01443755	12	40827837.0	0.10532404271579066	0.030490170084631216	0.0005836778262957887	0.033319016365880534	0.001637278117791459	0.031040561971006263	0.0012187302999594203	0.016718780599018532	0.11439449695724625	0.030262999038155717	0.00016980915904104714	0.0334461633256828	0.0006609019582519747	0.030858788833306942	0.00045444415651271677	0.018149734472907283	0.11692192890940786	0.030862586683862894	0.00016571517582225932	0.035219500424235994	0.0009513827757887481	0.031214669480546485	0.0004011118479516895	0.01839749611157884	0.005581841274390943	0.0014745469767671149	0.00016768733495281475	0.0016825521378863993	0.0009591901978875429	0.0014912890377511334	0.00040472379465820096	0.0008782818869370462	0.23578407028338394	0.3951457304358162	0.36787569501004774	0.3352968820688399	0.6997202897659299	0.6186065970840329	0.2594132543470799	0.9947554229464902	0.7942345857180322	0.25856307114705557	0.9981343573532485	0.7966791431325227
cg27635976	16	88917659.0	-0.07118011382308752	0.02572037118762745	0.0057935520606290855	0.025113762413777312	0.0047202628223336745	0.02257357467709273	0.0025050235851801863	-0.004044418441951213	-0.08222804344542967	0.025229436103109706	0.0011697366713996464	0.024927935153200804	0.0010193557849820303	0.02611382743556103	0.0025377624083191405	-0.004965513588642923	-0.06658473361502891	0.01863845332482945	0.00037994399462455545	0.020058731601432157	0.000952448095999425	0.02057807802730113	0.0019620902479733377	-0.004081519556244735	-0.0031753045098196517	0.0008904275499175739	0.00038914548762332055	0.0009588804271376147	0.0009796919752307523	0.0009846669628667429	0.002027279099536701	-0.0001946618209382083	0.4363847011086012	0.4972446653423069	0.43247969133053016	0.5284679729626925	0.7152483846604266	0.8100358529526835	0.3450161634581446	0.9947554229464902	0.9999560135595468	0.35160597749247896	0.9981343573532485	0.9999316749064227
cg03785828	5	82277487.0	-0.09827838606376427	0.02918713098283375	0.0007994845694306781	0.03268066475118156	0.002727528250644839	0.03130049776855712	0.002605676126456017	-0.009978654081344457	-0.09760180091231732	0.028727332207568377	0.0007173771681816549	0.03262876701090096	0.002872946676783225	0.03215677828802819	0.003531099715194632	-0.0098273840473026	-0.11252739464817817	0.02984280599928755	0.00017771655200000944	0.03389944341891269	0.0009525891697297008	0.03423795440055258	0.0016843412510148907	-0.011580338448089086	-0.005379616830691629	0.0014256076069531442	0.000175713588556623	0.0016203528210940656	0.0009506410427093501	0.0016367409092978775	0.0016835372359398691	-0.0005533840595629223	0.2604671613279451	0.4437528407880908	0.4347474904323839	0.4925946839903084	0.8259355573115673	0.8237939144125507	0.263676668008756	0.9947554229464902	0.9999560135595468	0.26205209766890947	0.9981343573532485	0.9999316749064227
cg08468904	1	150364913.0	-0.047932471900493226	0.028177180316233695	0.08935120202545592	0.02985809039611109	0.10885383706728996	0.02662149679475596	0.07672328219286724	-0.0016229548416808578	-0.04349729845430801	0.028415243547704642	0.12626463433551824	0.029989514073413985	0.14737777756554535	0.026920153516036847	0.11130067799517308	-0.001429487072470242	-0.08343831013927759	0.0219319343846532	0.00015561122352032906	0.025141944372348842	0.0009551314362109872	0.024523763498950163	0.0011846820869930899	-0.0027141165126708527	-0.003972409825305422	0.0010478029976508103	0.00016395503521519363	0.001200824818334512	0.0009914722296274843	0.0011709019845189263	0.0012206126926665056	-0.00012921211374157534	0.7376894897782746	0.8159419104385217	0.7670046922315269	0.8467327656710956	0.9279798699930375	0.9158542235312314	0.2505968971854881	0.9947554229464902	0.9905930636798045	0.25856307114705557	0.9981343573532485	0.9999316749064227
cg24057041	19	54181473.0	-0.08108244520136623	0.02287108454361224	0.00041751585936344887	0.02356952832598901	0.0006147021833193972	0.023395641253858235	0.0009742550493365987	-0.004628615655295595	-0.08267558035114939	0.022670344134925538	0.0002846010228525734	0.023072191769919308	0.0003620806385787833	0.02451556259819065	0.0012985942369156064	-0.004832253773387266	-0.0787325424143189	0.02183185889139873	0.0003345016893323906	0.023724028972262036	0.000955152211607815	0.025026579281593814	0.0025592785213865788	-0.004561311414632837	-0.003766198139603641	0.0010428944733311325	0.00032826857577793157	0.0011329741749408762	0.0009368705995116218	0.0011961489442003322	0.0025394669129587964	-0.00021828577871021803	0.21239131896045155	0.31146050002482073	0.34315675160179504	0.3908229044843193	0.6599692582182118	0.7288112796553561	0.3298136869963353	0.9947554229464902	0.9999560135595468	0.3265909238923665	0.9981343573532485	0.9999316749064227
cg24280945	8	19603557.0	0.02825939626688761	0.019440808861449412	0.14648658117433594	0.018715263338079303	0.1314879891833602	0.018093004809288958	0.12348595870566154	0.0015456166200053974	0.031928416835292045	0.01957847727606522	0.1033716170398712	0.018871834035525867	0.09110621523183741	0.01885785354254964	0.09553618132439111	0.0017485846604538887	0.05876523422003034	0.01673179949188738	0.00047535932929485	0.017716244153385675	0.0009607419197388142	0.015159926656694155	0.0002619246567285229	0.003304037926817653	0.002808386530530428	0.0007993247730395819	0.00047315266953330446	0.0008458526362912829	0.0009501185801931762	0.0007244042638581618	0.00026152087898913544	0.000157891903749974	0.7920737273171753	0.8317102752655299	0.8107344766279823	0.8334239899816557	0.9172432631319826	0.9101440550886505	0.36311468581727885	0.9947554229464902	0.7630718135971118	0.3611066915644718	0.9981343573532485	0.7625269688073317
cg06215569	1	110068843.0	-0.10273037689218689	0.03797165955143331	0.006981451260409836	0.03798872750621995	0.007006782338321008	0.04293395857280402	0.01981673314956826	-0.0032932373143748114	-0.1033795738420008	0.03470031236428623	0.002987113708449645	0.03543467106710636	0.0036387271162621687	0.039594748225394744	0.011347863594272495	-0.003483504849005679	-0.12479749220655321	0.03402811333498581	0.0002650869796453996	0.03762478665864749	0.000961181015120449	0.045053973199123916	0.007418655799352114	-0.004043305053967007	-0.005965096671825224	0.0016254642839677927	0.0002627635576882895	0.001798658065486467	0.0009628078274688812	0.0021552634383029197	0.007464558278816135	-0.00019350045768004896	0.45503562452859375	0.5415062447131979	0.6227799910821302	0.6048844909720099	0.8276112937654644	0.8518116570038998	0.3124722734635752	0.9947554229464902	0.9999560135595468	0.30834164084016874	0.9981343573532485	0.9999316749064227
cg11382761	4	41029020.0	0.07357213223338724	0.02557442693596814	0.00413548629822547	0.027568687781696532	0.007785151293936225	0.025252595396827837	0.004989923994971487	0.002309278805455943	0.07249433258951976	0.02584992830545028	0.005176387501069422	0.02769461906723397	0.009040186911072631	0.025368612063417412	0.005830504043583696	0.0022695361945998553	0.09588975321772383	0.024507573104041277	0.00010094649358496268	0.028915938919434527	0.0009636869985794337	0.02714858414233974	0.0007922222479398483	0.00288167915791652	0.004584708191657634	0.0011707809685289475	9.961434228038418e-05	0.0013800188479294515	0.0009433728456313524	0.0012922463830614545	0.000753841423686639	0.0001377285849742246	0.40600886496594724	0.5523290484654385	0.49480423700270115	0.6497932208819084	0.8712142145333529	0.8326897594526024	0.2148440515123787	0.9947554229464902	0.9155545130441979	0.2133449328639193	0.9981343573532485	0.8973002611650496
cg02473540	19	58059086.0	-0.1031582683903621	0.03546650634108408	0.003741399224034129	0.03785927885103508	0.00658949210087418	0.044120518393284215	0.02267739904248782	-0.011227989504319632	-0.11141489493655499	0.03051473616688771	0.00027993866430124653	0.0332315755852556	0.00084217494250481	0.0338769743102622	0.001673310468626138	-0.012354281035942903	-0.11641611889519005	0.030991431773642147	0.0001879288920643439	0.035115211740961716	0.0009667218212137237	0.034828903268794655	0.0014223028552686852	-0.012886376749359742	-0.005554592452251535	0.001481553741480363	0.0001933101345676575	0.0016754131199857199	0.0009663983893908218	0.0016610309802824552	0.001415622151212235	-0.0006153966415397	0.39500640670848264	0.5358204863535864	0.6384604772053862	0.38939660602010817	0.7095480377215632	0.7652861386080396	0.263676668008756	0.9947554229464902	0.9999560135595468	0.2679748500023976	0.9981343573532485	0.9999316749064227
cg11078090	1	23552049.0	-0.05710199104884657	0.02073814692733027	0.006044234762643145	0.02107496416781824	0.00689822786963235	0.018979568378971665	0.0038108002082739138	-0.004555153468414331	-0.0724888457344961	0.018955927277012615	0.00014263852900579094	0.019560969897828358	0.00022689442385908132	0.019612276952861326	0.0004707011435427801	-0.006069933280138459	-0.0645883939577043	0.017846348066032268	0.0003186698927400758	0.01948657465480702	0.0009692903065097521	0.01908968863501251	0.0012554579862739104	-0.005611001291650118	-0.0030896699538585483	0.0008526286282094244	0.0003132097304463806	0.000930837381602149	0.0009532923814029146	0.0009108989420416689	0.0012232931236924782	-0.00026844022113840164	0.44115124811160644	0.5395720525127327	0.4701374107852093	0.3352968820688399	0.5702761030898944	0.6211323237262909	0.32822431346820896	0.9947554229464902	0.9999560135595468	0.3265909238923665	0.9981343573532485	0.9999316749064227
cg03295107	7	151539206.0	-0.05659811389714452	0.020599400491021692	0.006153177889605249	0.021368377282344107	0.008256388934829285	0.021108926406686362	0.009421852837382455	-0.00773716387089958	-0.06380497651360693	0.017592286827558888	0.00030712243490018	0.018615178388272525	0.0006436172090487612	0.022312558022917064	0.0057988841507924434	-0.008780655263363614	-0.0602733374763925	0.015114202945181955	7.427830175538775e-05	0.018185474596239665	0.0009697685291286833	0.019978150690030692	0.003720692387122914	-0.008498182760672116	-0.002873236898347945	0.0007221546833418544	7.712707846989708e-05	0.0008693960509142865	0.001002677687522921	0.0009551003319392408	0.0038140089125400247	-0.0004053014634647918	0.44323277747992307	0.5600881317591759	0.5500665170860775	0.39957752518343054	0.6988239588563162	0.8326897594526024	0.19353855960023253	0.9947554229464902	0.9999560135595468	0.19135892213238864	0.9981343573532485	0.9999316749064227
cg02302730	8	141516377.0	-0.09106075783648131	0.030029953308997735	0.0025132565464062737	0.03099414557835883	0.0034082022853037684	0.027113770730518624	0.0013548753527954714	-0.004368516123617345	-0.10127681159258652	0.030011211881500244	0.000778758650077992	0.031079259187757443	0.0011719657314847056	0.028145335991537606	0.0006428574470373743	-0.005026528113100899	-0.10461043772759787	0.02968867698163167	0.00045575530274951357	0.031565805926449794	0.0009708741560171475	0.028692595626505314	0.0005527116341161693	-0.005083065799750824	-0.004993378839377746	0.001418269632434008	0.00046054685760916916	0.001507082583245502	0.0009734996186839279	0.0013690295547075862	0.0005501056448345487	-0.00024271232027057803	0.3539666666703465	0.46707933978300353	0.37409993856112506	0.49823540539977157	0.723123937957146	0.6494120671440362	0.36050314252760113	0.9947554229464902	0.8360103326260463	0.3611066915644718	0.9981343573532485	0.8371180948611395
cg24678320	19	34960467.0	-0.11270158266723379	0.026211462831048412	1.944260275633539e-05	0.02604694548964311	1.7247418737989855e-05	0.026460317376889756	7.20876482961609e-05	-0.011173862106899588	-0.08573076223441234	0.023987333700932843	0.0003750188062627395	0.023516630114240687	0.00028604207152660877	0.023872519135479636	0.000657591300710386	-0.008457802125399528	-0.08208223028124298	0.024135124687406126	0.0007128605269214656	0.02477025288642908	0.0009719017433608106	0.024646589725083445	0.0014757469338238936	-0.008113334333697202	-0.003920635262601686	0.0011529966075509112	0.0007142897244593832	0.0011833385929562405	0.0009737621127377802	0.0011777981482487031	0.0014828593514405524	-0.0003877085741650034	0.06434714431805925	0.08568582325921917	0.1451734056729597	0.4288170549588996	0.6062040200981952	0.6520340767404461	0.39079359721882073	0.9947554229464902	0.9999560135595468	0.39427657462521937	0.9981343573532485	0.9999316749064227
cg26362368	1	10615566.0	-0.056235816475220246	0.016898738342594293	0.0009194978212228079	0.01707252526797258	0.0010359328323922095	0.017950573839702257	0.0026598468080511694	-0.009664213468689795	-0.026132204808930262	0.009144176144454884	0.004389072063879217	0.009156765269260922	0.004443095218302419	0.008941901792409241	0.004865445626450415	-0.0044902156675182	-0.027824704496138497	0.008123877388712432	0.0006535403301003853	0.00839820599566058	0.0009738502628910192	0.008673240760184098	0.0021301366279607025	-0.0047806108215964396	-0.0013276829071592066	0.0003881245473209961	0.0006637413798419808	0.00040147270324975253	0.000995085060481596	0.0004150921379502487	0.0021915789030298115	-0.00022811785367772666	0.27160526797778867	0.3498154889564798	0.4369675281210064	0.6400226835609608	0.8505633422498482	0.8326897594526024	0.38260505249356536	0.9947554229464902	0.9999560135595468	0.38294520603855126	0.9981343573532485	0.9999316749064227
cg09839279	12	125142811.0	-0.08421277397531128	0.020306357216357734	3.765579464635559e-05	0.021076153825184487	7.111134942197663e-05	0.02178785815413958	0.0002717788932244173	-0.003454545404273885	-0.08718088716328112	0.020387521494300644	2.1575171799178954e-05	0.021279665004046027	4.662733287581126e-05	0.02232824929926076	0.0002387018468920676	-0.003567782724222246	-0.06806965176549715	0.017813342156078167	0.00014557016901130327	0.02055113700613675	0.0009771552159110954	0.019450295749155067	0.0008765811820936498	-0.0027438274068991037	-0.003254596148762204	0.0008509745102626489	0.000143689276725841	0.0009818350290775478	0.0009682605141278695	0.0009284839187954773	0.0008613759581244225	-0.00013124336265403957	0.08374959079305361	0.1468605375156937	0.2417242803292698	0.2094373860798021	0.3923641164491362	0.5421617924523999	0.23952979562155435	0.9947554229464902	0.942669557904915	0.23739990408537184	0.9981343573532485	0.9398122492115313
cg17386911	5	177096179.0	-0.0979413991484949	0.0389205844473801	0.012069424900334443	0.039723605863051355	0.013910008452935529	0.031508016482166265	0.0028560627380703253	-0.011285307826600697	-0.07075055509449699	0.038327366294313096	0.06530920652715382	0.038584144217593236	0.06711574076202788	0.031840926868054356	0.030002635601779237	-0.008934119623505557	-0.05984789648371164	0.01592047637343763	0.00018589712348765218	0.018070829439683873	0.0009783834856212574	0.017970481698274806	0.0014758547603763335	-0.007185771780419299	-0.0028530124901897927	0.000760709815081904	0.00019233649222518	0.0008636260349523053	0.0010073932113222042	0.0008586457849536976	0.001510513276163836	-0.00034282717019726414	0.5102494970259437	0.6086858933194377	0.4427750453099657	0.8083679340024127	0.9139282608034774	0.8869810588221004	0.263676668008756	0.9947554229464902	0.9999560135595468	0.2675413825855156	0.9981343573532485	0.9999316749064227
cg01056398	3	53823671.0	0.04032569466936308	0.024007848624465693	0.09344886742077897	0.023338828004019308	0.08444325346199132	0.020630701274873025	0.055212270916461734	0.002207029077138177	0.04049427609950016	0.02387502265691933	0.09030040969979096	0.023158307168450156	0.08078888352299096	0.02131188004229754	0.06215196110080722	0.002175417386923381	0.05871900902128002	0.017166193570476652	0.0006640914674410004	0.01773778328012691	0.0009834135367916077	0.01657145777927387	0.0007645168661850957	0.0031230637604126085	0.0028048022524134733	0.0008200673188929734	0.000665073582252964	0.0008470885593473414	0.0009809393407503512	0.000790291559828571	0.0007509721048801558	0.00014923720751991974	0.7415401881368919	0.7938897074843335	0.7302549144109401	0.8249834585754586	0.9160688765668602	0.900249841949518	0.38396121516164344	0.9947554229464902	0.9028127625881509	0.38294520603855126	0.9981343573532485	0.8973002611650496
cg01264765	16	84294263.0	-0.07574471909349542	0.03201087141587542	0.01823283485430951	0.03333543623293719	0.023366593683763648	0.031729451399716335	0.020091649261187138	-0.00390840408167214	-0.0653440581643134	0.02959557258846681	0.027565761664855783	0.03045462509613605	0.0322370467888088	0.033022027522553926	0.05235787080564639	-0.0033936153086812173	-0.09398116138723712	0.02614017154943314	0.0003487154418682361	0.028396433840010938	0.0009861123015515376	0.028387644862123317	0.0015666343365355671	-0.005097258621679699	-0.004496641616401731	0.0012487470406893195	0.0003413756342307075	0.0013571480079437477	0.0009734057240366418	0.001356300779391741	0.0015443513499400414	-0.00024363645931634658	0.5560226737750132	0.6622255710343186	0.624373826602372	0.7599153775409845	0.90366880157135	0.8972222339859056	0.33598383932484455	0.9947554229464902	0.9999560135595468	0.3325075114433329	0.9981343573532485	0.9999316749064227
cg24154631	2	110694968.0	0.03169811498875798	0.02184462414841789	0.14719243857047964	0.02240191093261801	0.15750556330887566	0.02086829030678976	0.13393872792750816	0.002720410777156665	0.0481132075663534	0.02141053734279214	0.024930972892896298	0.02172846596840495	0.027121065602420995	0.01991932774276612	0.018728978773939472	0.004185691076476619	0.07501929129882393	0.020766308721983182	0.00032671536787560855	0.022668542052838702	0.0009868419667165096	0.02224993455123629	0.0013014056700911747	0.006569301284703812	0.003591431199596376	0.0009920956804504945	0.00031757677955963925	0.0010832291975416926	0.0009659597877214263	0.0010634156860781867	0.0012793343454046344	0.000314433575233868	0.7923087409994448	0.8496239363035841	0.8203815046321781	0.7543221888499728	0.8999932531887502	0.8624520559145407	0.3296079935394571	0.9947554229464902	0.9999560135595468	0.3265909238923665	0.9981343573532485	0.9999316749064227
cg21356259	7	74225102.0	0.03326021831068092	0.02030865856508806	0.10191072039505328	0.020572720830621137	0.10637490153210691	0.019273126318511948	0.08945866533746497	0.0016142971307815945	0.03732725042892343	0.020371505405551493	0.0673156492168081	0.020540224693562006	0.06959047304220096	0.018989124166523295	0.05388786286172535	0.001776181485717124	0.05588849253678944	0.015801902776443985	0.0004339213808908458	0.01688922957404616	0.0009878145674651895	0.016358676024389725	0.0011344363057056114	0.0026829141425695428	0.0026656213182965796	0.0007549089718088589	0.0004433140883517677	0.0008069802301659633	0.0010085328488535306	0.0007818170715235571	0.001158852157681376	0.0001279408481403571	0.7520464896128504	0.8137035691152339	0.7789655903882207	0.8094239068742435	0.9139282608034774	0.898302401719214	0.3599193278402209	0.9947554229464902	0.9811977160949455	0.3596112357220312	0.9981343573532485	0.9875445325110325
cg08970648	3	50606761.0	-0.047940156526484284	0.017305855901652713	0.005746090925946674	0.017806040550270193	0.007258736565097731	0.017289929814993648	0.007363009706659588	-0.008262381347480547	-0.051566323197603854	0.014004932261076575	0.00024871128863721286	0.014399772929935066	0.00036521571765829955	0.013611498239041583	0.00034923172024018247	-0.00888615146959794	-0.050482533263104264	0.014411747213257876	0.0004919717413434893	0.015257305264398821	0.0009891171250335526	0.013531569147729948	0.00042104685006548334	-0.008708291747551337	-0.002419695651870832	0.0006883995600227226	0.00047052183405110986	0.0007279491479303026	0.0009374635888700982	0.000644971261395052	0.0003935320746914329	-0.0004173932546782265	0.43515807732038775	0.5454106792991067	0.5264583560276095	0.36876960274152726	0.6599692582182118	0.5985283726155515	0.363990671552605	0.9947554229464902	0.7964140519161521	0.3611066915644718	0.9981343573532485	0.7958772197422671
cg08091596	1	6470683.0	-0.08117113019689112	0.024497370394334222	0.0009672485613558886	0.023379333328508507	0.0005473920867820047	0.021539896314295363	0.0003727113067467115	-0.00642260030514788	-0.07590402326448584	0.024390097532269447	0.0019311719882264358	0.02303230604130528	0.0010304420686913956	0.020863643092355656	0.0005666278207733342	-0.006140660030559559	-0.060118254816314755	0.017631354963745	0.0006906721138062375	0.01817454082924001	0.0009923070610237108	0.0171567406721187	0.000864661336924006	-0.0049923377465444126	-0.0028744901701853775	0.0008422601691975628	0.0006830169196258459	0.0008685886685283911	0.0009869132652652254	0.0008205623309237204	0.000867328221809345	-0.00023874062510332932	0.27540896255042385	0.29761363619515857	0.26774472293282725	0.5702764657932831	0.7152483846604266	0.6398553132680356	0.38984452510787787	0.9947554229464902	0.9416690316030751	0.38714950237922174	0.9981343573532485	0.9412324922483971
cg18763536	12	11659128.0	0.03611521461789481	0.013695657407581333	0.00854385596558106	0.014246701447485103	0.011454263876138978	0.014426064541842764	0.01499055960559407	0.005991201071098755	0.044349222664831975	0.011907662417386227	0.00021106670226477342	0.012456158089899583	0.0003945947323566763	0.01258027498991669	0.0008091198974618547	0.00733021393314443	0.042043760973488845	0.012004312998599593	0.0004928531881695162	0.012710454842977625	0.0009923720987293472	0.013104644716039702	0.0021288683004099303	0.006916132219927134	0.0020032386757758616	0.0005734888226890381	0.0005100351086503319	0.0006074135073851654	0.0010271631507442884	0.0006260367103939701	0.002182834845294095	0.0003295572595824395	0.47691366363468685	0.5878631520707475	0.5952774608437275	0.3606906845164433	0.6711027688105078	0.6721529153693292	0.363990671552605	0.9947554229464902	0.9999560135595468	0.36614582086141695	0.9999146174698702	0.9999316749064227
cg23009327	19	1630249.0	-0.061976239424217705	0.018900002664010634	0.0010908652606953396	0.018945801300908963	0.0011214462287174687	0.020235558331097945	0.0032614698902592144	-0.010634786760531274	-0.04532231469292104	0.015800531890077556	0.004246198105795359	0.01603716422208581	0.004842739827766713	0.015778234005152537	0.00559538498355444	-0.00786482285302495	-0.049141497076817434	0.013756278530736283	0.00038014740960547384	0.014856797882445932	0.0009928311981243828	0.015615252305371018	0.00255130891350282	-0.00854430636226668	-0.0023482724381647616	0.0006571592521719573	0.00037862258946530074	0.0007093924120614047	0.0009838726391905599	0.0007450698760507115	0.0025161063217572256	-0.0004082595769704256	0.2887402693184913	0.3593301676877987	0.4574976225951153	0.6357824854112676	0.8573191498176632	0.8326897594526024	0.3450161634581446	0.9947554229464902	0.9999560135595468	0.34595934002603346	0.9981343573532485	0.9999316749064227
cg14408467	9	121599521.0	-0.08286481794476556	0.027415632648821374	0.0025949505821941236	0.026352569309221963	0.0017317904840872447	0.025030725718494653	0.0015671654087202722	-0.00286944949588012	-0.08551012394869345	0.027614250528396906	0.0020335551771510875	0.026706478061019258	0.0014255230477490796	0.025894127450549812	0.0016066050377632213	-0.002902779725883727	-0.09581616505603802	0.027800145512034483	0.0006044306291378139	0.028983550182103957	0.000999111535502063	0.02928254398077077	0.0017594240236562023	-0.0032034383208897335	-0.0045821911944047555	0.0013279940792320314	0.0005960210347636376	0.0013861038902427771	0.000999372550164082	0.0014011078608002663	0.0017685355416465643	-0.00015314574592982012	0.356416233113401	0.3992382363183214	0.3844906028867441	0.5729333563930095	0.7447012718268113	0.7652861386080396	0.37186185479703127	0.998576209074399	0.9999560135595468	0.3694248447779572	0.9981343573532485	0.9999316749064227
cg19107973	5	62580807.0	-0.08671782939262501	0.027632669527693506	0.0017685316039375272	0.02880175488949169	0.002695633114864378	0.025719601244948927	0.0013014072643523712	-0.012325813881685318	-0.07997780929504066	0.026166601416951082	0.002322301539866539	0.027095446546594886	0.003262952427900272	0.023768838631744924	0.0013288934654092977	-0.01137039365855546	-0.08804270469292275	0.026003221872594354	0.0007525493854144963	0.02664525706170492	0.0010048292614991412	0.02411122932588498	0.000542893256530106	-0.01243224979624959	-0.004216765986824167	0.0012420171285613588	0.0007279929926836294	0.0012729123726349567	0.0009754979956063368	0.0011513540943444873	0.0005242908114142137	-0.0005953916264505971	0.32258242424891787	0.4423622227665448	0.3706756411138109	0.5902972054697899	0.8276112937654644	0.7288112796553561	0.3950962358965448	0.9999575136988024	0.8360103326260463	0.39427657462521937	0.9981343573532485	0.8241313741191877
cg00751072	19	18418311.0	0.021080813888918994	0.01327276721821613	0.11265998766081345	0.012761207077230356	0.09897873934862322	0.013133987330756169	0.11364625532203489	0.0030660966832305944	0.03567681527427543	0.011055988027011392	0.0013079457386313488	0.010837207028398178	0.0010430795178314085	0.010908739945564957	0.0017681415133851484	0.00513939530912603	0.0320551731801031	0.009261666089271705	0.0005734539162223025	0.009704585098064308	0.0010089203188677128	0.010113580143722446	0.0023878511568397407	0.004662322368749999	0.0015353239056782346	0.000442438289481075	0.0005547499793866732	0.0004638826987906693	0.0009857208928193465	0.0004832899090541591	0.0023369632551744836	0.00022327183465218782	0.7623530630490065	0.8094501654317912	0.8025559427978066	0.5343197224622397	0.7152483846604266	0.7690547419510269	0.36986309823868946	0.9999575136988024	0.9999560135595468	0.36614582086141695	0.9981343573532485	0.9999316749064227
cg11230435	10	30435445.0	-0.1183372185477206	0.035082248902115885	0.0007826565712119555	0.036500342452956545	0.0012408794808086354	0.03635889718657933	0.0018538298576389622	-0.011694717175907282	-0.059481399953684566	0.020549169818366162	0.003911408258453994	0.02160538445377697	0.006052465902449183	0.021594415029080268	0.007737166345555319	-0.005183883925720546	-0.06880161229441337	0.019421981909464134	0.000424920403028434	0.020832689253705593	0.0010107480030870986	0.02056506312140291	0.001409200719280769	-0.00628092771567111	-0.003282349526340174	0.0009278782031405158	0.00043286155220311336	0.000995573984402344	0.0010309101261604368	0.00098277115029178	0.0014336856428159394	-0.0002994685387636378	0.25840626008555384	0.36860751865328356	0.403109929048098	0.6325444772581694	0.8573191498176632	0.8467010775793248	0.3599193278402209	0.9999575136988024	0.9999560135595468	0.3596112357220312	0.9999146174698702	0.9999316749064227
cg25968255	19	18667985.0	-0.06348289833333878	0.019592166241359704	0.001248914163261498	0.019766779343875236	0.0013782961376726196	0.018296763623350212	0.0009624846793182197	-0.0066899821973661205	-0.03889460434406762	0.01797467666719329	0.03080362072997929	0.018223148503239663	0.03315117794018544	0.016734408349104682	0.023459716615386206	-0.004267288137678204	-0.046891186838373004	0.013435204816218954	0.0005154993855397497	0.014201061328029953	0.0010129828986153164	0.012661494043231976	0.00045971069985688165	-0.005009441088959088	-0.002240265023237542	0.0006417968615168573	0.0005146650901841616	0.0006781919306614606	0.0010082310231486337	0.000604783197695673	0.0004585347602452558	-0.00023943551785189762	0.29696330307586327	0.37981326652974545	0.34235275566649115	0.7667874789848101	0.90366880157135	0.8768474241934439	0.36674113269969094	0.9999575136988024	0.8106217262010138	0.36614582086141695	0.9981343573532485	0.8111412540488049
cg26481739	4	174381002.0	0.06377844370218266	0.025923121513120706	0.01411459030133687	0.028772806313552973	0.0269585176534141	0.02440621506696499	0.01128064566482357	0.003736100581351192	0.07140736162015203	0.02609386613433053	0.006361640327356879	0.02945376722739289	0.015579393534846768	0.024838486139333423	0.005557991934746376	0.004163234933383648	0.09696113897401795	0.024788044802055105	0.00010137583307318818	0.029378994658702747	0.0010186561438928637	0.02437106713776792	0.0001867079040967534	0.00523759155216505	0.004626643599674975	0.0011842013431127385	0.00010329361384827767	0.0014045192654650936	0.001041171061326671	0.0011643280370550472	0.00018976649655668814	0.00025011989243169694	0.5253290069123998	0.677996250469209	0.5704914535412643	0.6635606832114592	0.8831375140686103	0.8326897594526024	0.2148440515123787	0.9999575136988024	0.7109706694167777	0.2184910799323212	0.9999146174698702	0.7142178254523343
cg23590262	4	172549438.0	-0.08270449651232546	0.03010203546645335	0.006154836532067626	0.028738700062794213	0.004122239481850202	0.027360942199949414	0.0036597824190298476	-0.0036999374308532076	-0.09724582347360095	0.02985566737676408	0.0011779391103630265	0.028651973689507917	0.0007264301917627321	0.02562728637992123	0.0003422759440919775	-0.004494505307688547	-0.10559343390885886	0.029600894685834555	0.00038741277154351214	0.032016983326623547	0.0010269377506110994	0.030168738124801135	0.0008754263923096311	-0.00466292346402988	-0.0050393105352808665	0.001414150268318877	0.0003928798324739587	0.0015286835167834763	0.0010324933805753106	0.0014413698522552454	0.0008861343948577937	-0.00022273437099715567	0.44323277747992307	0.48477991405629584	0.4668823532688808	0.5284679729626925	0.6997202897659299	0.5985283726155515	0.34848747502662636	0.9999575136988024	0.942669557904915	0.35261879651509187	0.9999146174698702	0.9453805653783303
cg19319588	10	45514577.0	-0.1196746199474063	0.02753385697062434	1.5813131204241427e-05	0.028556687960716094	3.123249128213922e-05	0.02137175341680743	5.437199725337415e-07	-0.020252270968759305	-0.08788970539721436	0.02416709962468353	0.00029579130309122204	0.02621183946752636	0.0008410613206030266	0.020466159351072946	6.38606969211198e-05	-0.014833347630109156	-0.08808347539018369	0.023633780864129962	0.000210715080922694	0.026711639415084875	0.0010286487207181057	0.022966297818355758	0.0002996733562451004	-0.01485650976456249	-0.0042105129685601145	0.001129012866823379	0.00020879307849555007	0.0012761709346277936	0.001022313157170104	0.001098004035765994	0.00030030095967140217	-0.0007101637444876875	0.06417862371385692	0.10759831129010973	0.020598768558060452	0.3966731111430291	0.7095480377215632	0.39430645009080284	0.2824300748381816	0.9999575136988024	0.7630718135971118	0.2819888117401365	0.9999146174698702	0.7625269688073317
cg02265619	16	84930068.0	-0.05420880686962666	0.01941242024356872	0.005368378641879129	0.01957599523798101	0.00576396704745291	0.015601144511131013	0.0009475264286320336	-0.0038780674359908604	-0.05996048983634699	0.019358189857585365	0.002027956421068419	0.019184319648054365	0.0018463810457674888	0.01593179559906089	0.0003786011671122124	-0.004409659279477113	-0.04712465111850424	0.013978510636409654	0.0007929015517893253	0.014291304522451512	0.001029130795795314	0.01372995042090449	0.0010804971526280776	-0.0033648970709009955	-0.002247818522680873	0.0006678276552886509	0.000808181784990013	0.0006824533817843757	0.0010425557349715417	0.0006560064888922427	0.0010997723744046496	-0.00016055315766112484	0.4284362010638327	0.5196872635626355	0.34087551255044823	0.5724423179841965	0.7840283806290602	0.6089818891669874	0.4022120143026595	0.9999575136988024	0.9659434730987618	0.4010763197351859	0.9999146174698702	0.9762481601505204
cg21448552	3	27713632.0	-0.09113307550294468	0.03524684829728638	0.009915931611934485	0.03695613927383086	0.013894324281866318	0.03853572346202876	0.021231744625909085	-0.00604863783336896	-0.10816709054163218	0.03397799514722486	0.001517960451142248	0.035456131873847545	0.002366682360384452	0.03588645408383294	0.0037508072123234506	-0.007171554654796379	-0.1211653097514782	0.033828539464192876	0.0003669108718496745	0.0367538970892274	0.0010319074323993122	0.03888894670809132	0.002796565857085893	-0.007785562851189951	-0.005806155729928044	0.0016158876472718582	0.00035149534352778685	0.0017573800022175885	0.0010061831378155818	0.00186127831156488	0.00276593725449846	-0.0003729201281142949	0.49243044358651417	0.6086858933194377	0.6302154793446328	0.5518457840578039	0.8143009462248806	0.8250227633225801	0.34064055834845597	0.9999575136988024	0.9999560135595468	0.333886086643253	0.9981343573532485	0.9999316749064227
cg15951107	19	48955110.0	-0.00826702930888519	0.027148187647657515	0.7608229832219127	0.025925111248116	0.7499084855855233	0.023223412751797963	0.7230850749167839	-0.0006156409619394168	-0.024755869440242984	0.027032145855567416	0.3600817119995223	0.025606890732022124	0.333985675590047	0.021296695925687746	0.2495894812574251	-0.0013979314415798084	-0.06396553822727617	0.018788879682019904	0.0007039702835871599	0.019403929916643525	0.0010324159514354186	0.01979100330276936	0.001983636529871572	-0.0032471542966844296	-0.00304791699002841	0.0008976142184590523	0.0007267381518348457	0.0009273161679322883	0.001068065661185139	0.0009455199370700277	0.0020346241897679735	-0.00015464224375584724	0.9734585112649523	0.9789478986602237	0.9752655363486298	0.9178157982589915	0.9514376583052799	0.9394037641043379	0.39079359721882073	0.9999575136988024	0.9999560135595468	0.39427657462521937	0.9999146174698702	0.9999316749064227
cg25314885	1	112714980.0	0.08384421518201943	0.02236401482809886	0.00019163069903543393	0.022936138750152192	0.0002751695908716339	0.02389509338733488	0.0008518371047199484	0.002950897080007033	0.08884044225569354	0.022578507917846446	9.135716290505372e-05	0.023459163375357465	0.00016518025977888874	0.024506257506646156	0.0005903416410496037	0.0031956464976051003	0.07779874255745461	0.02168940221878594	0.00035981566825096903	0.023603152745927357	0.0010338927341698714	0.02378506072891769	0.0017658708933053382	0.0028519002355200935	0.0037116356080783485	0.0010362037346712484	0.00036662553239912265	0.0011268621932436615	0.001042382358621215	0.0011369527449661696	0.0017999071181472412	0.00013610440239618163	0.16270337406117158	0.23714953526659766	0.33194693514631196	0.2961243236921875	0.5556138735200101	0.6398553132680356	0.3386648305853446	0.9999575136988024	0.9999560135595468	0.33959675716502075	0.9999146174698702	0.9999316749064227
cg23990814	7	1442044.0	-0.04352186818596723	0.011936731102425545	0.00028535242360595424	0.012119797028922945	0.000351666978784659	0.012596194702466182	0.001006630785080699	-0.006279095117510004	-0.03465485188246588	0.011503703448152434	0.002681897868039924	0.011640027435494962	0.0030064059776985556	0.011514208370166059	0.003798354907707093	-0.004998722233530936	-0.034885334538973876	0.010255183685265805	0.0007108600885613966	0.010588856621077577	0.001039639225203608	0.0104115256358057	0.0013875517859204096	-0.005063803607203914	-0.0016698878447977696	0.0004899196588620991	0.0006937679494715168	0.0005059205122304489	0.001017456801555053	0.0004977951633883308	0.0013710762464879992	-0.00024242099746389102	0.1887349837981846	0.252171852959578	0.3455091130460529	0.6012477423343741	0.8259355573115673	0.8250227633225801	0.39079359721882073	0.9999575136988024	0.9999560135595468	0.38797748637896173	0.9999146174698702	0.9999316749064227
cg15461017	12	34366902.0	-0.06972108097179691	0.017395985454856638	6.760115483525259e-05	0.01905896841262811	0.0002724165120887467	0.019409444302240144	0.0006556577176783023	-0.011250967637027997	-0.06619760505042817	0.017547478062597762	0.00017491269107115147	0.019410391832553046	0.0006848102326146052	0.01894049318290343	0.0008893567821019515	-0.010706146866840432	-0.06592075342481021	0.016924380709723293	0.00010840024512126213	0.020013191331323194	0.001042070146786968	0.01966493385269905	0.0013810094482330428	-0.010720692282828383	-0.0031552834158348197	0.0008085138645330443	0.00010514662522215683	0.0009565240540203053	0.0010245919921899275	0.0009396368456323862	0.0013568888523637441	-0.0005131334391686132	0.1079599482485377	0.23713886669423476	0.305802174420517	0.335656938932439	0.6997202897659299	0.675132990640565	0.22160897182282752	0.9999575136988024	0.9999560135595468	0.21873079948258525	0.9999146174698702	0.9999316749064227
cg26961824	2	200583896.0	-0.0962148121543033	0.035709062143400354	0.0072145718716245455	0.037447659655915365	0.010388827534074795	0.04339379479520138	0.03034256137304527	-0.007517126741770975	-0.10617291335455192	0.03555513399638856	0.0029209968392812286	0.037383059266827584	0.004636714635463013	0.04381386904612267	0.018363803307922377	-0.008669531131674686	-0.09592247734067649	0.02636404269438066	0.0002962245801896964	0.029144135000602502	0.0010514115300925921	0.03442447007656917	0.007092218548342347	-0.007708655277110276	-0.004582203997168144	0.0012594472444289893	0.00029635620236895466	0.0013925069238319304	0.001053981420755032	0.001644413339509024	0.0070909378903078685	-0.00036816389149747097	0.45914864145294704	0.5772137663518438	0.6692541968322463	0.603724561848377	0.8573191498176632	0.8621266328071441	0.32489285517089417	0.9999575136988024	0.9999560135595468	0.3236305571063896	0.9999146174698702	0.9999316749064227
cg08643005	19	1652628.0	-0.057965103431787776	0.027168858843289345	0.033217779154559424	0.02750374044214585	0.03541397627506041	0.028734877318607313	0.04807703357363608	-0.0027291958817480936	-0.06964574145116317	0.027344722753489724	0.011073743563173456	0.027493274833998962	0.011514051465996126	0.029445953347285087	0.021215652241998666	-0.003092476307668126	-0.08037008420170158	0.02124294039131474	0.00016906690919374947	0.024421968932828705	0.0010529576202980742	0.02735190276836602	0.004652056228746947	-0.00337992640441457	-0.003829087289494608	0.0010148464930581898	0.00017605187442579204	0.0011647693747826016	0.001065808940618089	0.00130618807758348	0.004743068759212919	-0.0001609240822415952	0.6253226800453415	0.7087821475152026	0.7194067004707112	0.7053209533438096	0.8712142145333529	0.8707662023137236	0.26120385764951715	0.9999575136988024	0.9999560135595468	0.26205209766890947	0.9999146174698702	0.9999316749064227
cg23111655	1	19438327.0	0.03679106052603285	0.026897535008927474	0.17179137776425973	0.026577415212549492	0.16669318204832015	0.03178327328029293	0.2515559699038987	0.003946166553990913	0.0767513498849614	0.02186958593482686	0.00047687760424520287	0.02224351914993846	0.0005921724216623592	0.023274800033743295	0.0016294693078512165	0.008345612558871028	0.07464909981730314	0.021580313912464514	0.0005775022096790277	0.022688079708314133	0.0010553840552325591	0.021542155642582734	0.0009756177366584893	0.008289511456808556	0.0035716506807746307	0.0010308899638533256	0.000566034977670466	0.0010842097603931927	0.0010406926657560436	0.0010286880913021393	0.0009552807706074418	0.00039660656700395077	0.8113388396129922	0.8548281949312456	0.8828788576249794	0.45782603081251955	0.6908051206401065	0.7652861386080396	0.36986309823868946	0.9999575136988024	0.9504452336097909	0.36614582086141695	0.9999146174698702	0.9514528791080519
cg01805282	6	133242626.0	-0.052932956455418546	0.017276855480320142	0.002266358889848952	0.018249511401988053	0.0038382818506257563	0.017971626542150978	0.0045611862986215754	-0.006371164550325267	-0.05602928415853637	0.016233784270070103	0.0005902415967982567	0.017913249694730828	0.0018320799360883482	0.01668262753817074	0.0013545790196763682	-0.0067888288146720314	-0.06088723408214394	0.01605429601877618	0.0001630520174010016	0.018508600181618762	0.001057458270076626	0.016806508977503833	0.0005948203659887359	-0.00733270625110192	-0.002911438506244488	0.000767021354690118	0.00016101445951672782	0.0008845968866834077	0.001051606582621853	0.0008037803810130937	0.0005960594263190153	-0.00035063932680870036	0.3446219198007995	0.47758041321044015	0.4852281105000635	0.47404715134283476	0.781199788432127	0.7350007497609375	0.25882621474364564	0.9999575136988024	0.8484549776941667	0.256598094356534	0.9999146174698702	0.8395658429429395
ch.4.71452R	4	1724772.0	-0.16615075981573857	0.07890347149434991	0.035569615271384296	0.07733105904127155	0.031999506778064346	0.07072430805265592	0.022064356629895508	-0.0027659324646153935	-0.14099044128521496	0.07801347045381687	0.07113939448157526	0.07640537041109244	0.06540509719087204	0.07343082010848435	0.05953146173363734	-0.0012374534847435189	-0.16470549746528151	0.04987515207494521	0.0010115409993172594	0.050076649017874446	0.0010596949571177797	0.0587360808323727	0.006756898372391337	-0.0021455839231026372	-0.007846900941988193	0.002382712235145	0.0010442629292667638	0.0023876979454745635	0.001069661999485669	0.0027969438267315	0.006731662136141601	-0.00010235587659214484	0.6332970159901881	0.6979887675261088	0.6355919278493107	0.8115755472839249	0.9139282608034774	0.8995853890664857	0.41995343623244946	0.9999575136988024	0.9999560135595468	0.42130251651834105	0.9999146174698702	0.9999316749064227
cg13837857	9	38672318.0	0.0676372619310073	0.027875442170284776	0.015491864656825368	0.02881976547698215	0.019198244831228596	0.025215750021721987	0.009394216763154222	0.008955135312275358	0.09004328113062061	0.026321375143822996	0.0006593238750050949	0.02724265850434966	0.000996001359854181	0.023971542477003272	0.0003876843879465116	0.012048104574668582	0.09260537348027893	0.02669634317025182	0.0005573942019660819	0.028158872193037456	0.0010611512468041854	0.02675498043769355	0.0009878493543372462	0.012463008477226329	0.004436051067293776	0.0012752999046584971	0.0005381684621832741	0.0013452830543685622	0.0010289504909145523	0.0012767408051440898	0.0009479878848491682	0.0005970004364441639	0.5367678690073683	0.6408649164187022	0.5498243511587135	0.483218292106041	0.7152483846604266	0.6089818891669874	0.36986309823868946	0.9999575136988024	0.9504452336097909	0.36614582086141695	0.9999146174698702	0.9514528791080519
cg10975057	1	197774830.0	-0.07882210513943348	0.03240210168768643	0.015230774296424873	0.029432046281478056	0.007571664284947512	0.02747288129418458	0.005648075312201453	-0.0014712181054255182	-0.07709523609309876	0.0326861637748065	0.01860778647380413	0.02943235091843973	0.00899380048304217	0.027289305874692138	0.00637897827233034	-0.0013982011655279958	-0.09578276979598391	0.030643668939778598	0.001853281871264883	0.029133019968312805	0.001064497670185479	0.0280171613895416	0.0011265221343131249	-0.0017446518102910344	-0.0045731479876176245	0.0014638952655645508	0.0018640902723401347	0.001392553079258481	0.0010786039504081671	0.0013381416468006436	0.0011306262336407023	-8.32519893416587e-05	0.5348474912367089	0.5495950750421855	0.5058063869687701	0.733084891268033	0.8712142145333529	0.836144898118913	0.4942995158866696	0.9999575136988024	0.9810328539842622	0.49368776565271333	0.9999146174698702	0.9849223086287823
cg23172480	6	117481623.0	0.1022894733808962	0.025857297733081885	8.37292658962702e-05	0.028296210439057234	0.00032118958117415344	0.028721212663266278	0.0007222710154836376	0.011352264038589584	0.09825007830762751	0.024769383607269425	8.019748894399614e-05	0.02713837997209334	0.0003148416764090522	0.02695564770068809	0.0005545198004213298	0.010816204207686668	0.09134391774537298	0.025114034835169784	0.0002975983172183399	0.027783681638584377	0.001064836736738373	0.027027320963222953	0.0012698683612823107	0.010130321170215275	0.004362701093256444	0.0012003244776546112	0.00030051401102844106	0.0013284172103227598	0.0010781069050165265	0.0012929613228502893	0.0012913853347509992	0.0004840089446809587	0.11727399113249114	0.2454135883065457	0.3147072426916182	0.2925289478900569	0.6151417144380378	0.6398553132680356	0.32489285517089417	0.9999575136988024	0.9999560135595468	0.3239786864077423	0.9999146174698702	0.9999316749064227
cg14366939	2	74455049.0	-0.1450703633992928	0.04908329165558049	0.003221879403975291	0.04867499887523718	0.002975135290062872	0.05143411796572253	0.006460257373390305	-0.0016001084177520734	-0.15460933699997872	0.04968814556149696	0.00193433420732512	0.05081859269697309	0.002432490358777089	0.056729269911493234	0.008370167248942177	-0.0016278987513420277	-0.16454416960154072	0.049118158989840045	0.0008551808752804093	0.05007987032975082	0.0010724766861085607	0.052599388062790825	0.002695611454464389	-0.0018129862271179678	-0.007894544223779838	0.0023462737956813084	0.0008115002504134741	0.0023887619321099037	0.0010026664293276129	0.0025069294536703927	0.002535842824404735	-8.690326001330241e-05	0.3789378915631871	0.45019969649253067	0.5161533156312255	0.5702764657932831	0.8143009462248806	0.8467010775793248	0.40951290212678265	0.9999575136988024	0.9999560135595468	0.4010763197351859	0.9981343573532485	0.9999316749064227
cg00917156	16	57797929.0	0.04773457472435965	0.02308592322838306	0.03902324118474054	0.023369704867669962	0.04145489856416317	0.0246040043846659	0.056992446948610734	0.00356708535008389	0.06070148317515148	0.022771020451193384	0.007854316216541445	0.023135328665695162	0.008880779532536067	0.023858038711030496	0.013498371377006303	0.004571027569487467	0.07415092241817495	0.02112507471724873	0.000479054833795431	0.02259279375612457	0.0010859356617375431	0.02155393388950602	0.0010541426508018214	0.005693979289584242	0.003544446137874086	0.0010091614659475823	0.0004752188077033514	0.0010799045478764938	0.0010854665934143342	0.001029759525998447	0.0010484145785016	0.0002721603163661298	0.6443815856387153	0.7250675454996182	0.7348176484086809	0.6733775357145112	0.8712142145333529	0.859328253599608	0.36311468581727885	0.9999575136988024	0.9632032158454034	0.3611066915644718	0.9999146174698702	0.9571316436958736
cg15586945	4	163166943.0	0.13322154715060203	0.05759006840926856	0.020986582809744525	0.05865824678896327	0.023430420669263992	0.05520877874736118	0.018839441941239588	0.001702731767535505	0.1443946272271945	0.05774499537309191	0.012621031286342186	0.057988339929471285	0.012996503268697723	0.05730801044876893	0.014382913590306906	0.0019703310620270463	0.13678940174711757	0.04023029363161711	0.0007148759333539537	0.04168211880376348	0.001087194454156372	0.040887364787601355	0.0014093737336466987	0.001638287868440897	0.00653866806479878	0.0019217907243117879	0.0007091858412063833	0.0019892076445769376	0.0010671100226678782	0.0019476041983048616	0.0013597613921460389	7.839544904561089e-05	0.5718621305605398	0.6624678754227051	0.619203961690229	0.7156157573607437	0.8743309698233249	0.8600750954995368	0.39079359721882073	0.9999575136988024	0.9999560135595468	0.3935326960339873	0.9999146174698702	0.9999316749064227
cg20822028	15	60745878.0	0.03669820360761518	0.019370880395860372	0.05855588113635705	0.01799779822662034	0.04180837294345411	0.019586035478047322	0.06576503507860061	0.0013048040229824039	0.041278533215802674	0.019518837243230933	0.034789579000658384	0.01822186916483514	0.023788766200979746	0.019027617558521885	0.033958311103562296	0.0014672414321788016	0.06074104911831181	0.01796523601282097	0.0007656001384705422	0.018518518059868462	0.001093703125542339	0.018691432069560126	0.001881919179998499	0.002226457742608939	0.0029047801301099255	0.0008582106682674522	0.000755639215917449	0.0008848497415368719	0.0010831588844731818	0.0008943935571133507	0.001892692623344248	0.00010651537544325098	0.6895750750007688	0.7256439099801827	0.7504586351118654	0.7724835802611745	0.8976137361183888	0.8880529193617345	0.3965789680200669	0.9999575136988024	0.9999560135595468	0.3944408172847537	0.9999146174698702	0.9999316749064227
cg12419334	4	183200647.0	-0.1052539861162324	0.02674076691070356	9.079784459844041e-05	0.02647294738721515	7.713675882057315e-05	0.028069447792978448	0.0003959116534344805	-0.008995737516174336	-0.09199761485600913	0.026755514869220304	0.0006187128783550483	0.026435973066042222	0.000531587547726053	0.027826301616927278	0.0015880751371648786	-0.007951921008248642	-0.07446372963638946	0.01984008519905806	0.00019029366338797388	0.022711454202993555	0.001098787146309883	0.023656829346666543	0.0025464874769759844	-0.006242089362601167	-0.0035592591816121025	0.0009478084030061977	0.00018877172360621768	0.0010842543263147179	0.0010835955623195244	0.0011309754710450372	0.002550926106681419	-0.0002986764394308317	0.11971799325762379	0.15344089570003083	0.26851509218893854	0.47703705721750767	0.6831745832922227	0.7607406133100723	0.2656125515419801	0.9999575136988024	0.9999560135595468	0.2670737976832867	0.9999146174698702	0.9999316749064227
cg09753006	1	196954747.0	-0.0645832365066974	0.023147487812304964	0.0054079882394294015	0.023782958693417885	0.006774603977068501	0.021630848053757607	0.004068181668001253	-0.007951903159300482	-0.0811817020103561	0.01922562455303809	2.7247822701614535e-05	0.020249140838691497	6.729478440021292e-05	0.01794353203260533	2.8582859917569868e-05	-0.010194062988495367	-0.061754676428139615	0.0177629043489108	0.000541783013201405	0.0188434935618117	0.0011043320974733052	0.01856022592021018	0.0014897322803867192	-0.00769125458064569	-0.00294130634464131	0.0008486859825773056	0.0005637880935344025	0.0009008246598571497	0.0011518600381351459	0.000887398821271611	0.001548310410453603	-0.00036631238545015724	0.428720889045819	0.5373498310016374	0.4758441771953122	0.2205891083325527	0.4343964384467577	0.2629512678639474	0.36986309823868946	0.9999575136988024	0.9999560135595468	0.36614582086141695	0.9999146174698702	0.9999316749064227
cg13291694	6	136263425.0	0.06560381359197895	0.02622336290815573	0.01257806625311408	0.02814376273299912	0.02002530835177674	0.028142160740803217	0.023066058213272192	0.002173937471371429	0.0703598992969634	0.02646937070503301	0.00803118474583142	0.027960341891093976	0.012071751631315342	0.02773036958682689	0.013744063528190811	0.0023109208339278393	0.09300348776348691	0.02617273864958492	0.0004078857970297953	0.028394605394264916	0.0011114644008345918	0.02547284742094195	0.0005436552256672032	0.0031616948397850345	0.004444552320310027	0.0012502950956207147	0.00040583178706233875	0.0013551374405922697	0.0010946070396186515	0.0012161258135968	0.0005374477982502356	0.00015101727987934185	0.5137799411384221	0.6465719365257085	0.6397314063729058	0.6740917877789802	0.8713447978139436	0.8600750954995368	0.3550650249013153	0.9999575136988024	0.8360103326260463	0.35547147764716697	0.9999146174698702	0.8269663261984604
cg11823230	6	32087608.0	-0.04056894064853439	0.017784099056388634	0.02282629073521554	0.01818181462127578	0.02596678259534184	0.015980498317647175	0.013695732436172704	-0.004218842866295404	-0.04761791250967675	0.017276474372884057	0.0059951594518654	0.017752733703359662	0.00747976258048771	0.015075223407753515	0.002465273367081301	-0.0048535527732109784	-0.058118408715267814	0.016825031166902364	0.000587789470376424	0.017744617107297612	0.0011119406890676444	0.016506267166227315	0.0008201043062129262	-0.005796923141922702	-0.0027770897090357155	0.0008038970686535101	0.0005872513889324716	0.0008481426945878325	0.0011156275352671278	0.000789993091243061	0.0008347420823806821	-0.00027706833287332726	0.5821746860735146	0.6738894231392817	0.5864709526145487	0.6593497533458161	0.8630155769926795	0.8047586688284438	0.36986309823868946	0.9999575136988024	0.9208277802196353	0.3694248447779572	0.9999146174698702	0.9278138357094332
cg23432306	11	77637913.0	0.12499917757080951	0.05235810175108349	0.017223752225706955	0.05328976682497901	0.01926248343494103	0.04876652687819131	0.012852661935372028	0.00100271149948131	0.1447307024452671	0.052422158632937824	0.005911538190594767	0.053822888850002394	0.007332085409726887	0.05096692140719462	0.006127342720876703	0.001191049367934827	0.17213919081424806	0.04857059819933213	0.0004223334604500336	0.05255838131590394	0.0011122124405512134	0.04506489903563688	0.0003152855083416965	0.0014324696851962437	0.008230974048951458	0.0023202560122393325	0.000417117070845428	0.0025093650359800527	0.0010933769055924557	0.002152386417902061	0.000310877203007384	6.842252513756511e-05	0.5490968021720357	0.640896192548428	0.5820299209191796	0.6586437717395066	0.8610336329636811	0.8339018623890999	0.3599193278402209	0.9999575136988024	0.7630718135971118	0.3577158883220866	0.9999146174698702	0.7625269688073317
cg07623839	16	717530.0	0.05191400437162805	0.025093888063030024	0.03891964340815566	0.02433824238726222	0.033258157466431335	0.02547079093736786	0.04587430055974909	0.0023298381870025947	0.058596974102417446	0.025187148596315677	0.02027049104415872	0.02463920240113509	0.017657316980980095	0.025632670604625433	0.025739509339124896	0.00263420330874036	0.08130311056700958	0.02480531629765416	0.0011027664434846232	0.024836805119256164	0.0011188388984304215	0.025903890614025253	0.0026147841265546532	0.003730696132218988	0.0038870707382926434	0.0011849868293397987	0.0010927572332813974	0.0011868882107110234	0.0011129470330070793	0.0012387491520298671	0.0026205016763118784	0.00017840939842402005	0.6438880948904022	0.7037828522312033	0.7152892738044787	0.74098893531731	0.8858261037716836	0.8805688837214897	0.4292126050894579	0.9999575136988024	0.9999560135595468	0.4281007874301765	0.9999146174698702	0.9999316749064227
cg21693907	1	203625933.0	-0.026764627501838653	0.013726691698018136	0.05158227477749636	0.013927880664635177	0.05504046694948399	0.012526897525722386	0.03665248789699107	-0.0018219094534675422	-0.030147881378148722	0.013391076119696229	0.02466468564487299	0.013759569521685583	0.028768070320593014	0.011850033502635627	0.013503956048991073	-0.002049780437597175	-0.037343333379113317	0.010979349302160803	0.0007121211149707312	0.011408131394865165	0.0011192165185002249	0.010164618413076205	0.000505493742271563	-0.002505368130274068	-0.0017821022847254058	0.0005245186117923002	0.0007214873143080076	0.0005446948729420228	0.0011256680115215535	0.00048527358773021913	0.0005079084747317377	-0.00011957982236877678	0.6758445952720947	0.753786353383204	0.6901248492142402	0.7532985294992302	0.9022389280298792	0.859328253599608	0.39079359721882073	0.9999575136988024	0.8218047660305101	0.39427657462521937	0.9999146174698702	0.8241313741191877
cg00366413	12	6963533.0	-0.11872485895768008	0.029736318792020707	7.201388922838569e-05	0.03061599547341825	0.00011494843659683476	0.025242905225133137	1.510102931773618e-05	-0.01663108491174367	-0.08945201583915446	0.027958024068018967	0.0014369712825524682	0.028493779206666976	0.0017623781400331366	0.024392253699317423	0.0005163230120719882	-0.012853167836868283	-0.07276066487254856	0.020568611210026264	0.00043288988237421807	0.022234327477797213	0.0011229179182504125	0.021028118837652293	0.0009911564236931478	-0.010482375300725218	-0.0034825654221262463	0.0009825527123793589	0.0004218577524470301	0.0010620649144501577	0.001097389382208399	0.0010031547892515628	0.0009565604916904817	-0.000501917899626734	0.10826421933533818	0.18074608705822626	0.09375383830821095	0.5435448782071003	0.7787301602441881	0.6308551232038334	0.3599193278402209	0.9999575136988024	0.9504452336097909	0.3596112357220312	0.9999146174698702	0.9514528791080519
cg23406971	19	1474587.0	-0.04477396914227258	0.014181972377044176	0.00165944905401121	0.013697813993020834	0.0011314288213587166	0.012840190356261461	0.0009118317632657394	-0.006411976968728925	-0.03458621491723311	0.013348508846141595	0.009763037670782473	0.012926751896578801	0.007630135708440683	0.012300600220814558	0.006617670018453912	-0.004970908472080723	-0.03666447860202534	0.010961684220225703	0.0008710360812463085	0.011206404772018638	0.0011256718824396452	0.011216775020862529	0.001777517539028439	-0.0052789212437368855	-0.001752905898297843	0.0005236693195515878	0.0008631449363860417	0.0005353018726639763	0.001114490373439766	0.0005360809179191723	0.0017714721179973832	-0.0002524087847073008	0.31813758280794757	0.3601263314874936	0.33910411322631817	0.6913215231211005	0.86408987056588	0.8368385889034146	0.40951290212678265	0.9999575136988024	0.9999560135595468	0.4099232598499769	0.9999146174698702	0.9999316749064227
cg03885343	5	98772494.0	0.10150432604751625	0.03739466229862397	0.006797296187770717	0.03947489035115926	0.010328092017057791	0.03617283826266328	0.0067212286771670925	0.013799428551230213	0.11643001195491648	0.037413546448189734	0.0019318747888428063	0.03977445906280833	0.0035274812262635923	0.03633062283660058	0.0021515843813153554	0.015926999513902137	0.13715458436831518	0.03798907602976656	0.000329417607864879	0.0419386323103466	0.0011310853769726052	0.03978094009697759	0.001029995932571316	0.018749266838038764	0.006558155206325117	0.001814750990995223	0.000325167036329442	0.002004551482484955	0.001126106550686322	0.0019029563449222736	0.001034618664125914	0.000896318014482276	0.45243897490942986	0.5766928103815672	0.5193582965358581	0.5702764657932831	0.8276112937654644	0.7903128680780158	0.3296079935394571	0.9999575136988024	0.9518832045068836	0.3265909238923665	0.9999146174698702	0.956235101380295
cg17216071	19	18281741.0	0.11644025273164635	0.04915882854447334	0.01811417545068033	0.05143033338643242	0.023866396291465468	0.047722312363873295	0.01761063896556946	0.0010864271805894562	0.1338873157619469	0.049612758280476885	0.007125395703825015	0.05192331897800386	0.010118808476711526	0.05007699964696216	0.009614939322215436	0.0012025735185409658	0.172055644369769	0.048129669300266555	0.00037654794145255374	0.05261135240555275	0.0011312810620422642	0.04984488347062381	0.0010170891587051548	0.0013860155240116526	0.008220167988621362	0.002299244879627767	0.00037609033323954966	0.0025126760283303335	0.0011267051086428848	0.0023796366315031545	0.0010090667372370324	6.619362204187375e-05	0.5554780516252072	0.6646059087815264	0.6111930552011164	0.6680465785864935	0.8712142145333529	0.8467010775793248	0.3443288462377548	0.9999575136988024	0.9504452336097909	0.34442301665091546	0.9999146174698702	0.956235101380295
cg06181697	3	50257171.0	-0.04581827545923565	0.019686426680213073	0.02021817744574888	0.020226334392094415	0.02378986268071929	0.02280710646788795	0.048974084282052924	-0.00779416702182046	-0.05252024101605693	0.01782760681153299	0.003322951398961634	0.017502207884879932	0.0027859288522504608	0.019742656980960505	0.009963316934577223	-0.008917801787813125	-0.05762152023965646	0.01753325471638194	0.001069566318383727	0.017619870540028663	0.0011315020555069093	0.02092627661733631	0.007756746785087778	-0.00978506837392944	-0.0027522245471568608	0.00083771805418151	0.0010734206395509713	0.0008423052589717093	0.0011424385672669788	0.0010002112338854804	0.007796913166305927	-0.0004673632255190967	0.5681714889500685	0.6642029601581209	0.7211709469800254	0.61264842247476	0.8235487652046981	0.8476142096688244	0.42612427465976394	0.9999575136988024	0.9999560135595468	0.42560375301092296	0.9999146174698702	0.9999316749064227
cg09341580	22	37822152.0	-0.0722736758105697	0.01714842389199863	2.8182464734092493e-05	0.018636196832712455	0.00011482629415057612	0.020217945723796628	0.0006926900002064954	-0.01112241732699899	-0.06668626731101263	0.016913234132103102	8.838432921627399e-05	0.018720440183881484	0.0003919579358847171	0.019997804407230424	0.001456565444714975	-0.010364446116593524	-0.06201424828623685	0.016956506010768375	0.00027566315030151396	0.018963210817751968	0.001131572822898843	0.020492563777753835	0.0036236111331387913	-0.00966277064041166	-0.0029690934181942864	0.0008100408570830478	0.0002672467221002791	0.0009061788419626995	0.001107194093596606	0.0009793012136193337	0.003565129060892532	-0.00046267637253685404	0.07521309183551303	0.18074608705822626	0.31093349797407516	0.2961243236921875	0.6711027688105078	0.7395670397022769	0.31829804404194734	0.9999575136988024	0.9999560135595468	0.3108532468733255	0.9999146174698702	0.9999316749064227
cg13875120	2	200586020.0	-0.11843009431610685	0.04195415083488032	0.004890405924554181	0.043331230624760846	0.006426361016228968	0.042300667537143614	0.006839622170683767	-0.0028982989969998088	-0.11980023919697987	0.04175074715322359	0.004232801744008846	0.04287726646214309	0.005344011461770879	0.04424827055313707	0.008783672480647622	-0.0028932431272276557	-0.1434795722366144	0.04145357142823752	0.0005731354891542665	0.04388386479584227	0.0011343728686538572	0.04440340475268428	0.001988239602750763	-0.0036019023516107793	-0.00685611741327602	0.001980503971029603	0.0005718971899165444	0.0020967494176679607	0.001132992655236113	0.002120822596749149	0.001979428625945794	-0.0001722366124749703	0.4196333148274304	0.5326689629133556	0.5209366653572329	0.6357824854112676	0.8573191498176632	0.8467010775793248	0.36986309823868946	0.9999575136988024	0.9999560135595468	0.36614582086141695	0.9999146174698702	0.9999316749064227
cg16448636	7	21169890.0	0.07813145883417841	0.028109537225646138	0.0055846986609749535	0.029301696689125425	0.007836618982290145	0.033015271820309555	0.02114671661758523	0.012720929879453226	0.09688151872693745	0.027177250906843017	0.0003881817616109096	0.0283640971105125	0.0006720288471402722	0.03129038886082808	0.002959821784296751	0.015589529262195107	0.10255504263119186	0.027832972181654442	0.00024817750876147303	0.031368719953767915	0.00113511481227133	0.03078986122539247	0.0014737918790522105	0.01652561870322495	0.004890394001018777	0.0013297579626757026	0.0002549446119020164	0.0014983354594666069	0.0011568372381881	0.0014705005439672987	0.0014969430633972299	0.0007879653819208114	0.431982182440438	0.5535037762185223	0.6297928614618862	0.4340590552766542	0.6997202897659299	0.8163415783783448	0.3081534862852618	0.9999575136988024	0.9999560135595468	0.3061087395155013	0.9999146174698702	0.9999316749064227
cg23155333	19	34832769.0	0.06160535081944479	0.024578669275617655	0.012412678342539799	0.02562056368914865	0.016443174671428196	0.023091440427604498	0.009762981089885115	0.004368808917284299	0.0670962433102327	0.024748753622804757	0.006865952976991348	0.025852023335992947	0.009640666566993143	0.02379329654747645	0.00646993828971648	0.0047110735168355905	0.08545604454011375	0.02433319546503814	0.00047584461758605083	0.026144143030030237	0.0011378460189770002	0.023839760718562617	0.0006714314982076601	0.006046290254237707	0.004072841976930781	0.001162497877743625	0.0004907906289922984	0.001249605859831299	0.0011753805801406072	0.00113885783513291	0.0006893703658849753	0.0002882370020558953	0.513357498859204	0.6238621893238383	0.5549612897357715	0.6663543092089506	0.8712142145333529	0.836144898118913	0.36311468581727885	0.9999575136988024	0.8858865304519817	0.36147759424630715	0.9999146174698702	0.8933792079164781
cg07814707	10	133085523.0	-0.1009785117297412	0.027689017112156645	0.0002844451656614054	0.0302770232973094	0.0008959207833834709	0.02716052263752961	0.0004389029510748571	-0.012508037649394113	-0.10566860318653243	0.027925067206300884	0.00016715864383102757	0.030784624610221634	0.0006322051412896158	0.029172060603057593	0.0005959229745822701	-0.013267071966251383	-0.10152160409351342	0.027611150858429218	0.00025575193549615263	0.03106238190633894	0.001139176048451566	0.03098076458202068	0.0017342394788728145	-0.012622436070573855	-0.004851393470479024	0.0013190168359277774	0.0002545726840957867	0.0014851764772260225	0.0011462044991470538	0.0014813920276116421	0.0017448815425751207	-0.0006031970393160285	0.1884428273190191	0.3327039118921718	0.27948613494863456	0.3352968820688399	0.6972912635058162	0.6398553132680356	0.3103130348927368	0.9999575136988024	0.9999560135595468	0.3061087395155013	0.9999146174698702	0.9999316749064227
cg19515398	8	140527588.0	-0.07441076967489155	0.023780894104719084	0.001824207206801897	0.024320709813923317	0.002298291179595441	0.024432223197711773	0.0034268394701153834	-0.004861901965444976	-0.07212593803488246	0.022208055248645883	0.0012172177965264943	0.02207315840460766	0.001136164548323057	0.021596265982647304	0.0014343431151790612	-0.005072518152935688	-0.07282199239308894	0.021269916959423818	0.0006567222225786022	0.02228159982141572	0.0011394004090447794	0.02176517121540719	0.0014081477286698348	-0.005131518158700233	-0.0034766656441412927	0.0010160793258584349	0.0006616288636204451	0.0010646635951643718	0.001150341299032453	0.0010391051102316064	0.0014080495204829699	-0.00024490793823639325	0.32258242424891787	0.42142734928135045	0.46146694092411994	0.5284679729626925	0.7221039184026306	0.7395670397022769	0.38260505249356536	0.9999575136988024	0.9999560135595468	0.38294520603855126	0.9999146174698702	0.9999316749064227
cg25114611	6	35729093.0	-0.0486873786774821	0.014181968295071094	0.0006307379836475403	0.014339661903669865	0.0007228870046703989	0.013879985925094863	0.0008547863944112366	-0.007823456228627705	-0.042565682703209165	0.012112379032644094	0.00046861071892889813	0.012526147293363247	0.0007157728896119892	0.012518214145401264	0.001192144189694594	-0.006847921647296576	-0.04489684241768792	0.012430063364600752	0.00032744761483539584	0.013737364541881346	0.0011395140066457654	0.0138176032881887	0.0018843064037963684	-0.007227871180978152	-0.0021418152879342923	0.0005937754379892007	0.00033349393787938453	0.0006562992050557783	0.0011584879000531923	0.0006603845028307849	0.001918211934458637	-0.0003448031903267219	0.23939064166635154	0.3226156233864367	0.3320479949818773	0.4554527085121373	0.6997202897659299	0.7191649799361354	0.3296079935394571	0.9999575136988024	0.9999560135595468	0.3296520626234846	0.9999146174698702	0.9999316749064227
cg05125838	3	48564152.0	-0.04881021513695224	0.013322490107611737	0.00026666485860540705	0.013674621995672652	0.00038138029625848623	0.011603409401018018	8.639584385500257e-05	-0.007864038330412815	-0.024558990241703497	0.010685394262692906	0.02182641951530819	0.010636359758110633	0.021227756348322892	0.009348825798444925	0.010879898791374467	-0.003937221239054067	-0.031235012172891614	0.008957097362716507	0.0005211940459969617	0.009559804064388529	0.0011430857504069719	0.008659568403735838	0.0006254940724116766	-0.004981664363655102	-0.0014915598542243325	0.0004279795291462704	0.0005251490690265273	0.0004568194136795697	0.0011519761202016525	0.0004138542974340758	0.0006313180864140203	-0.00023787378198755616	0.18626677719811707	0.2618695036666085	0.16017073633340703	0.7448251077495209	0.8919072968593716	0.8500055558327552	0.36674113269969094	0.9999575136988024	0.8633623653832845	0.36614582086141695	0.9999146174698702	0.8662604371963607
cg10904740	5	36692134.0	0.058981392165448315	0.02471158624987662	0.01725158535300616	0.026308220665385372	0.025267043500856033	0.024967130615258917	0.021364992586051137	0.007499269772678785	0.07154626982820989	0.02381208886271568	0.00275142119433107	0.025712715991494748	0.005535038692932728	0.021338091814075574	0.0013777102674420976	0.008966733249735034	0.08286586624800416	0.02326029299143024	0.00039426828302075204	0.025372229424970607	0.0011483443674407405	0.02053797907446337	0.0001546905457343602	0.010245743445655127	0.0039613396877154206	0.0011112686413886662	0.00039110662586123584	0.0012115740269053776	0.0011341672596319533	0.0009809893845475204	0.00015296326622193904	0.0004896607626303894	0.5492487759694886	0.6718294890731047	0.6310539347335928	0.6028116505723614	0.8573191498176632	0.7361268569582715	0.35230264548783463	0.9999575136988024	0.6718147713396163	0.3518073629688636	0.9999146174698702	0.6614528042688982
cg24892362	3	184601629.0	-0.07594873929087788	0.029297998182003734	0.009726147294832095	0.030747932585763516	0.013738785154725298	0.034084272435163765	0.029559779452707463	-0.006603055573409097	-0.07835684565680529	0.02234777893378495	0.00048264647523668956	0.023511427623191253	0.0009040013198323745	0.022989974692972558	0.0011631898985027497	-0.00690999582370839	-0.07273628607683956	0.020112567670260057	0.0003219173057098062	0.022275442887020887	0.0011511149763661342	0.023381648212196474	0.002836403825064787	-0.006273429027739526	-0.003470793480419805	0.0009610347409388814	0.00032799127504367	0.0010657022304758758	0.0011855603883739777	0.0011190599553283266	0.002914353661182222	-0.0002996561857830369	0.49035517615035273	0.6078764894319493	0.6658484254983464	0.45782603081251955	0.7152483846604266	0.7168996195162033	0.32822834447640425	0.9999575136988024	0.9999560135595468	0.3265909238923665	0.9999146174698702	0.9999316749064227
cg23463794	7	3927884.0	-0.08604399827164166	0.025963716981018535	0.0009653892947116476	0.02640140578285321	0.001169945368965565	0.029273883669910166	0.004640230667259728	-0.004311549290955528	-0.09349429517984992	0.024496074783861056	0.00014687615762531668	0.024463219356151998	0.00014391544833667672	0.025253576292932435	0.00046152924485311366	-0.004759645690752448	-0.08613873495448394	0.0246588950819412	0.0005097767961873277	0.02638549390741028	0.0011538683885715666	0.0278315226626356	0.002970177283488458	-0.004385974624650117	-0.00410990927177109	0.0011781510837341482	0.0005187897591736725	0.0012605955105325641	0.0011713497039955566	0.0013291851635055588	0.0029958018923426184	-0.00020949653572904857	0.27540896255042385	0.36354640965848856	0.48622252021346896	0.3352968820688399	0.5444348310660282	0.6186065970840329	0.36674113269969094	0.9999575136988024	0.9999560135595468	0.36614582086141695	0.9999146174698702	0.9999316749064227
cg09267815	8	63470248.0	0.08503583730773151	0.028979197170170445	0.0034477683503315467	0.03081142821574205	0.005928253031649441	0.031158512973786575	0.008286045301019701	0.008250754457547142	0.0874311350959524	0.02927958948139753	0.0029216638072161473	0.03183360063236047	0.006173865723773701	0.03156323971578358	0.007417139008242597	0.008394382939646922	0.1073216880904428	0.029080325086342302	0.00024263971230776098	0.0328769624544099	0.001154996811211917	0.03284108287863162	0.0017818382309314283	0.010225641302260818	0.005130080882015164	0.0013892457391356363	0.00024060787441843167	0.0015714769699132587	0.0011543825843980586	0.0015711911212782854	0.0017969757806407195	0.0004886020988873644	0.38766611559784847	0.5217594971115854	0.539947479746591	0.603724561848377	0.8573191498176632	0.8456956838780358	0.3050239446704215	0.9999575136988024	0.9999560135595468	0.3038659351765184	0.9999146174698702	0.9999316749064227
cg20732076	6	42367493.0	-0.14719424129989922	0.03133294674343597	3.14720918751098e-06	0.03350263339614244	1.2818459384161228e-05	0.03243337651009799	2.7194887535971794e-05	-0.014505812795946598	-0.07198926613185075	0.024154378876494725	0.002975867572381751	0.025933279232956127	0.0056471317063360536	0.02488156660891694	0.00527985515353132	-0.00673366759511017	-0.08672452807026435	0.023645095181457094	0.0002648051504495529	0.02657649573257939	0.0011595733841500326	0.026706457808587672	0.001895189354431418	-0.008253614157260484	-0.004145670805950523	0.0011295255883038064	0.00026226472690633635	0.0012702647933246982	0.001157871094300504	0.0012762876178729703	0.0018900841929836395	-0.0003943508625916605	0.03172848267334484	0.08075666232454434	0.10584642462955067	0.6042000915146724	0.8573191498176632	0.8326897594526024	0.3124722734635752	0.9999575136988024	0.9999560135595468	0.30834164084016874	0.9999146174698702	0.9999316749064227
cg04782738	2	240289324.0	-0.10611735897985863	0.028009997686263097	0.000164098115999039	0.028383970839391707	0.0001995998689055127	0.025131766906353107	8.18146160163637e-05	-0.004880105085858524	-0.10004782471045678	0.02817402575288567	0.0004086436356475296	0.02818648758221825	0.00041104562485699174	0.025022207527377383	0.0001747506298073916	-0.004617447636803456	-0.08717973046975679	0.02526646609613914	0.0005961252277748594	0.026720434320983404	0.0011617592213120185	0.022077514712873697	0.00020612801373176028	-0.004126880069037997	-0.0041658271460848694	0.0012070216389487092	0.0005941441089371311	0.001276486550293898	0.0011583408483284842	0.0010548118491324617	0.00020574912635971278	-0.00019724163872579027	0.15501414143536985	0.21774466409546653	0.15621304582524412	0.4424433438865422	0.6711027688105078	0.49649630768414976	0.3700565030790091	0.9999575136988024	0.7319045244068695	0.3694248447779572	0.9999146174698702	0.7305591983795054
cg13515875	13	110678455.0	-0.08270913781729931	0.04344104388268429	0.05731365722986622	0.04363069701700088	0.05840194207711412	0.034278127238372445	0.01884726915291268	-0.0019163827051224408	-0.10416502786845883	0.042491994105469146	0.014466634902542463	0.042049210530979014	0.013469607373407159	0.03475463685597204	0.003937502019707714	-0.0030613980435206236	-0.10918265589222165	0.03261610429923662	0.000862671025446079	0.03346979844403462	0.001163925195582103	0.028770967629809328	0.0003419756852399763	-0.003017612793283003	-0.005214399535580705	0.0015581308029476984	0.0008655320867166032	0.0015974334753558717	0.0011554274983992764	0.0013760040020238454	0.00034800109062761237	-0.00014417928362228476	0.6871429597394769	0.7588848961074648	0.619203961690229	0.720906856073017	0.877114403903042	0.8250775383982634	0.40951290212678265	0.9999575136988024	0.7630718135971118	0.4099232598499769	0.9999146174698702	0.7625269688073317
cg12943155	3	127629135.0	-0.1082492363608659	0.04464757363281153	0.015571798379469554	0.04541278511884054	0.01739724922200794	0.05781646413235798	0.06596178736121609	-0.0032709545687124317	-0.11680362500773359	0.04341347407631507	0.007300084635222137	0.0434827965516904	0.007393510148809708	0.05471773910951264	0.03681528670164039	-0.0037017876689512466	-0.14066704202865643	0.03870225656370803	0.00030052097518691714	0.04312454557533672	0.0011649186181422	0.05653925677062109	0.01559592443814123	-0.004493621325257584	-0.006710526103458178	0.001849355444464112	0.00030747033125455515	0.002061044131546285	0.0011893741282905342	0.0027021767400188614	0.015778602088679795	-0.00021462458218178662	0.5372890878448175	0.6309953850352824	0.7507083556464815	0.6681622952875064	0.8615150570088377	0.8930487039193722	0.32489285517089417	0.9999575136988024	0.9999560135595468	0.32495760599533313	0.9999146174698702	0.9999316749064227
cg23190972	5	9069607.0	-0.11128903938181861	0.03621647733810113	0.002199415283127788	0.03451016523714534	0.0013170555384636414	0.033248443239151784	0.0014021985962884974	-0.0037595282105355593	-0.13118893508845939	0.03561916590628854	0.0002476714553009746	0.034429925393093336	0.00015064622396434096	0.03414465120760552	0.0002930583565017103	-0.004635669191581875	-0.11354260934453356	0.03344689145180087	0.0007289901706379231	0.03480925042844361	0.0011650286509069284	0.03204091271262991	0.0007638122790106317	-0.00399929081537408	-0.005420680272961505	0.0015978538899657586	0.0007348648859626649	0.0016628981682069233	0.001173435642579584	0.0015307798610294855	0.0007699577354779173	-0.00019105367809528994	0.3428129142325028	0.3736692573228179	0.37804944399531537	0.36876960274152726	0.5556138735200101	0.5786587352186918	0.3909952956399737	0.9999575136988024	0.9028127625881509	0.39427657462521937	0.9999146174698702	0.8973002611650496
cg15891546	8	141169809.0	-0.12089924143071523	0.03908537767506513	0.002056050854571628	0.0384244551546088	0.001720465594433658	0.031664960127587766	0.0003170720795691663	-0.01958361081339633	-0.04789048008584672	0.02393308196283366	0.0457655826031446	0.023184859773778488	0.039224229855523395	0.019405500276351274	0.016411691906525906	-0.008219356544600216	-0.054383714555333806	0.015674950922867678	0.0005561223912760863	0.016677504900483076	0.0011688719144692294	0.01725566657555141	0.0025168765599271627	-0.009124815903816131	-0.002599862232463704	0.0007488182913264486	0.0005510897871372914	0.0007965432302682551	0.001156650366276694	0.0008240254226397625	0.002491610208316601	-0.000436249112097713	0.3355822549746976	0.39886324439383697	0.25215203847592504	0.7866932189516186	0.9079010500693853	0.8621266328071441	0.36986309823868946	0.9999575136988024	0.9999560135595468	0.36614582086141695	0.9999146174698702	0.9999316749064227
cg19159759	13	20415679.0	0.1164211694205117	0.04156951777777382	0.005235987269978326	0.04268134371532754	0.006532415495535885	0.04350791742970753	0.009557930675518614	0.012024484147268076	0.12086667591896286	0.04164133980446861	0.0038143154961678026	0.043753217289355446	0.00588304023219207	0.04506249402527879	0.009397742898277432	0.012469428876433538	0.15151765182214216	0.04163528049474767	0.00029534447394489815	0.04647990888984715	0.0011731355434343531	0.048136437633195334	0.002546431289691604	0.01541286301209385	0.0072570854804855514	0.001988863027990588	0.00028463610211155836	0.002221818521369685	0.0011472465964776448	0.0022996178071489656	0.0024864583459047068	0.0007383439829663197	0.42567556439117027	0.5340646071963494	0.5515363330592078	0.6325444772581694	0.8573191498176632	0.8467010775793248	0.32489285517089417	0.9999575136988024	0.9999560135595468	0.31944402778492104	0.9999146174698702	0.9999316749064227
cg26343883	2	163348522.0	0.10557425222129446	0.02473970029619952	2.2401395492158257e-05	0.024729488024015277	2.2229478290610493e-05	0.029443845739825798	0.000669287966190372	0.017032487869851305	0.10251922219263554	0.02492941868272997	4.3676748828025703e-05	0.025725853005045044	7.433169306272318e-05	0.03003569192534543	0.0011456500037006683	0.01666836456356019	0.09345057366726477	0.025730097189483055	0.0003035499045299572	0.0286673082866164	0.001173224357124903	0.033185667544183534	0.006540995754574078	0.015567272636169277	0.004467553742692871	0.0012292994400096206	0.0003009414577423239	0.001370848336892643	0.001176731084372873	0.0015878672069048832	0.006584922636812228	0.0007443706107561938	0.06864306226710576	0.09573218984088694	0.30699331370445493	0.2542743304084416	0.4343964384467577	0.7168996195162033	0.3261464299014266	0.9999575136988024	0.9999560135595468	0.3239786864077423	0.9999146174698702	0.9999316749064227
cg26964426	16	85422305.0	0.14377146952510408	0.056860081778490876	0.01166578289676266	0.05608456819510575	0.010563544263596226	0.06535732571766371	0.031621643772720864	0.017259690547411007	0.16923926093476227	0.05605710831993118	0.002625257901362886	0.055422860952816795	0.0023444499657207124	0.06359247857955486	0.00993511699792101	0.019913421998413502	0.19627931944070062	0.05682187398127002	0.0005877698385064828	0.06022411262257833	0.0011760038809791884	0.06593521607098023	0.004171894539307695	0.023168474387281666	0.009342891790377632	0.002714595669105637	0.000615241513305213	0.0028747290146995605	0.0012138284257347145	0.0031507831325546685	0.004311454035463847	0.00110349335795148	0.5077543701015788	0.5791072887982459	0.6731198138320535	0.5980128887329897	0.8143009462248806	0.8476142096688244	0.36986309823868946	0.9999575136988024	0.9999560135595468	0.37225606200332445	0.9999146174698702	0.9999316749064227
cg05584439	11	47191645.0	-0.08403694786173802	0.02770557086074457	0.0025060000729580636	0.028531027285441685	0.0033280495785679284	0.024100743379803356	0.0009121576999419823	-0.0036792665487838973	-0.09187927585950978	0.02758692436348585	0.0009109878278476921	0.028205382914794908	0.001176670346284594	0.024500155361083523	0.00039542475933119884	-0.004069510955563169	-0.08137855550453284	0.023716244872537314	0.0006388375539426144	0.024969745380457986	0.0011762570057097883	0.022692000159105975	0.0006680017713088218	-0.003604573169245215	-0.0038889783962981275	0.0011329416993359279	0.0006358482882490833	0.0011923014051571556	0.0011654757784176635	0.001084055193822674	0.0006654444719128605	-0.00017246161928802738	0.3538145195438381	0.46412288584201844	0.33910411322631817	0.5023874467570468	0.723123937957146	0.6089818891669874	0.3809824182547248	0.9999575136988024	0.8858865304519817	0.3801392035593312	0.9999146174698702	0.8813579595361898
cg15901722	5	176547972.0	-0.08279152191077231	0.01968011029361892	2.9140028023585384e-05	0.019793506051629134	3.2327120959295054e-05	0.02166739651910158	0.00031403951741684565	-0.012420110808521177	-0.049749935631170555	0.01675161168664999	0.00307841411762535	0.016777834663440454	0.003124670701387231	0.016774756456045023	0.004305323003165074	-0.0075021349908732365	-0.05523245613945101	0.01650864311624561	0.0008683119651439725	0.01694895269437653	0.001177615802271275	0.017980689745774766	0.0031774088631570194	-0.008319998325718673	-0.002647641680609401	0.00078893871402908	0.0008371921232894635	0.0008099829945665887	0.0011374016111654146	0.0008589781166581459	0.003081714393671427	-0.0003987708862075205	0.07659342833422704	0.10759831129010973	0.2515100715428719	0.6075522680520439	0.8276112937654644	0.8310989397767151	0.40951290212678265	0.9999575136988024	0.9999560135595468	0.40767890376873617	0.9999146174698702	0.9999316749064227
cg12769599	11	88103945.0	-0.1402302234691524	0.04209773462783455	0.0009089845840943453	0.0417021694134467	0.000812488289667508	0.040245098730606894	0.0009192751774500487	-0.01630329546435074	-0.11860349159403205	0.04193499228302741	0.004810100473505383	0.04136275980181017	0.004259571190993402	0.03921078796081152	0.003638367095319735	-0.013620868730744732	-0.14055544751898613	0.043224810110351834	0.0012066134315103921	0.043134852115086095	0.0011786001807593165	0.04046772728466198	0.0009516440352444365	-0.016104664236620037	-0.006711908130872373	0.0020649658321819924	0.0012122980863769482	0.002061744974223662	0.0011911738142047915	0.0019335410815092108	0.0009574804757647459	-0.0007693859111216261	0.2709156610017023	0.3265997606490867	0.33910411322631817	0.6452122400291617	0.8435430554813513	0.8250227633225801	0.4454050545115412	0.9999575136988024	0.9504452336097909	0.44497379369603157	0.9999146174698702	0.9514528791080519
cg15574642	17	50396660.0	-0.07499345278244837	0.018305520848704168	4.6621522130282864e-05	0.01945318325932077	0.00012596655341434967	0.018255424139091127	0.00012083913769659151	-0.01281153665677325	-0.05831318551414826	0.017285842178548397	0.0007820162430885512	0.018551278807333774	0.001738801181487726	0.017525081289972978	0.0014890356496176115	-0.009950324725858077	-0.05238364587375732	0.014194264816961248	0.00024268273685426468	0.016082447124936793	0.0011839994895358043	0.01597094763241592	0.0017186156046681128	-0.008942040896739481	-0.0024974487675578916	0.0006782163072597542	0.00025036408115046546	0.0007686196778693401	0.0012169526424224656	0.000764241293088125	0.0017819967101298394	-0.00042632981182315756	0.09104174403101342	0.18783255333673965	0.17952824095476758	0.49843160660967445	0.7787301602441881	0.7395670397022769	0.3050239446704215	0.9999575136988024	0.9999560135595468	0.3061087395155013	0.9999146174698702	0.9999316749064227
cg01163790	16	50548282.0	-0.05257755443363603	0.025447753638973322	0.03917390061465956	0.02321105893726545	0.023795049037817942	0.02201096106607389	0.02001732061022188	-0.0018570304041380023	-0.052636636545594945	0.025566805083935037	0.039873742243817595	0.023231499061505633	0.02376319466263391	0.021534799989290494	0.017420826665541435	-0.0018723786773452455	-0.07714075794156353	0.02342615287041358	0.0010454724065906806	0.0236835904753448	0.0011842220358366084	0.022667851535749548	0.0011819728771746043	-0.0026330546877925496	-0.0036792639631267666	0.0011191045368296908	0.0010648240747839015	0.0011309142738649722	0.0011998546972733764	0.0010823411434485708	0.00119559926533791	-0.00012558304370077227	0.6449544822710704	0.6642389682284954	0.6240042878423457	0.7810657224897845	0.897372630387624	0.8621266328071441	0.4222098931108893	0.9999575136988024	0.9905930636798045	0.42470069838725455	0.9999146174698702	0.9999316749064227
cg26149309	4	7708636.0	-0.07664427707742141	0.020412734125453868	0.00018743265374926308	0.021784905983355578	0.00046153188570570333	0.023538957318398338	0.0018462772505941196	-0.004720215145631687	-0.07360750082630149	0.02045703946608304	0.00034242698481080545	0.02160614211105961	0.0006938469206778445	0.022923904836709547	0.0021122407257448657	-0.004542847536594445	-0.06601806226947811	0.01796801231798575	0.0002583495175411327	0.020277752655361362	0.0011901876693977637	0.020365364186389578	0.0019274151095799324	-0.004139832717156192	-0.003156042573530195	0.0008583347218777084	0.00025565049688667705	0.0009687950413063324	0.0011819281059259191	0.0009727963252148973	0.0019124061731087788	-0.00019796769757041296	0.16108185113075998	0.2819620750344558	0.403109929048098	0.4125256612877151	0.6997202897659299	0.7870573588253035	0.3103130348927368	0.9999575136988024	0.9999560135595468	0.3061087395155013	0.9999146174698702	0.9999316749064227
cg08893087	1	92951425.0	-0.050339459517645686	0.025024947722376407	0.04463474313713405	0.02582141722166064	0.05161813957918552	0.030079728073244452	0.09934319710123779	-0.00812553698442513	-0.078341610830801	0.023326906723652622	0.0008251412533097496	0.024094935977412076	0.001201985441527816	0.027979417185181616	0.006834916008049171	-0.012190134037714668	-0.08325274159612078	0.023203247538238773	0.000358424433208249	0.02557258349690803	0.0011907754746485987	0.02953977583381703	0.006499142130246608	-0.012972117337787397	-0.00396786170888965	0.0011086549229816947	0.00037073195608657	0.001222490101776348	0.0012319532752792135	0.0014125053154300405	0.006666084122586903	-0.0006185306098245044	0.6606408690076784	0.7459530665220082	0.7903820665085807	0.4995320990494329	0.723123937957146	0.8424523148494593	0.3386648305853446	0.9999575136988024	0.9999560135595468	0.341241860918962	0.9999146174698702	0.9999316749064227
cg13498382	3	101321076.0	-0.08478531818636673	0.04745104200574848	0.07438822306054318	0.049699781364932326	0.08844577024862613	0.05254830456514043	0.11180344595385922	-0.0034603703502436543	-0.11152536619772963	0.04666840394364943	0.017116557069987843	0.04885149788175445	0.02272414670371787	0.04823345106102761	0.02415745570130008	-0.004876670533470472	-0.16025217051674273	0.04487561511235754	0.000381953585289562	0.04922559696340958	0.0011911159727801964	0.04895857969309078	0.0017536534860241634	-0.007523758561293576	-0.0076566675472369665	0.0021437381613288414	0.00038107788888875835	0.002350397330820083	0.0011823104588096647	0.0023353390993179133	0.0017254664483609163	-0.00035931842049404965	0.7165956759742189	0.7978904439168627	0.8006842237194536	0.7300377380288987	0.8930435218612651	0.8768569685799025	0.3451078529336268	0.9999575136988024	0.9999560135595468	0.34652488166646606	0.9999146174698702	0.9999316749064227
cg01478204	11	44317780.0	-0.09565786711034982	0.029621144736495995	0.0012965335217952104	0.031118826445215256	0.0021916396683247627	0.02976416819021058	0.0020940489196614627	-0.006723933875879285	-0.09210148987519712	0.02971271802386175	0.0020124132555010034	0.03102859274941509	0.003094104822767375	0.029774794040200964	0.002985206913915972	-0.00644458025238525	-0.10327307349813411	0.030167416238173334	0.0006576165103336515	0.03172667400932762	0.0011926748656930358	0.031148716439118776	0.0015438275976556392	-0.007034004775341718	-0.004936440945772379	0.0014411324614416587	0.000652742536233084	0.0015165424962217853	0.001192773784041206	0.0014890167274109766	0.0015449898833514305	-0.0003361453939832365	0.2994717236325544	0.41846154710542566	0.4172811091595733	0.5704416490206321	0.8276112937654644	0.8163415783783448	0.38260505249356536	0.9999575136988024	0.9999560135595468	0.3822795031715259	0.9999146174698702	0.9999316749064227
cg08465183	14	21091639.0	-0.07779937640063889	0.019748906269304492	8.95693248222221e-05	0.019788669927480317	9.250683835819439e-05	0.02051205133792912	0.0003442410133852804	-0.012923465540129953	-0.054886370651387226	0.017802623057625484	0.002127146657384919	0.017954886241587153	0.0023190924286130934	0.019573854655182004	0.006758689793112925	-0.009206851125704367	-0.06164264417088118	0.01679005434719657	0.00026115908318834994	0.01893979065073309	0.0011944244939659792	0.0217918631707142	0.006316159791521125	-0.01029518382827789	-0.00294849869387098	0.000802162108899851	0.0002568772712695683	0.0009050123266972069	0.001180837625174159	0.0010405092325433546	0.0062295418957015155	-0.000492440870056949	0.11971799325762379	0.16872491334813022	0.2624000004435944	0.5751316822438832	0.8143009462248806	0.8410608381412243	0.3109198740300878	0.9999575136988024	0.9999560135595468	0.3061087395155013	0.9999146174698702	0.9999316749064227
cg21232161	2	134254055.0	-0.048394682274128284	0.023697424986718924	0.04149385444788102	0.024310616630500666	0.046890967532416415	0.02512734415111052	0.05877113243937309	-0.007767586780134369	-0.031690289570384354	0.01020548595257131	0.0019759328068986314	0.010574117224135088	0.002820544972126151	0.010980677588402451	0.005388150115455704	-0.005052427745407021	-0.03247972487687297	0.009212562550664211	0.0004523751351912559	0.009981118622913393	0.0011966882110100792	0.009454119349850578	0.0010696862154665823	-0.005112984916055663	-0.001548191182226869	0.0004402083336762199	0.0004670694549826328	0.00047701420693717995	0.0012325228826499382	0.00045180766512656914	0.0010992940874997984	-0.00024381778558832103	0.6503435452258431	0.7363949053173551	0.7379180551373448	0.5702764657932831	0.8245160371421916	0.8326897594526024	0.3599193278402209	0.9999575136988024	0.9659434730987618	0.3611066915644718	0.9999146174698702	0.9762481601505204
cg14910406	2	219280585.0	-0.06505344709550823	0.020850542960024067	0.0018802692360335089	0.021277304355095585	0.0023146574623080047	0.02202757558529994	0.004460336108531617	-0.0022601294626781593	-0.06605631706202297	0.02080516847439339	0.0015622274442299148	0.021352394193236476	0.0020537358375179865	0.02320937350924519	0.006019777154058531	-0.002304640402505418	-0.06191645817262674	0.017220916216692164	0.0003485255012525067	0.019028372182282705	0.0011975783154896428	0.019961166310464747	0.0029116410834789997	-0.002201825496847481	-0.0029586841652317936	0.0008226657216065705	0.00034716578724589686	0.0009091206164606155	0.001195323352778668	0.0009549562767181705	0.0029423610157993884	-0.00010521769598976713	0.32525684708091956	0.4217665924906054	0.4836944409788824	0.5528746512746219	0.7941016117646281	0.8327763006668744	0.33598383932484455	0.9999575136988024	0.9999560135595468	0.333886086643253	0.9999146174698702	0.9999316749064227
cg22115093	11	61758450.0	-0.06049924198154988	0.018643504434738407	0.0012281850979816884	0.017470887315912592	0.0005658402203586881	0.0197508856915586	0.003257925998239964	-0.004349235170498941	-0.05754340521225711	0.018663504054683096	0.002126052501198975	0.01741137318754596	0.0009970485066481865	0.019094501991975668	0.0037565783242973073	-0.004277529004925114	-0.05476006603762759	0.016421303944198138	0.00090269652562166	0.016839957557584988	0.0012063513656296765	0.017061587257676827	0.002121023244658642	-0.004180919461572364	-0.0026097364758239016	0.0007845366501098016	0.0009293061723615648	0.0008047442763068755	0.0012438495270109897	0.0008153708430383839	0.0021776614524634187	-0.00019933489416319912	0.29488960220673105	0.3019540744735065	0.4574976225951153	0.5751316822438832	0.7152483846604266	0.8250227633225801	0.41334412639220863	0.9999575136988024	0.9999560135595468	0.41196313051845795	0.9999146174698702	0.9999316749064227
cg01771885	20	62307745.0	-0.06889568359387042	0.019446125255614507	0.0004211020392261162	0.018923513594477272	0.0002911841964523992	0.019254959190420418	0.0006854147504539829	-0.006716346759099087	-0.0634502203021367	0.018604316097573417	0.0006845881012986679	0.018241776448941375	0.0005349620905831746	0.019321001598341804	0.0016977027022892389	-0.006238619864295015	-0.05476794429475104	0.016338472469998797	0.000848775011837836	0.01684286031334779	0.001206738345795982	0.017945157904247076	0.0033645584202505884	-0.005356861332945811	-0.0026155559363504194	0.0007805729269633921	0.0008526070693184662	0.0008049573518837389	0.0012167620726620573	0.0008571481261342762	0.003369405191178611	-0.00025587166833961744	0.21258779064785657	0.24202548786979777	0.3093036039933051	0.4878690588168639	0.6831745832922227	0.7661105829885674	0.40951290212678265	0.9999575136988024	0.9999560135595468	0.40991393384164243	0.9999146174698702	0.9999316749064227
cg18274315	11	103988165.0	-0.06068242345044428	0.025851668666677614	0.019176494438009666	0.026338142231748723	0.021505960728964386	0.02661468902875125	0.02611436461974486	-0.005056513391238686	-0.08345396130538675	0.02192650539529806	0.00015319905602691954	0.02293476609697195	0.0002935416911068091	0.021954489226640703	0.000334990968133761	-0.007012434891030449	-0.07826783050931865	0.022197605482756497	0.000451759676301388	0.024073581831407412	0.0012088665347169028	0.023083733829192307	0.001228123152869896	-0.0066486201834674175	-0.0037460915333753465	0.0010605088104819098	0.0004411765796627397	0.0011497987046644603	0.0011805267680396639	0.0011004822404941863	0.001178512851091563	-0.00031831551221310635	0.5617948142216738	0.6530131150116165	0.6533131071372438	0.3352968820688399	0.6068254757162524	0.5985283726155515	0.3599193278402209	0.9999575136988024	0.9999560135595468	0.3596112357220312	0.9999146174698702	0.9938374320904086
cg02702692	11	72013458.0	-0.041549724517050385	0.014672774962715938	0.004757655574451713	0.014454972453216646	0.004166172666372372	0.013701928913155425	0.003559492715392176	-0.005308963094062433	-0.03834383607334149	0.014386884699611009	0.00786681850625888	0.014316878608125576	0.007570123298883536	0.013110544635193611	0.004835273121142872	-0.004955877013119192	-0.04263000097307774	0.012146132162849781	0.0004796404080677398	0.013121425141908163	0.001218551786715088	0.011421738033285568	0.0004188321824050781	-0.005484134545806201	-0.0020359336955481323	0.0005802411152607007	0.00048139101622365953	0.000626930407836747	0.0012245551990356842	0.0005455785184742849	0.0004197251135984928	-0.0002618964534076766	0.41752329478381034	0.48562176613738056	0.46414818859384094	0.6733775357145112	0.8634617995569188	0.8326897594526024	0.36311468581727885	0.9999575136988024	0.7959443534764071	0.3611066915644718	0.9999146174698702	0.8037798377624785
cg11363097	8	39934567.0	-0.10971451905131582	0.03895025303420083	0.004982594351878074	0.04031799989818891	0.006659992648040171	0.03271090533317964	0.0013731775365861247	-0.004502766367371191	-0.13163053258913618	0.03761748469285754	0.000495392148258461	0.039436558344278214	0.0008879282499793013	0.03192196260223898	0.00011465472610831194	-0.005778813299491255	-0.11664419155567296	0.03331873394749922	0.0004956358475772942	0.03590479517607784	0.0012192982326135792	0.03236079815009656	0.0006304772540817458	-0.004782814791405122	-0.005566509980414655	0.0015917008987976127	0.0005023395479282002	0.001713798256832721	0.0012220565731354324	0.0015451157925350442	0.0006341667792777925	-0.0002281618880599221	0.4221158412591592	0.536636479630167	0.3757897930548776	0.45782603081251955	0.7132152365915807	0.4462527307528926	0.3639949864865673	0.9999575136988024	0.8651066926744791	0.365716743217663	0.9999146174698702	0.8672294980283876
cg16175713	6	46649435.0	-0.1402324815265536	0.04240600835166403	0.0009898435863141919	0.043583868769457024	0.0013504857574765702	0.03867516944261854	0.0005890478327190669	-0.022296416187358854	-0.06681808779283784	0.028972591674878274	0.021379721645167184	0.029282499226805914	0.022789559748502625	0.0303930017004616	0.03171915570602722	-0.010583373612821028	-0.09079573864123411	0.025506303389989476	0.00039842666534402354	0.02795099226958684	0.0012206370860032888	0.025945222860215292	0.0008770055437321518	-0.014203159527491488	-0.004340842785193268	0.0012186060482089923	0.00039487008815706576	0.0013346285434150953	0.0012035194827440404	0.0012382294707474787	0.0008602871163474404	-0.0006791156016708247	0.2774735847638626	0.37804541934207364	0.2988297253014815	0.7448251077495209	0.8932582425922346	0.8869810588221004	0.35290227763227544	0.9999575136988024	0.942669557904915	0.35362101525327777	0.9999146174698702	0.9398122492115313
cg26619542	17	44777719.0	-0.023039428534612504	0.011044036250030935	0.03731473325328994	0.010884385178087378	0.034621865988015116	0.01189254448521704	0.05734277338451928	-0.003965996752239669	-0.022827948740713797	0.009964182936864558	0.022251433512496352	0.010264251369082848	0.02645620307792492	0.010791742096115128	0.038494886294757544	-0.003929733739778995	-0.030161366326783425	0.008327274018615204	0.00031523655546224205	0.009285412977689738	0.0012212196363516035	0.007925084842065626	0.00033002207880355886	-0.0051943096463264345	-0.0014419864067789214	0.00039780649133847523	0.00031185386928460704	0.0004439158001212376	0.0012208793307237108	0.00037909587674194074	0.0003322445381525166	-0.00024833501490542805	0.6386166167740751	0.7069772242092527	0.7355328727898087	0.7474960500554203	0.8999932531887502	0.8930487039193722	0.32822431346820896	0.9999575136988024	0.7630718135971118	0.3265909238923665	0.9999146174698702	0.7625269688073317
cg24101359	6	42960757.0	-0.15306337367107103	0.04655309727626421	0.0010579503034349757	0.0482862244987138	0.0015889467996574134	0.05902052991952399	0.011881521196832981	-0.015046374185385767	-0.1517256931393776	0.04261966953120392	0.0003952349207558527	0.045037070555191454	0.0007948577330044042	0.054673610985931285	0.007315113716737187	-0.015332177204170782	-0.15378636123642708	0.04257109024651997	0.000326824324332552	0.04734697942547781	0.001221985532043072	0.05383767039022804	0.005849230597532203	-0.015014124518584523	-0.0073399666219356105	0.0020338608473125784	0.00033127189537355097	0.002263791724730624	0.0012464541892736128	0.00257499871576301	0.005947426624489696	-0.0007172793403241566	0.2849484035041638	0.3931409855780726	0.5767089209216482	0.43621693611227724	0.7095480377215632	0.8436882587457379	0.3296079935394571	0.9999575136988024	0.9999560135595468	0.32865988143380415	0.9999146174698702	0.9999316749064227
cg08942527	5	107466244.0	0.031367958460046516	0.020622241786948978	0.12867723207990514	0.021318878920494173	0.14162498929888587	0.022672761854376996	0.17155136563103007	0.0019569000119285564	0.04615030845816301	0.019725781304802896	0.01957714735898641	0.021081427955988788	0.02890664794531375	0.02195525263016096	0.039688217723205695	0.002947871371582363	0.06757211503366184	0.01938357012102348	0.0005233578032387123	0.020806968876506342	0.0012240994405998118	0.021451413808903155	0.002529008978190375	0.004446312681944618	0.003229879665328921	0.0009260130919732655	0.0005197394071758289	0.0009942273100791844	0.0012196139986081515	0.0010267282691661893	0.002560474179886899	0.0002124169533045696	0.779019734972576	0.8393295061129753	0.8439303913304295	0.7373187016073612	0.9022389280298792	0.8930487039193722	0.36674113269969094	0.9999575136988024	0.9999560135595468	0.36614582086141695	0.9999146174698702	0.9999316749064227
cg00821310	1	6360673.0	0.030290250248553995	0.022327352020681476	0.17531688152700073	0.022432528869221535	0.17734675280278075	0.023114972518710156	0.194967623017776	0.0028086505529028583	0.05575827989879892	0.018492278864146554	0.0026582259302465857	0.019093446081816744	0.0036064133256098144	0.01734242032957715	0.002086104870674913	0.006180600483530401	0.06669877208745593	0.01817704606204516	0.00026315109150018513	0.020549997376040033	0.001232115795706381	0.01925125646047893	0.0009774702155923502	0.007529627707522616	0.003189061165836401	0.0008690151281111743	0.0002628022078245831	0.0009824899354292497	0.001231203808371139	0.0009194638151444516	0.0009661726330469373	0.0003603837198656772	0.8136295102505742	0.8608012339650408	0.855510173150876	0.6002809344825526	0.8276112937654644	0.7837240551461604	0.31237269287601005	0.9999575136988024	0.9504452336097909	0.30834164084016874	0.9999146174698702	0.9514528791080519
cg19249231	1	236141041.0	0.08595793478171058	0.02505696897188274	0.0006365949507663649	0.027694441450086378	0.0019848158478098284	0.0305602254012017	0.006599724421916765	0.01343262047228086	0.09066715953338177	0.025029680225500905	0.00031240216875924083	0.027958278435711744	0.001237575901091275	0.030190111360204407	0.00387003900317194	0.014118938829937892	0.0955979163658279	0.02542536802834835	0.00018534192962658713	0.029454115684136868	0.00123223128899012	0.030570115861956328	0.002704172866682183	0.015019463171345565	0.004575840765997156	0.0012146029175350804	0.00018004085755970022	0.0014083627355856707	0.0012178570627194396	0.0014629230949863765	0.0026985904354985867	0.0007188056138911006	0.24050733014154282	0.4063832642003064	0.5185416633414069	0.39957752518343054	0.7261035430504271	0.8250227633225801	0.263676668008756	0.9999575136988024	0.9999560135595468	0.26228713162675743	0.9999146174698702	0.9999316749064227
cg13013841	17	18377707.0	-0.08751160146850283	0.027141227834916588	0.0013193877256980615	0.027391969056860085	0.0014599194394202973	0.022530433037376795	0.0002552850009430999	-0.011777358483223806	-0.04016961480502956	0.018268418942352142	0.028205529035818862	0.018013217064985706	0.026054453209913266	0.01625217595322923	0.01625586497601186	-0.005355225950814275	-0.04429207461089313	0.013420389036821401	0.0010186523694361257	0.013658968931024067	0.001244832968955513	0.013721235611075099	0.0020077736681189218	-0.006046329174477184	-0.002118462039650593	0.0006411130787707286	0.0010044917510080215	0.0006527342804683358	0.0012328097098495883	0.000656198752410124	0.0020054404689988175	-0.00028919413489672877	0.30226740956509124	0.38427982369425906	0.2360471610068133	0.7619071750912455	0.8999932531887502	0.8615909685990398	0.4210905663003513	0.9999575136988024	0.9999560135595468	0.418078426181343	0.9999146174698702	0.9999316749064227
cg18007983	7	95393018.0	-0.06278606404795754	0.027181546860865838	0.021174926471240297	0.026795663371659204	0.0193914523115445	0.026144498062304733	0.0193900555223605	-0.006171684141552064	-0.07286376970954134	0.022111361712014464	0.0010312983362919593	0.02231631119417658	0.0011462519578023923	0.01861113407066165	0.00023051902549218821	-0.007323016424341696	-0.07251417375492063	0.02219554611978265	0.0011441505709011007	0.022363637562347344	0.0012457205433249394	0.01939360980289168	0.00040984202161264483	-0.007224992203587807	-0.003458945400566853	0.0010605876456863301	0.0011670660818288625	0.0010689235831337599	0.0012743602248990297	0.0009273936467024044	0.00042237221474803393	-0.0003449251589891898	0.5727148377527771	0.6418113614990766	0.620765367471248	0.5179305638452458	0.723123937957146	0.5421617924523999	0.43691764201986816	0.9999575136988024	0.7942345857180322	0.4424630251320597	0.9999146174698702	0.8037798377624785
cg06844165	17	3865305.0	-0.08820787814868908	0.02265113155352817	0.00010762586381696934	0.022434304216727704	9.238664308291146e-05	0.02111298794631387	9.528407689272368e-05	-0.0072232773017798235	-0.0690962167204767	0.021613545406468242	0.0014498866400540725	0.02158184561409828	0.0014267905480276936	0.021733283914370034	0.0023200214980475327	-0.005910417753116394	-0.06699536009270776	0.018964109428461624	0.0004405357567920662	0.02066285270191844	0.0012465560705848494	0.0217490309965563	0.0030990336796047594	-0.005757680946744059	-0.003195907637534917	0.0009060611173078472	0.00044959640818749734	0.0009874035166251903	0.0012710092025800881	0.0010390894081524931	0.003141571432862737	-0.00027487854162820474	0.13201551525280092	0.16872491334813022	0.16662912853509726	0.54439032324998	0.7447012718268113	0.800146813440339	0.3599193278402209	0.9999575136988024	0.9999560135595468	0.3611066915644718	0.9999146174698702	0.9999316749064227
cg23549641	14	51527373.0	-0.08074666471069802	0.02724166623311405	0.003135340807161073	0.02793392973014804	0.003959626057640158	0.029864954541255095	0.008871982389459205	-0.005786590616758694	-0.10134138053967617	0.0255138586558999	7.843260712324925e-05	0.026492243169952634	0.0001419311395980221	0.03116716529817832	0.0018714197997983153	-0.00748620063935884	-0.08442069610519762	0.025478624437115856	0.0009730953619564116	0.026042929532353123	0.001249622932182212	0.03272410029499134	0.012311315910010069	-0.0061521229809471095	-0.004038269275373783	0.0012172615220283755	0.0009591275745648532	0.0012438695526280452	0.0012284812063864323	0.0015630899851116543	0.012191743698285106	-0.00029442160347413807	0.3768444643511883	0.4805394789330519	0.542050262750374	0.2925289478900569	0.541993513961379	0.7690547419510269	0.41574477347695715	0.9999575136988024	0.9999560135595468	0.4146686213314109	0.9999146174698702	0.9999316749064227
cg08276755	20	31608911.0	-0.0973248653782699	0.026065645719057833	0.00020337089161368097	0.02630935889939626	0.00023259297588599636	0.028500087489007314	0.0011398475812064253	-0.014131871800255635	-0.05308834556735307	0.01580512326277496	0.0008236433225856927	0.016195790994678206	0.001096008370914546	0.016464950231346302	0.002029847134987663	-0.007665971404121327	-0.04860917663325276	0.014240773171105002	0.0006816615203167298	0.01499640969875602	0.001250528727320924	0.013983241654311189	0.0009428965045489908	-0.007041230541587762	-0.0023256956353358846	0.0006803183324630395	0.0006690934958573034	0.000717018572248522	0.0012411670918413484	0.0006683041438393754	0.0009319683561416395	-0.00033693898810563497	0.16596991858883192	0.2249674018530712	0.3598993162741657	0.4995320990494329	0.7221039184026306	0.7803702451005576	0.38753510558759385	0.9999575136988024	0.9504452336097909	0.384166911395187	0.9999146174698702	0.9514528791080519
cg09644157	12	124411666.0	-0.07508728987810691	0.01732174810949966	1.6647822388674865e-05	0.01813901743357616	3.8889924004648375e-05	0.01755745187010612	6.789268724791917e-05	-0.007068784041643832	-0.061131890142519685	0.016411841414006548	0.00021070793817558068	0.017133861016787245	0.0003837024466886074	0.01633395433357192	0.00040516569701681913	-0.005774967938024141	-0.0515152829990649	0.014743735757977274	0.000508216558145229	0.015898531925476588	0.0012554303718524398	0.015337306743260103	0.0013534181894487034	-0.004830001461926005	-0.002458263443997964	0.0007043558899724953	0.0005156616057438034	0.0007597969834352871	0.0012765280434097693	0.0007338423265560758	0.0013909071433315448	-0.00023049975847945524	0.06417862371385692	0.11085901484770129	0.14239277524494542	0.3606906845164433	0.6711027688105078	0.6094806070836629	0.36674113269969094	0.9999575136988024	0.9999560135595468	0.36614582086141695	0.9999146174698702	0.9999316749064227
cg09273910	12	121805015.0	-0.05191098561301974	0.022221177015631987	0.01975744925275946	0.020732306115213074	0.012502986422901713	0.01852094052150963	0.0067816811477132075	-0.0017886640624504156	-0.052975987095682284	0.022518813602331243	0.01891486458956051	0.02091274102047318	0.01151405040855258	0.018787950587281183	0.006475018005210932	-0.001793407017041559	-0.07177717035617705	0.02118643500305977	0.0007470587336864239	0.022155538644038252	0.0012578579341476271	0.022319660667378075	0.002081558801382079	-0.0024094078821040622	-0.003428112234761145	0.0010121084383216772	0.0007491581731029249	0.001059398718108611	0.0012744079744428833	0.0010684187289250575	0.0021271299017339997	-0.00011508367151007686	0.5658801430765652	0.5997862471227097	0.5202026227050968	0.7351093213889799	0.8712142145333529	0.836144898118913	0.3947737276733574	0.9999575136988024	0.9999560135595468	0.3944408172847537	0.9999146174698702	0.9999316749064227
cg27223343	1	27366702.0	-0.07485661130517626	0.02663643920017841	0.005082870929223712	0.026594959894065642	0.005014816481913905	0.026179488893796808	0.005802718966221604	-0.002098286030245742	-0.07410980820073383	0.02669747403284529	0.005647658161813555	0.02663210555222022	0.005531672816721317	0.02586463303953187	0.005707913733331703	-0.0020771446682389667	-0.08834841603729968	0.026195900400567834	0.0007889977434566335	0.02727390586059843	0.0012595614195369193	0.028150497977739254	0.0026164179856913725	-0.0023805078550216264	-0.004211953756542647	0.0012514624413709277	0.0008088753016173219	0.0013030444681856321	0.0012899092123864883	0.0013448546280875548	0.0026669593372333675	-0.00011356267114412723	0.42334562620246124	0.503614915195695	0.5069437712947961	0.6577446107359571	0.8573191498176632	0.8326897594526024	0.4022120143026595	0.9999575136988024	0.9999560135595468	0.4010763197351859	0.9999146174698702	0.9999316749064227
cg01012082	8	70113524.0	0.02848453592677938	0.021940877707941883	0.19461753304853213	0.022883875209620756	0.2136285648466081	0.02277542926333407	0.21583114009430085	0.0029796845536151223	0.04975040055050628	0.01982824108956449	0.012323587713212595	0.020674367303539318	0.01636239532041797	0.020596236929551558	0.018724013783543325	0.005128701682952627	0.06801149381720346	0.019679754309589563	0.0005843124733820751	0.020999418515193092	0.001262039133817909	0.020422086286031697	0.0014760939213378473	0.0070271016739344334	0.0032556233220421386	0.0009400759645747885	0.0005690986173000536	0.0010032108310592818	0.0012341577185625008	0.0009756777005651606	0.0014472975320158129	0.0003363912449179697	0.8253162013673986	0.8768367344948689	0.8671616411289337	0.7133521070233922	0.8839203130197966	0.8624520559145407	0.36986309823868946	0.9999575136988024	0.9999560135595468	0.36614582086141695	0.9999146174698702	0.9999316749064227
cg13899420	9	132978591.0	-0.03885463477398643	0.022389409779396765	0.08309447263233286	0.021816766504115046	0.07533874600664711	0.024514620632441864	0.11814698471318856	-0.002903190028767166	-0.03659421813516787	0.019323075309016446	0.058650940750520845	0.01859856225421836	0.04949947100715405	0.018912839622250932	0.05764460232620746	-0.0027209738865155457	-0.05661189699781333	0.01681801955758626	0.0008073787103565442	0.01748133920209707	0.0012634044140870909	0.01949773186670114	0.005130850196765428	-0.004156881026496762	-0.0026981855288158796	0.0008034406080789547	0.0008302721404734064	0.000835256549663272	0.0012989427560179323	0.0009313818435943244	0.0052256312598167485	-0.00019812043409064427	0.7292523915016629	0.7839304052746762	0.806527666059805	0.8002022707521922	0.9121015394608312	0.8989070970203766	0.4038032467366373	0.9999575136988024	0.9999560135595468	0.4057026492644878	0.9999146174698702	0.9999316749064227
cg24549236	13	112647382.0	0.03078195245634255	0.021088449109330706	0.14481685961700902	0.021709342630529472	0.15664590809941278	0.021178374234018586	0.15122123361948572	0.0013158977062787819	0.03709064622916828	0.020559549661751837	0.07163983093404137	0.020919931189210785	0.07665452970439646	0.020244809043664113	0.07181836510630028	0.0015988244326196127	0.06216836075017869	0.018108965180926397	0.0006349785896490894	0.019202742371429025	0.0012675316744645835	0.019240990094624117	0.0019896428880445865	0.0026752926529884525	0.002966736112787922	0.0008651275940615444	0.0006437009755469116	0.0009172855799464369	0.0012816661100986033	0.0009189154260638924	0.0020046368144074687	0.00012770646364930287	0.7910005638177195	0.8491675639068033	0.8323685957210398	0.8118969219413661	0.9153779856699878	0.9039892201321349	0.38021973144072096	0.9999575136988024	0.9999560135595468	0.3814922576644298	0.9999146174698702	0.9999316749064227
cg00559444	8	22171230.0	-0.07976588329290567	0.023120091109878078	0.0005928847780791947	0.023283945783064152	0.000647558326594978	0.02033287579421401	0.0002245427849321042	-0.004018880848535453	-0.07928265462761468	0.023101734553650558	0.0006336297169586334	0.0230063360890644	0.0006016973598024639	0.021048991819573953	0.0003749318742595176	-0.0040047600787817975	-0.05816583811146279	0.016609412150103812	0.0004935932418544171	0.017969736269573565	0.001270136324020455	0.018163581440056243	0.0021669726630714546	-0.002941634288203895	-0.002769590887980099	0.0007934883772006425	0.0005150717472625608	0.000858212732901914	0.0013133501848714244	0.0008688421765604464	0.002263119559930618	-0.0001401981824372113	0.23685137874477707	0.3150488006179026	0.22563597785693748	0.4810130516610991	0.6908051206401065	0.6089818891669874	0.363990671552605	0.9999575136988024	0.9999560135595468	0.36614582086141695	0.9999146174698702	0.9999316749064227
cg11485595	5	32713358.0	-0.10741630793187151	0.04274872570661617	0.012195781822377487	0.04118827943741772	0.009296544645775949	0.038240038947175384	0.006667805132453311	-0.0023142267270120183	-0.09399193474474718	0.04206396555069512	0.025756292148264408	0.04062574366293319	0.020970163905863284	0.04126845986122704	0.026269780677831846	-0.0018735848460036213	-0.12177775968990784	0.035627587524566455	0.00067021836127836	0.03762291099311581	0.0012704856465784286	0.03769147971596225	0.001990402547072226	-0.0028361565463769604	-0.00580062049111142	0.0017022311250060637	0.000695858410830312	0.001798630373804768	0.001323050612095975	0.001800471022214765	0.0020456281305619257	-0.00013514613689946051	0.5109621631409671	0.5696365046382865	0.5186755110254014	0.7569655823679701	0.8896670566298408	0.8814078242691745	0.3840209038157015	0.9999575136988024	0.9999560135595468	0.38797748637896173	0.9999146174698702	0.9999316749064227
cg14791193	1	16375981.0	-0.0787864682549231	0.02092168028897401	0.00017948418538295507	0.02112044869678834	0.00020615955889282224	0.022135663410522716	0.0007273041861168751	-0.002692042361577985	-0.08171436702411237	0.021107269961561346	0.00011805641972586144	0.02158565620090981	0.00016612005734981065	0.022003019825757343	0.0004446816944125517	-0.002806889485909555	-0.07002200056900756	0.020058116843197336	0.0005140190087274991	0.021634376353548396	0.0012713167188866182	0.02227507372019757	0.0025777007238420194	-0.0024146228184246162	-0.0033481600317116335	0.000958195613762678	0.0005078637976692351	0.0010338924214167784	0.0012634743459278121	0.0010650932170927843	0.002577524173120782	-0.00011542158225970279	0.15968138620618427	0.21830294647543166	0.3159693336606516	0.32329633735325386	0.5556138735200101	0.6186065970840329	0.36674113269969094	0.9999575136988024	0.9999560135595468	0.36614582086141695	0.9999146174698702	0.9999316749064227
cg03982355	17	7352223.0	-0.09192542170050745	0.032290602101689235	0.004540702505525125	0.029748708947590137	0.0020776559120593147	0.031543885122217806	0.004979308023719503	-0.006216961854880184	-0.0898445910826639	0.03219650109425227	0.005401812536668158	0.030083014407858315	0.0029171607764756986	0.031832434112483994	0.006426311349114533	-0.005988080403786862	-0.09693518319335843	0.03106686681981853	0.0018876088889228997	0.029966994966625145	0.0012795665743796257	0.029394560719126266	0.0016289319857357674	-0.00639600829501805	-0.0046286441259396766	0.0014841837010078978	0.0018975099205314411	0.0014320533907688534	0.0012908939719715649	0.001404562375431784	0.0016402232740473286	-0.00030534211380428295	0.4142187569498057	0.41137747201421637	0.49465506397171155	0.65262312451612	0.8259355573115673	0.836144898118913	0.4942995158866696	0.9999575136988024	0.9999560135595468	0.4945263687407509	0.9999146174698702	0.9999316749064227
cg01332711	15	41828483.0	0.0670557139754848	0.021330609943707772	0.001736644517517149	0.020650859521771113	0.0012194679845919938	0.021125929093625703	0.00235582044782689	0.0028431392119553107	0.062406434675395445	0.021300482980403972	0.003498924793937985	0.021184667748914057	0.003324819959930733	0.022273625669848647	0.006800629507991108	0.0027147397652988767	0.06514417825545238	0.020283341118112492	0.0013848864154332053	0.020143167039517088	0.0012825376716010663	0.021189573699640342	0.0031537052161392863	0.002782512702919507	0.003108928829395243	0.0009689628317868038	0.0014001265990153519	0.0009623127330444782	0.0012975257835400108	0.0010118667213755328	0.003170942192300416	0.0001328044199557181	0.3209882090110247	0.36727671816004537	0.42738857971789185	0.6206421011676597	0.8276112937654644	0.8424523148494593	0.46100203774531184	0.9999575136988024	0.9999560135595468	0.46039597492220247	0.9999146174698702	0.9999316749064227
cg11640063	4	7043132.0	-0.20799636713843855	0.06279526605851546	0.0009712394135778927	0.0637334797509757	0.001151930355071587	0.05136433710810241	0.0001472509054835832	-0.002217235629962832	-0.20725617523472545	0.06344212549258837	0.0011390609563499878	0.06371702454584022	0.001196218092561791	0.05418974038545785	0.0003103459400392953	-0.00208675804569075	-0.20861537036284947	0.05916108367202477	0.0004513113290660098	0.06451796790920904	0.0012852458169589401	0.054065464017735036	0.0002776939046181285	-0.0022103920100580584	-0.009971829195391276	0.0028261839247180898	0.00044773688297399796	0.0030827196532690416	0.0012794825292153664	0.002581573220142539	0.00027395706613332366	-0.00010551239822148925	0.27540896255042385	0.36149035173460353	0.18922115325194047	0.5263384829842661	0.723123937957146	0.5913209338733587	0.3599193278402209	0.9999575136988024	0.7630718135971118	0.36102844362721875	0.9999146174698702	0.7625269688073317
cg10844382	20	847802.0	0.04495044110400984	0.019074425393626214	0.01870909793808541	0.019609210597171484	0.022173252980254837	0.019114497690984462	0.021936355129465308	0.0025229382180786512	0.04043373061352227	0.018374196401940192	0.028083180780186373	0.01880234318269025	0.03185094381440079	0.018421204461367503	0.03198273853750517	0.0022799876375194103	0.05952551980938553	0.016841572482573383	0.0004377740163813992	0.018413673718706034	0.001288640314668622	0.01943865858197519	0.0032663344084545073	0.0033300488483174514	0.0028443875317328737	0.0008045910541956971	0.0004365455848082578	0.0008798937409358943	0.0012887795713323862	0.0009288937138953418	0.0032672772270223023	0.00015915881858250523	0.5583253310728418	0.6563856633912105	0.634787421293152	0.7616862891459166	0.90366880157135	0.8869810588221004	0.3599193278402209	0.9999575136988024	0.9999560135595468	0.3596112357220312	0.9999146174698702	0.9999316749064227
cg17681447	7	6164671.0	-0.08351803224179773	0.022973291858328627	0.00029713160735359	0.022968680333538768	0.000296306518326525	0.020103276030357106	0.00010321231667637844	-0.009112832197398467	-0.05171008783743605	0.02024674892770045	0.010854316030233785	0.01998795934964163	0.0098747546009887	0.017806993933316157	0.005124989099499684	-0.00597239338143968	-0.050602786696280946	0.014155361493521128	0.0003765778788831541	0.0156545415510931	0.001289587791382744	0.015465109969158702	0.0017597648318957322	-0.005606692970295608	-0.0024247338947233584	0.0006762313426117843	0.000361563931105439	0.0007477135491524322	0.0012441679151762026	0.0007391793436858886	0.0017166948322855508	-0.00026869433041297453	0.19213070833771284	0.24250860382351902	0.1733551501295207	0.7020621772899013	0.8712142145333529	0.8326897594526024	0.3443288462377548	0.9999575136988024	0.9999560135595468	0.3373558421931491	0.9999146174698702	0.9999316749064227
cg17405234	4	90127268.0	-0.15000197555261885	0.06587061484633845	0.023063460865659045	0.06554478524095	0.022392840091696	0.07812282316114723	0.05952704157620517	-0.005451677667280058	-0.17584773543444115	0.05450920395295043	0.0013120208158660276	0.055195425617799505	0.001505261257712921	0.06145357659972365	0.005768816388592129	-0.0069540322979576435	-0.18770836910222968	0.055810455861945274	0.0008155456526533552	0.05808033509660001	0.0012922197746810177	0.059102339880620386	0.0023426896381174376	-0.007000385614676508	-0.008959500182340676	0.002667283940687281	0.0008280717791050901	0.002775945947451519	0.0013116022407892215	0.0028264974438386666	0.0023856946150130386	-0.00033447165141253614	0.5840328981057274	0.6579265524183052	0.7394707234989674	0.5343197224622397	0.7536660437988486	0.8326897594526024	0.4045576175465479	0.9999575136988024	0.9999560135595468	0.4057026492644878	0.9999146174698702	0.9999316749064227
cg16039660	4	183765548.0	0.0955744042775854	0.030222616226213715	0.0016302616031725588	0.03200340617351568	0.002918126823041674	0.034989221145738554	0.008232535445731201	0.0144851942016179	0.10407061649120677	0.029713993443179584	0.0004895316416996696	0.03169671214958897	0.0010754754728106758	0.03361716681736103	0.002963688637709236	0.015720628847563145	0.10221409001899762	0.029021676002711112	0.00045844370976512395	0.03163573863998795	0.0012962558048729813	0.03248520964582609	0.0025553448204211986	0.01544379417279483	0.004877106121203378	0.0013864761618372684	0.0004659037994808923	0.0015110660422392038	0.001311401693508597	0.0015527769703731651	0.002597600289751878	0.0007369290030153071	0.31634812201198365	0.4493114153448494	0.5398729946288444	0.45782603081251955	0.7199909017862371	0.8163415783783448	0.36173532196853053	0.9999575136988024	0.9999560135595468	0.3611066915644718	0.9999146174698702	0.9999316749064227
cg07318453	4	73258785.0	-0.03920156002488999	0.02270370333506757	0.0846548464062275	0.022143954982469974	0.07709649856398655	0.021460747503053046	0.07264428121978318	-0.0031569033996170833	-0.047214123328550454	0.022419285163852647	0.03555342230104621	0.02186860672224829	0.031180548343958916	0.01913770635857775	0.01644534238309202	-0.0037679302280287513	-0.06977968073407845	0.020011916323368573	0.0005217177328956758	0.02159861927739141	0.0012972453584981513	0.02110116406370262	0.0015843719328254874	-0.005268782960095411	-0.0033320942823340783	0.0009559814148461275	0.0005243744806814882	0.0010321155346279807	0.0013077117956607086	0.0010086624945890913	0.001600890720165203	-0.0002514724066500327	0.7315221116794559	0.7857683457900673	0.7615157736827963	0.7737377170816582	0.90366880157135	0.8621266328071441	0.36674113269969094	0.9999575136988024	0.9999560135595468	0.36614582086141695	0.9999146174698702	0.9999316749064227
cg06850787	2	716357.0	0.15508251780257457	0.0546993594502181	0.004707529820560953	0.05699738049577751	0.006667139815802813	0.060454636126649725	0.012784336632269534	0.015209308826274533	0.16103910802312052	0.05493193839209411	0.003478969313484359	0.057910827687707805	0.005564011820245812	0.058477013603117904	0.0077496260189766596	0.01570080472848076	0.20023248689279824	0.05655393464671367	0.0004279373150363823	0.06201536799954276	0.0013061658726740454	0.060732578232067416	0.001632728501567565	0.019503999117286827	0.009542012683413372	0.002701834656358259	0.00044228109171278563	0.0029639199836074413	0.0013488900908399835	0.002896889175269336	0.0016479199434075915	0.0009291313263965586	0.4174525978607558	0.536636479630167	0.5816301508900746	0.6200862705246623	0.8573191498176632	0.8467010775793248	0.3599193278402209	0.9999575136988024	0.9999560135595468	0.3596112357220312	0.9999146174698702	0.9999316749064227
cg19518666	4	156771693.0	-0.0823826409477746	0.023706850618935058	0.0005411324701491352	0.023317480791449328	0.0004367724270109879	0.02102180400894471	0.00022760092415153143	-0.012095654257877328	-0.06814725553601728	0.023008354389558436	0.0031586465934837302	0.02237848814706762	0.0024099665056848724	0.02082559838924958	0.0017585919943281137	-0.009907026774791381	-0.07523847005791201	0.02372490060288017	0.0015893886976246587	0.023312700432685202	0.0013124541635869114	0.022448659020621996	0.0013836121482451772	-0.011202468833108048	-0.0035838112853826495	0.0011344030111604827	0.0016557222033412543	0.0011148669695641605	0.0013714014403585866	0.0010722246727525506	0.0014227681977903093	-0.000533842643536393	0.23161819656896998	0.27846723744367285	0.22636114221333992	0.6086744956354515	0.8143009462248806	0.7690547419510269	0.47620838282057903	0.9999575136988024	0.9999560135595468	0.47906233068983767	0.9999146174698702	0.9999316749064227
cg17200850	5	175680094.0	-0.08858221415512653	0.02290785565427633	0.00012013538043208412	0.022953806700406438	0.00012392510620461394	0.023326481864252235	0.00033908616226327936	-0.005297826314528926	-0.08565848280039999	0.02156677847276832	7.850799856657861e-05	0.02144084689255811	7.13161454138928e-05	0.020822096028906893	0.00011848150769146388	-0.005150157215942686	-0.07428836470095829	0.021035701680444226	0.00044251361984307905	0.02302163764852586	0.0013145617084646993	0.023349401401205547	0.0023042045276496456	-0.004478645809018467	-0.003548728978984817	0.001004988412218415	0.0004432083296509988	0.0010999023583992851	0.0013167762204926291	0.0011162832264152258	0.002321551323591999	-0.00021407259882516127	0.1381498855040918	0.1864787221740604	0.26144059813222287	0.2925289478900569	0.4343964384467577	0.45557928082749405	0.3599193278402209	0.9999575136988024	0.9999560135595468	0.3596112357220312	0.9999146174698702	0.9999316749064227
cg24902075	3	127591010.0	0.10004851916347211	0.023216628446503823	1.8634383710891882e-05	0.024499473150467535	4.926049516715796e-05	0.025654001244911993	0.00024234907494285633	0.002148297369691733	0.0942816207697316	0.023453761628002785	6.436115881781044e-05	0.024600147205766955	0.00013789821516935094	0.025057702567978457	0.0003798224549199844	0.0020403740380680185	0.0805878567621871	0.022449553033780937	0.000356069798566609	0.02498030214696545	0.0013183505086327525	0.025350423246075074	0.002322256401421947	0.0017169345713502057	0.003859933666009424	0.0010723879650220572	0.000343364567640719	0.00119341286941869	0.0012811803909562804	0.0012105782116336396	0.0022576076224973866	8.22771101707793e-05	0.06434714431805925	0.120840071854049	0.23136506038347693	0.27423476789210277	0.5388731217446908	0.6089818891669874	0.3386648305853446	0.9999575136988024	0.9999560135595468	0.3325075114433329	0.9999146174698702	0.9999316749064227
cg00189176	22	23790321.0	-0.1051810269717494	0.027629841697800417	0.00015268136661477348	0.028776967971594538	0.0002757056744171099	0.026226812374341615	0.00016783195624859107	-0.002856037401250063	-0.10733918571084805	0.027959381840790037	0.0001343442482824364	0.02948515426890399	0.0002916508765558155	0.025350861665712168	7.85932104551743e-05	-0.0029407144697860335	-0.09729356813682695	0.02772486893793842	0.0004805380403514645	0.030160568724673396	0.001319270429229707	0.026708422571757644	0.0005581984750664885	-0.002596023748887207	-0.004648359132465706	0.0013244564891486958	0.0004798601542459155	0.001439357048554983	0.0013029645746119747	0.0012758215954020826	0.0005570977083231511	-0.00012403702294410714	0.15275812291943203	0.23714953526659766	0.19922440688027399	0.3352968820688399	0.6068254757162524	0.39705172750179496	0.36311468581727885	0.9999575136988024	0.8360103326260463	0.3611066915644718	0.9999146174698702	0.8371657000803727
cg07630078	16	88943149.0	-0.016976758922085007	0.018073050239621306	0.34786848272982684	0.01823595751322998	0.3521894746554073	0.016215834018017256	0.29926496153818705	-0.002932648862459593	-0.032403909246257676	0.012774217578302332	0.01140148867415113	0.013066783085068012	0.013370716446850141	0.011960698882043182	0.008742681819810116	-0.005558666705391879	-0.04307901520812345	0.012555733585197137	0.0006395757035982065	0.013354534527669127	0.0013195262474436664	0.011849452029882296	0.0005712875706129996	-0.007367944152917802	-0.002066395490998874	0.0005997702237658783	0.0006072804971167094	0.0006382043615190499	0.0012659842870484338	0.0005655817251042119	0.0005393485154178747	-0.00035341053565932686	0.8912829990793658	0.9210263766211594	0.8999169358720964	0.7090065849767057	0.8762893141761923	0.8467010775793248	0.3809824182547248	0.9999575136988024	0.8360103326260463	0.3702060564222786	0.9999146174698702	0.8269663261984604
cg10953655	17	48579302.0	-0.054676046663209715	0.016739986321475723	0.001141318930235503	0.017488193818825576	0.0018399485616366216	0.01729891972803098	0.002450978921571079	-0.008382243367983029	-0.05126569359777974	0.015625306614831927	0.0010844753242427196	0.016560216540684174	0.0020395196052549573	0.016449559380164114	0.002789517343023127	-0.007914328787156978	-0.05566542992085387	0.015855202509441467	0.00047769248613198785	0.017256769692560573	0.0013198951376664557	0.01793647353143238	0.0028978413960065613	-0.00854961849798712	-0.002663369190118367	0.0007577840339928466	0.0004710037483332468	0.0008250240598197169	0.0013085216045359248	0.0008578345405488938	0.0028870399063495597	-0.0004090177249245887	0.2905575475078727	0.40175890008493775	0.43066592278863236	0.5232338900454596	0.7941016117646281	0.8163415783783448	0.36311468581727885	0.9999575136988024	0.9999560135595468	0.3611066915644718	0.9999146174698702	0.9999316749064227
cg08900363	7	597817.0	-0.08536442165178725	0.02912252799362917	0.0034826057055227415	0.027781980917353885	0.002201088249112746	0.024927358050649922	0.0011065428704368145	-0.004975236706885773	-0.09148369363684963	0.029106379917940947	0.0017403886399632693	0.027784917159434798	0.0010412565132939349	0.02714541445249241	0.0013074984943515907	-0.005573683247307406	-0.09326796729691367	0.028194657888631795	0.0009917031852240286	0.028921170507190737	0.0013235870747844627	0.025395753137858978	0.0005075588438932157	-0.005836970016638465	-0.004440136695607931	0.0013469838911128905	0.0010330312153519613	0.001382038423203527	0.0013799786100850554	0.0012130544131621402	0.0005278983452547516	-0.00027793660780695543	0.3888826442203068	0.41898188947053977	0.35685506765362474	0.5635837878802016	0.7152483846604266	0.7288112796553561	0.41684796513451505	0.9999575136988024	0.8218047660305101	0.41955416498280984	0.9999146174698702	0.8241313741191877
cg00201760	16	28507064.0	-0.08929619343470542	0.024355359507729275	0.0002639759113333022	0.025197067863856497	0.0004195170098553488	0.026376490125374998	0.0012476855206099348	-0.014269634153499364	-0.04414259362214723	0.012869556058283368	0.0006379889386422599	0.014884025604770368	0.0031191377601087703	0.015435413168978066	0.005795241226247369	-0.00680108709358271	-0.04906568209654112	0.012877864737767218	0.00015216934067075575	0.015225018958892767	0.0013336397511631661	0.014596521303024176	0.0013425587749680175	-0.0075628621464446325	-0.0023471930280012394	0.0006151907666040249	0.00014900374476705988	0.0007278580796214606	0.0013240785472699733	0.0006983119428790607	0.0013434824892073435	-0.0003617850713294929	0.18624011046522554	0.2729832796453206	0.3684246419692652	0.4810130516610991	0.8276112937654644	0.8326897594526024	0.2483692025190747	0.9999575136988024	0.9999560135595468	0.2441869749718413	0.9999146174698702	0.9999316749064227
cg11386757	19	17340332.0	-0.08716261328356727	0.023504564828019072	0.00022456263895016923	0.023424651424621194	0.0002138059990634176	0.02269962973150379	0.00029530050617855905	-0.0036840837331556416	-0.08621737623979071	0.02327077338184044	0.00022762111977512	0.0231940878649242	0.000217065586778849	0.022285518902869058	0.0002685477916110013	-0.003658114600634219	-0.06583928015072639	0.018748410108355186	0.00047617161997230527	0.02043086946409317	0.0013343801125060683	0.020267949425792114	0.0018888581262758932	-0.0027438216965792583	-0.0031536068108906795	0.0008955791140223367	0.0004596101524582112	0.0009746644394198463	0.0012758213945706063	0.0009660882074208481	0.0018012124589239188	-0.0001314785985621329	0.17467964517514628	0.21910135118705662	0.24575416387717067	0.3657004069681857	0.5702761030898944	0.572124109114084	0.36311468581727885	0.9999575136988024	0.9999560135595468	0.3611066915644718	0.9999146174698702	0.9999316749064227
cg19270277	1	16970500.0	-0.07284584913264235	0.01849800552588393	9.007832101987213e-05	0.019481716014363288	0.00019916909737375702	0.020903831153117152	0.000918121737335111	-0.008143375721746839	-0.06033477890178917	0.017608684179394735	0.0006463190385915811	0.018566515654570494	0.0012091587813215742	0.018766358439194546	0.0020866532892899452	-0.006927661439025015	-0.053791995375479434	0.014996822523566228	0.00035988930404016464	0.016693944373277956	0.001335725195638664	0.01546895573472755	0.0009394719429838001	-0.0062387243096306486	-0.0025752495025811724	0.0007163861516780235	0.00034937085278128173	0.0007980933768514133	0.00131519931608114	0.0007393495209187805	0.0009229325713390791	-0.0002986975409689148	0.11971799325762379	0.21774466409546653	0.33910411322631817	0.4810130516610991	0.723123937957146	0.7837240551461604	0.3386648305853446	0.9999575136988024	0.9504452336097909	0.333886086643253	0.9999146174698702	0.9514528791080519
cg02412050	6	36027652.0	-0.04382858526959764	0.018400697861113934	0.017480664500238483	0.018036679903619797	0.015341808746405925	0.019454605694255465	0.027875529832759097	-0.0018208788814706128	-0.04684420975117786	0.01835018325161849	0.010891503722762784	0.01828954608921433	0.010632084016068778	0.01958125676393558	0.019839152579399555	-0.0019444627566531868	-0.058358690147503424	0.01661993890874359	0.00047680471807502706	0.018114884482044666	0.0013387481835161346	0.02059407192581451	0.006228610111263796	-0.002424255532218935	-0.002785971266909468	0.0007939722508184295	0.0004811589593827892	0.000865001541629006	0.0013425112942109906	0.0009835451958728127	0.006248933124536597	-0.00011569281473509488	0.5512601160073907	0.617382984075907	0.6602634230696283	0.7025266269116928	0.8712142145333529	0.8633296872514025	0.36311468581727885	0.9999575136988024	0.9999560135595468	0.3611066915644718	0.9999146174698702	0.9999316749064227
cg13428561	17	44657291.0	0.15897437228121436	0.04257055160054121	0.00020294528807217958	0.04522484668426058	0.0004667378613004949	0.03634603368481659	4.8458651533885216e-05	0.0231027966029647	0.1604926506942469	0.042345938829011914	0.00016322949865042982	0.046036237573650135	0.0005196030863226377	0.03723563620424964	6.046438614584892e-05	0.023246229652605036	0.16458252123566794	0.042717192019512955	0.00012838598717845125	0.05109176438441708	0.0013400158435251355	0.04205103759814827	0.00023142657786521717	0.023838943424314737	0.007879521266113784	0.00204035145138136	0.00012384695114206232	0.002441479174192851	0.0013124731107350958	0.002010400696228969	0.0002272512787362361	0.001141428748703792	0.16595717685196176	0.28279962737986547	0.12521311248495146	0.3352968820688399	0.6828782340614814	0.38849135900436765	0.2303247222453783	0.9999575136988024	0.7369441034300529	0.22436131391470449	0.9999146174698702	0.7415012663191807
cg03699074	16	88783467.0	-0.04749401999848911	0.027710149461632333	0.0869639497798658	0.0286447919393448	0.09774330750309727	0.033406476493360836	0.16020591464720993	-0.00580408127717395	-0.06219190118216801	0.026844488853473198	0.02079726057245707	0.027543673320675293	0.02424818341169335	0.0312633945352063	0.05115875526224226	-0.007420488579619973	-0.08615170199986023	0.02541238150463481	0.0007410253641573241	0.02674715195066839	0.0013416034629884258	0.028575179227515523	0.003742593255558117	-0.010372702732375977	-0.004120173125454411	0.0012144777187213817	0.0007346758324005305	0.0012786674999897868	0.001335754271312475	0.0013666312397691725	0.003743395225348744	-0.0004960279099798655	0.7346048223824249	0.8076831954872692	0.8375772382828431	0.7426144422411709	0.898787524116352	0.8968805198020288	0.39358865616038474	0.9999575136988024	0.9999560135595468	0.39427657462521937	0.9999146174698702	0.9999316749064227
cg01304182	16	30398587.0	-0.06720325027710528	0.017331697571633855	0.00011513077059807843	0.017978479962283283	0.00020010972556533635	0.016708907017935374	0.00016145604763196202	-0.009872509354752543	-0.046307469045215044	0.015344889044483712	0.002636168537962797	0.016175507587505626	0.0043209658214744765	0.015385592397865995	0.003797838343140746	-0.006832972751485518	-0.052176713727214004	0.015083133888234677	0.0005771951543807349	0.016199118145043552	0.001341636514226509	0.015255855308814709	0.0011217012582704201	-0.007713113205424443	-0.0024931932455591077	0.0007205383909413037	0.0005752927916139294	0.0007739905766723264	0.0013404439559029117	0.0007282871337345445	0.0011105108200440983	-0.0003685825798263387	0.1351909103458215	0.21774466409546653	0.196478848479786	0.5980128887329897	0.8484768672089893	0.8250227633225801	0.36986309823868946	0.9999575136988024	0.9810328539842622	0.36614582086141695	0.9999146174698702	0.9831623634226687
cg16008627	11	86672898.0	-0.11446041586479898	0.03979860922796206	0.004145794506792626	0.039571642520395724	0.003936581862517449	0.037970967051501124	0.003747896626422524	-0.002952568386869008	-0.13449484740713116	0.039466683185120935	0.0006912967843064508	0.03925004889665437	0.0006458643444649828	0.0370057129749316	0.0005732793767865352	-0.0037178480324100652	-0.11626989179767938	0.033535653201753626	0.000561046453959916	0.03610121102104858	0.0013429986119959255	0.03428527395144815	0.0012257037851336795	-0.002925606283045489	-0.005554889673962686	0.0016020976370964112	0.0005606219822963409	0.0017238919217979361	0.0013354967802494883	0.0016383083392910575	0.0012280479913558953	-0.0001398945810982791	0.4064023949980811	0.48053721835205077	0.4699057767455056	0.4900616221399616	0.6988239588563162	0.6398553132680356	0.36986309823868946	0.9999575136988024	0.9999560135595468	0.36614582086141695	0.9999146174698702	0.9999316749064227
cg12432980	20	6007148.0	-0.09046682049978315	0.025493227347861372	0.00041215172651151	0.02639066229385308	0.0006424238246619436	0.024899900635168257	0.0005754997731157562	-0.0136743173543189	-0.08267069538317413	0.025194798017032723	0.0010832620562142318	0.026764839535378136	0.0020870786812342192	0.023561705671608688	0.0008522565087044462	-0.012339176411423595	-0.08945570875831987	0.025374157756673173	0.0004525855529275499	0.027775555914472845	0.0013430053341852207	0.026650046870147288	0.0013622783184354128	-0.013416225607329081	-0.004283006650569356	0.0012120622332090884	0.0004390547237466529	0.0013271497686657098	0.0013130768409146747	0.0012743326114330088	0.001344541500929264	-0.000642273421871946	0.21231905866752657	0.31480887577930183	0.2988297253014815	0.5232338900454596	0.7941016117646281	0.675132990640565	0.3599193278402209	0.9999575136988024	0.9999560135595468	0.3596112357220312	0.9999146174698702	0.9999316749064227
cg14913610	12	8989745.0	-0.08954821279407325	0.026279260392084954	0.0006916523667539513	0.026220454769517922	0.0006728343277101291	0.025440433590878917	0.000822863523895657	-0.011298403633712574	-0.04573141282926746	0.016591743233117295	0.005994311458795084	0.01656183622554737	0.005904669767293112	0.01780857094622691	0.012695916666700318	-0.005435941333114231	-0.058731822681381135	0.01724519320470902	0.0007007961941189186	0.01823663876835227	0.0013435736609200475	0.019142387243372763	0.003210780115305487	-0.0071880385097862435	-0.002803045485800906	0.0008238975757741601	0.000709710803331194	0.0008720547444383775	0.0013726436980412726	0.0009146812246699188	0.0032448604915880667	-0.0003430209846471384	0.25107883561424627	0.31668825310870835	0.33018607500686464	0.6593497533458161	0.8573191498176632	0.8573725785947539	0.39079359721882073	0.9999575136988024	0.9999560135595468	0.3935326960339873	0.9999146174698702	0.9999316749064227
cg06899912	17	40704843.0	0.0650085128115652	0.02457449497724268	0.008337059139381462	0.02353349562932319	0.005883476140508706	0.023911350229525744	0.00852157825752395	0.002087367905127681	0.06506775740290442	0.024838648473946026	0.008988243803464684	0.023489547707399666	0.005748783001812337	0.0233170146514496	0.007013061369524212	0.002081923101174488	0.08294640755848025	0.02483241383606677	0.000885146544790108	0.025757653791378454	0.0013448535879682882	0.023361975805203324	0.000747639874959119	0.00265309654241486	0.00395132923551903	0.0011863521869794969	0.000915678989624723	0.0012305031365023157	0.0013875414347507026	0.0011167241135285636	0.000776756839575358	0.0001263534455918225	0.4728211927840629	0.5217594971115854	0.5407643738618098	0.6840383252022645	0.8573191498176632	0.8424523148494593	0.4107007853520355	0.9999575136988024	0.8975736820369667	0.41183476495251586	0.9999146174698702	0.8995402887750791
cg16619378	17	14304213.0	0.0824878050837914	0.030662613989374875	0.007305810349369552	0.0318805811548162	0.009863820339906937	0.029498323998348716	0.0069029477993468695	0.012445727863178439	0.08682731549748426	0.029991094531582645	0.003905080020212899	0.03146000853817037	0.005928431282492257	0.03013839955069247	0.005464586269993159	0.013087080841495397	0.10364942793426876	0.030259420580775104	0.0006528122089348705	0.03220014010494089	0.0013511005756383751	0.030698013504254308	0.0012826189101673036	0.01577776403971912	0.004958605096106619	0.001445489769456627	0.000641025266677027	0.001538499522029341	0.001332207237750548	0.0014681553515649543	0.001278634185701859	0.0007548562845851089	0.4606464550073445	0.5722238920842995	0.521694533058817	0.6325444772581694	0.8573191498176632	0.8326897594526024	0.38260505249356536	0.9999575136988024	0.9999560135595468	0.38098200303352747	0.9999146174698702	0.9999316749064227
cg26037142	6	32129704.0	0.06908284906387943	0.023828741692061436	0.00385494640769933	0.02527801290874373	0.006430462458673032	0.029449841553488624	0.022254466167356015	0.010063844149456816	0.07958878578729811	0.023638035371127325	0.00080034536163468	0.02513044260633986	0.0016050624994854489	0.02893784491783578	0.007824591035101518	0.011507370045081417	0.08647988272938886	0.02432363968998432	0.00040495252889373586	0.02686697898287239	0.0013515436670400172	0.03248592730398788	0.009915014051705102	0.0123095160684983	0.0041471474795497735	0.0011618921900366141	0.0003844281465930097	0.0012846733838940882	0.001308789442748221	0.0015531902961342763	0.009706108720115847	0.0005902599696576575	0.39809440713582855	0.5326689629133556	0.6366114799678123	0.4988298944259911	0.7684398459473455	0.8467010775793248	0.35480064827530966	0.9999575136988024	0.9999560135595468	0.3481207571864838	0.9999146174698702	0.9999316749064227
cg10716343	3	129124432.0	-0.11372826964591921	0.023765518325543956	2.0682030105156542e-06	0.024523205905387018	4.181666471991097e-06	0.025143955011492865	2.8704567956691685e-05	-0.006500288988679694	-0.09385877458274308	0.022111967042307737	2.4752769285721675e-05	0.022445501065357882	3.251036062598774e-05	0.022318679855727535	8.673663823786782e-05	-0.005398034873909193	-0.07530651651720162	0.02185582571548984	0.0006066368481480029	0.02340468081327368	0.001357274481284631	0.02392575320312222	0.0025476427773782036	-0.004463330248109455	-0.003596468402712349	0.0010440950304323815	0.0006088980577538567	0.0011171615500115376	0.0013493447207992004	0.0011432154191403968	0.0025595293308049286	-0.00021332303742332742	0.025650288020141188	0.04663928709024451	0.1075844549186438	0.2131808555272825	0.3374267001351076	0.39705172750179496	0.37205497470286825	0.9999575136988024	0.9999560135595468	0.37063395866432985	0.9999146174698702	0.9999316749064227
cg26595520	7	128030980.0	-0.05397973733906501	0.026261514186005506	0.04019134945768602	0.025859745848441265	0.03720024297150879	0.029435418505880453	0.071557560344627	-0.00486226224218999	-0.058598912136380174	0.019681064095865772	0.003004352515062436	0.019370631901748172	0.002573615193213945	0.020002083039082855	0.004767936059683128	-0.005407366630653698	-0.06358227151378425	0.018991340516329787	0.0008612843859602452	0.019768166033863912	0.0013628094178730424	0.021575504020712902	0.004540578354868497	-0.0058954714764193235	-0.0030400693190171598	0.0009075304814786404	0.0008556058058999472	0.0009454339080943433	0.0013668762997967258	0.001032281600712968	0.004565859143484758	-0.00028201434948609585	0.6478825608152237	0.7152437158949434	0.7597962861037663	0.6053314206592922	0.8202800620115908	0.8326897594526024	0.40951290212678265	0.9999575136988024	0.9999560135595468	0.40991393384164243	0.9999146174698702	0.9999316749064227
cg16680451	7	73707414.0	-0.048615135261704454	0.019389325263098313	0.012382831495166972	0.01984721763676035	0.014542297656330269	0.01894414889286529	0.012752386516952853	-0.007908889114139821	-0.042890445923579906	0.015375585423962189	0.005418202005849035	0.01595642017779982	0.00735480522477463	0.014854275168726642	0.005367003429710407	-0.0069947309145091474	-0.05264569412908562	0.01556029966211728	0.0007593236897832363	0.016369695847172665	0.00136445139464918	0.015549526013998166	0.0012467995335552838	-0.008588615936112133	-0.0025160593120975286	0.0007433269076242656	0.0007551827315131354	0.0007827853922888893	0.0013729304444237591	0.0007434326043155981	0.0012517613350725499	-0.00041047899750633066	0.5128939087327224	0.6116453524753049	0.581234881919005	0.65262312451612	0.861070265807898	0.8326897594526024	0.39608417670299967	0.9999575136988024	0.9999560135595468	0.3944408172847537	0.9999146174698702	0.9999316749064227
cg26243254	12	131950106.0	-0.1760735333329128	0.055600696835927665	0.0016061133977817838	0.05643660208793977	0.0018811617730456237	0.057159448507663746	0.003098954882833717	-0.000992242863314218	-0.18044699100767225	0.05620790303676942	0.001384612882457632	0.057598402014661786	0.0018013634947564936	0.05775115253483536	0.002724882988866185	-0.0009976895652330322	-0.181496004745702	0.05216925381966001	0.0005370923254319496	0.05646384964586044	0.0013722889414933789	0.04856507462261598	0.0004123711226588041	-0.0010230735779566773	-0.008652065630701502	0.0024923030646723902	0.0005519753330021801	0.0026986604277640593	0.0014119247319061795	0.002322595783688015	0.00042865620221632303	-4.8764132474669915e-05	0.31505555242314837	0.4029074757611019	0.4505762407823565	0.5425631717326695	0.7793282510935321	0.8163415783783448	0.36986309823868946	0.9999575136988024	0.7942345857180322	0.36614582086141695	0.9999146174698702	0.810807212624906
cg14776195	20	31368225.0	-0.10944058723422458	0.029082097570799416	0.00018133989515673366	0.03215307240460058	0.0007012554259865562	0.032998268931780664	0.0015388301323432517	-0.01669759226729141	-0.10995530552735276	0.028765284563629822	0.00014353324098690824	0.03231670938906986	0.0007048251485700827	0.032814878512317396	0.0013870021095832182	-0.016868339225086817	-0.11118889873016981	0.029594420843024175	0.00018742060587839484	0.03459151562269174	0.0013724542152634984	0.03489043541156395	0.0022690084367155846	-0.017060676979840622	-0.005306663041499648	0.0014138443334251072	0.00019017382633694095	0.001653381857725676	0.001395012344749208	0.0016672966159939047	0.002296054647283412	-0.0008143870455014406	0.15968138620618427	0.32129484181532036	0.38355066226688705	0.3352968820688399	0.6997202897659299	0.7361268569582715	0.263676668008756	0.9999575136988024	0.9999560135595468	0.2672886525907846	0.9999146174698702	0.9999316749064227
cg18819818	10	87863247.0	-0.10259183420200628	0.042760204858477834	0.01668078150445531	0.042702136555436546	0.016533918927145206	0.04610037869872888	0.029761457252776853	-0.0020885086098196867	-0.10747357788231282	0.04331122318225672	0.013312962887818762	0.04262212121224122	0.011898803152135082	0.04643608296127148	0.024026067335435053	-0.00215214987489618	-0.1416151921489689	0.04225048465209135	0.000849632104755099	0.04406647840624088	0.0013756025674559185	0.043820097693936355	0.0019854751148714895	-0.0028088766460676725	-0.006754167520629257	0.0020184377423059616	0.0008665710849044344	0.002103920591298242	0.0013916930428480936	0.002091225405183643	0.0019972036322858087	-0.00013400521070529016	0.5449814988266056	0.6246317217217463	0.6665080553452787	0.7175322383921016	0.8713447978139436	0.8768569685799025	0.40951290212678265	0.9999575136988024	0.9999560135595468	0.4099232598499769	0.9999146174698702	0.9999316749064227
cg15617543	1	1375598.0	0.0973444703223503	0.0280056223731131	0.000539480309728922	0.029070291025680636	0.0008542197159931071	0.02806955312015251	0.0009674285565991826	0.0022203624515672675	0.09895411080235825	0.028325277932096198	0.0005058952732741032	0.02921303845707747	0.0007441413931604338	0.028560894170161912	0.0009773908529718412	0.0022701012745256696	0.08864199020112062	0.025291953227761038	0.0004885815260642449	0.027587707757763372	0.0013783125046828429	0.030439690577161442	0.005009496028500876	0.002001209441788113	0.004228459527746904	0.0012082763673755973	0.000497975527441811	0.0013170382758502799	0.0013902389979260717	0.0014534439142948508	0.005048754099893412	9.553478276549767e-05	0.23161819656896998	0.3303185064702672	0.34315675160179504	0.45782603081251955	0.6997202897659299	0.6916960013382375	0.36354686739864567	0.9999575136988024	0.9999560135595468	0.36480097699168584	0.9999146174698702	0.9999316749064227
cg01693830	3	128071619.0	-0.051652802480806254	0.021524572772941883	0.01665923908218643	0.021328752020752555	0.01569050205360028	0.019961947248001693	0.01206374763439789	-0.004476360734211295	-0.06288704802775923	0.019545973734416397	0.0013515416891309742	0.018871607025883825	0.0009051218440732806	0.016567502791784382	0.0003409557454773495	-0.005780487676450442	-0.06583443405156149	0.018491894800233652	0.00039777170799003584	0.020489506265117228	0.0013783917692842785	0.01808986819389237	0.0005644688738879734	-0.006086338499132081	-0.0031435754658877208	0.0008834598216388885	0.0004006373860401833	0.00097920193717315	0.0013913710267229372	0.0008649971769148283	0.0005737020547608856	-0.00029070483251191674	0.5449193352246198	0.6201002513925268	0.5778608367145994	0.538502728164409	0.7152483846604266	0.5985283726155515	0.35290227763227544	0.9999575136988024	0.8360103326260463	0.3547028345597695	0.9999146174698702	0.8383568188890814
cg09232727	22	28744737.0	-0.09414917364134845	0.021548823362377855	1.4296331394927479e-05	0.022692585315678648	3.7370660217862256e-05	0.022290312523599976	8.144174908391574e-05	-0.013235539609278455	-0.05431636259401244	0.015555098135654241	0.0005089260446940214	0.017007832050189672	0.0014662506027160538	0.015574401237946112	0.0009103473524752629	-0.0076614446295240595	-0.05412657850582689	0.014661644299676181	0.00024153330936442692	0.016848780582311883	0.0013811725578153323	0.01471493150702762	0.0004982791068701257	-0.00769078750220693	-0.0025802001368760634	0.0007004854496363115	0.00024933878099770487	0.0008047562424454333	0.0014113018421036655	0.0007040804460951604	0.0005206206150248586	-0.0003668006095251814	0.06290121642427098	0.11032699765940257	0.15621304582524412	0.45782603081251955	0.7501632442810329	0.6773770815753571	0.3050239446704215	0.9999575136988024	0.8218047660305101	0.3061087395155013	0.9999146174698702	0.8241313741191877
cg13430552	2	25204783.0	0.07360425624475624	0.021468695904770147	0.0006413545039723277	0.02272232154436637	0.0012529154082756612	0.022234264074051595	0.0015677640208808686	0.01062497188790038	0.06575891861975633	0.021402610542523924	0.002202973777802155	0.02297654987640502	0.004331931932963878	0.023758159757450242	0.007461357886422552	0.009367945535420514	0.07774686521656005	0.021582712955309318	0.0003396393272323876	0.024204966467160784	0.0013834036499741113	0.023001568409098817	0.0012683938257329606	0.011102483843223316	0.003711356896995865	0.0010310661720085092	0.00034316863423146865	0.0011564451190153417	0.0013964477409953724	0.0010982991250557796	0.001271821081207856	0.0005301067871821111	0.24163110419804162	0.36860751865328356	0.3844906028867441	0.5779474643702771	0.8487378526722738	0.8467010775793248	0.3328819026515921	0.9999575136988024	0.9999560135595468	0.3325075114433329	0.9999146174698702	0.9999316749064227
cg11071682	1	210237719.0	0.054505181914662866	0.019430783709665753	0.005164916307918747	0.02173937104290691	0.012386437539885208	0.019943760149815765	0.008201368111469062	0.009163280887668742	0.06846232200391691	0.01902104967189654	0.0003409530778191317	0.022099680730781526	0.0020248192995365824	0.020004987057767765	0.0011142909236981939	0.011452251077064088	0.07432175631452063	0.01920669730681669	0.00012007188415361806	0.02315087232598458	0.0013914774770333058	0.020913003010559084	0.0007397688309350237	0.012359469811735293	0.003552282504517143	0.0009174660526104694	0.00011898612154695196	0.001106963303456934	0.0013976286776977995	0.0010002884624029846	0.0007458314406376481	0.0005907779439251605	0.42470454891729165	0.5985892445707628	0.5396124355553295	0.4119761483548107	0.7941016117646281	0.7091918600115189	0.2255672927596425	0.9999575136988024	0.8975736820369667	0.22436131391470449	0.9999146174698702	0.8973002611650496
cg14851700	1	182393095.0	-0.09945738351359124	0.03645806516093651	0.006526320437320856	0.038583402862565924	0.010141663105611936	0.04048186143992731	0.0168767295364192	-0.016771413760694236	-0.0759514218810465	0.03274909920268186	0.02066365307731116	0.03502088750424879	0.03042862827346817	0.03738479491318426	0.04655537871433297	-0.012726667410498256	-0.08911024383628086	0.024594107538623858	0.00031376109922620404	0.027758891528413442	0.0013922909659902173	0.030193936553161535	0.004485766530089914	-0.014941809771863532	-0.004255442773737473	0.0011748819539541741	0.00031521298722987184	0.0013263149158837244	0.0014003234799459942	0.0014434869227181674	0.004526945590150536	-0.000713475874334595	0.44752559132306424	0.5743286531886515	0.6084537249650042	0.7425423192450484	0.90366880157135	0.8964692125537542	0.32822431346820896	0.9999575136988024	0.9999560135595468	0.3265909238923665	0.9999146174698702	0.9999316749064227
cg24342283	11	118887894.0	-0.04695112492028247	0.01575709337949378	0.002981913677453783	0.016050552623002947	0.003549802834886531	0.01475123543275484	0.0022956087624620893	-0.00808688337958988	-0.03768826643198264	0.013764633147520234	0.00633312219859048	0.014470422344238558	0.009390545973456777	0.013048701921191995	0.005354095251780172	-0.006514933238347497	-0.044316043231794715	0.012576504793617544	0.00045552480592502323	0.013808157511440091	0.0013958278133310322	0.012990990662302283	0.0011525627567648225	-0.007646936283183726	-0.002127273362715558	0.0006008007940512247	0.0004276639213738183	0.0006595810416119538	0.0013222873224615276	0.0006204077252964661	0.0010919591344159265	-0.0003670189294989779	0.37204767645129555	0.46854970402284196	0.42512785635006667	0.6632704276615912	0.8712142145333529	0.8326897594526024	0.36050314252760113	0.9999575136988024	0.9905877047224503	0.3596112357220312	0.9999146174698702	0.9757317755105562
cg22464186	6	47309816.0	-0.06064752007655186	0.025460243533439585	0.01747360585330167	0.025073736478380834	0.01581849101356037	0.022269752078125895	0.008417093991255979	-0.0040497287620546545	-0.06672756958368878	0.025164099429953197	0.008185052809133621	0.025449078178179024	0.008926164265768078	0.021451241105201902	0.002837774186025106	-0.004421479861379265	-0.07605769985465119	0.02132118670229741	0.0003874158839723552	0.02371437061887696	0.0014062295469744468	0.020189118593959925	0.0003741001073222574	-0.004841214571339156	-0.0036236567540450276	0.0010185138089835151	0.0004013357730645171	0.001133764040046697	0.0014606378722326785	0.0009662248939440009	0.00039520266702948415	-0.0002307501424263067	0.551244532625439	0.6201002513925268	0.5405257050578459	0.6752245010328631	0.8712142145333529	0.8163415783783448	0.34848747502662636	0.9999575136988024	0.7850707771778709	0.3547028345597695	0.9999146174698702	0.7958772197422671
cg08038219	20	63400571.0	-0.08635679045368538	0.019904074280277777	1.6370324321442658e-05	0.02047644655784993	2.7846084529411263e-05	0.017303487817957038	5.314566013807339e-06	-0.008032265988915566	-0.07598767571765408	0.019573620676284865	0.00011305314852775322	0.02049191003757804	0.00022480467079843673	0.016572938622127605	2.30434584712363e-05	-0.0070990371912140575	-0.06626376617089903	0.018540331215168966	0.00037768094943429223	0.020669075575775103	0.0014125131299365782	0.01695442951410512	0.00023569653601080703	-0.006179636455346369	-0.0031665813684039175	0.0008857087446898489	0.000376040969388335	0.0009876805293409239	0.0014118322089077455	0.0008108805053608725	0.00023822602718996834	-0.00029542125639877393	0.06417862371385692	0.10143262613915165	0.067226436711468	0.32329633735325386	0.5702761030898944	0.23785716438652407	0.3443288462377548	0.9999575136988024	0.7369441034300529	0.34442301665091546	0.9999146174698702	0.7415012663191807
cg03129324	10	123129779.0	-0.0925975399608796	0.024721973988659107	0.00019427971795015896	0.02680176617989118	0.0005825210980773228	0.025047630107501103	0.0004695491327044351	-0.015553776248693144	-0.06851318079483243	0.02376575937898291	0.004058378275156117	0.025670099060841306	0.007779384346031169	0.02214571825875675	0.002981100163682079	-0.011467410071589551	-0.07639782523801934	0.0220278461632787	0.000558622594772749	0.02383300148888675	0.0014143974095935927	0.022341868867235715	0.0011238428052258301	-0.01284992406380382	-0.003654001707401217	0.001052443088226252	0.0005511504401947161	0.0011394759736710741	0.0014086477380984954	0.0010683978949391527	0.0011218220098969767	-0.0006145814605927158	0.16383568139795665	0.3053683339892312	0.2850537816721666	0.6357824854112676	0.8670234129868197	0.8163415783783448	0.36986309823868946	0.9999575136988024	0.9810328539842622	0.36614582086141695	0.9999146174698702	0.9831623634226687
cg26487562	19	14115147.0	-0.07111626560202058	0.029385134714837977	0.015759182130183923	0.028782812597435065	0.013710422530022836	0.031602863469727765	0.028046312831354434	-0.0027645435168169026	-0.07982278354922287	0.027479473104432297	0.0037873195342096686	0.027050846879146183	0.003271985695816956	0.02932074863164917	0.008437845589219256	-0.0031149608179455186	-0.09085403292882331	0.027782282552570117	0.001131671324155793	0.02834523536156634	0.0014157586919614344	0.028833014487238077	0.002521334077246395	-0.0034412344085416567	-0.004336220275030419	0.0013272040157544325	0.0011436548051277117	0.00135406806438756	0.0014298699891509613	0.0013790963380639482	0.0025721548931302404	-0.00016435306149034749	0.5383155693751565	0.6077873274992014	0.660699150403366	0.6325444772581694	0.8276112937654644	0.8467010775793248	0.4354385110320859	0.9999575136988024	0.9999560135595468	0.4378829191640166	0.9999146174698702	0.9999316749064227
cg25339408	2	70124331.0	-0.044943679256196356	0.01952865570262885	0.021650519821402876	0.02033922381723698	0.0274374267534545	0.023995559439705414	0.06586218587146599	-0.0014745636201923737	-0.04994073572407605	0.019698513836738662	0.011447098957046495	0.02042641780478348	0.014727525231751639	0.024296115548067248	0.044118179782744925	-0.0016157154215536962	-0.0667842054217099	0.019274149694960496	0.0005653452812963036	0.02084478485059328	0.0014224820988370515	0.02610527688573865	0.013018743359603383	-0.0020666881583831114	-0.0031921912445711876	0.0009207442006263226	0.0005612196676399862	0.000995421836584128	0.001408001529961347	0.0012464258025823743	0.012924218144077284	-9.874933603925094e-05	0.576072427843196	0.6806106087476145	0.7505989955518031	0.7090065849767057	0.8809932121680348	0.8956127523367542	0.36986309823868946	0.9999575136988024	0.9999560135595468	0.36614582086141695	0.9999146174698702	0.9999316749064227
cg12630596	5	113513459.0	-0.12380794435235892	0.029242493267570013	2.5928303204182207e-05	0.03268054656882172	0.00016417810598024692	0.03535752349972894	0.0008713217987852389	-0.018288387792522107	-0.1100407844555554	0.028940163712897732	0.0001554729880327357	0.03394149467038096	0.0012413160923035195	0.038307073439556714	0.005593221817037104	-0.015970779700123918	-0.1139666109199924	0.02860531889870847	7.543381037646795e-05	0.03557453325296262	0.0014238430396569378	0.03782369104710023	0.003762066634339161	-0.0165906915260655	-0.005446318608168549	0.0013665067098609213	7.497882837896383e-05	0.0017005887171836767	0.001428684733421822	0.0018077131258018792	0.003765070858117795	-0.0007928835435299122	0.07238163004067921	0.20684653899009245	0.33348153340643505	0.3352968820688399	0.7261035430504271	0.8326897594526024	0.19353855960023253	0.9999575136988024	0.9999560135595468	0.19135892213238864	0.9999146174698702	0.9999316749064227
cg26139475	5	151758519.0	-0.08794021558791731	0.0445452816660794	0.048740931305242416	0.03966187727648573	0.026915561892816835	0.03461784865153251	0.01363717480941913	-0.0007808588520170309	-0.08529541617802934	0.04469636027546098	0.05674597194303122	0.03998521383453471	0.03324797383600174	0.03417971679624297	0.015298872539784455	-0.000775545729658933	-0.13945662523384023	0.04302938602696387	0.0012523650633782316	0.043541549321865616	0.0014275502200732078	0.03941620204943207	0.0007774112716603908	-0.0013078296905368355	-0.006658479574502199	0.0020555700009129815	0.0012598411324838403	0.0020791749444403593	0.0014293945470929194	0.0018820454921049474	0.0007777972421551244	-6.238554003191165e-05	0.669000725527447	0.6777644623708886	0.5856875692767773	0.7985148744146494	0.90366880157135	0.8604657951705282	0.44861600659241657	0.9999575136988024	0.9072511944633878	0.45289722302860247	0.9999146174698702	0.8995402887750791
cg16149930	5	491206.0	-0.05613947680870997	0.02022656666299747	0.005653184609176962	0.02059261501492175	0.006561637752429219	0.018178356956565608	0.0030289985802628458	-0.0036365403525516135	-0.06167015219076511	0.0197725201329328	0.0018871141606282892	0.02038005586820112	0.0025663736541061528	0.01824778254705164	0.0012702224625132403	-0.0040161565145162385	-0.057662256236443235	0.016436546925364823	0.00048245490141280193	0.018003488121013565	0.0014275609361079115	0.016152368885227093	0.0007033316935880837	-0.003825919225953118	-0.0027517954864563756	0.000785224351700874	0.0004890864566288636	0.0008595383046022332	0.0014341958899332038	0.000770840812619863	0.0007034037615263833	-0.00018261828652335328	0.4330645392991064	0.5349252353235074	0.4476404280082276	0.5702764657932831	0.8192621662697562	0.7288112796553561	0.36311468581727885	0.9999575136988024	0.8975736820369667	0.36147759424630715	0.9999146174698702	0.8933792079164781
cg25721744	10	101007600.0	-0.03792188429532203	0.011284391185073968	0.0008185915219775401	0.011788775354876192	0.001353983561271069	0.01338652908916785	0.006244480988368454	-0.00647993708047959	-0.028540713952373804	0.010463117324514937	0.006532278996460601	0.011080889068718302	0.010202926211958742	0.012573372394547654	0.02675730778345331	-0.004875546910553661	-0.029414404925402954	0.008493018583819074	0.0005686551976335862	0.009184899913057716	0.0014293369333965454	0.009787028954506288	0.003845337597740942	-0.00502458854913243	-0.0014060778212075238	0.00040576519615300865	0.0005647523796336815	0.00043860516224089043	0.0014132066816626074	0.0004675839858552587	0.0038270768820121478	-0.00024019420434831632	0.2626476195755078	0.37825385893553265	0.5133804060571965	0.6647045328889729	0.8712142145333529	0.8819906978615947	0.36986309823868946	0.9999575136988024	0.9999560135595468	0.36614582086141695	0.9999146174698702	0.9999316749064227
cg20386580	10	103585050.0	0.07393445408037552	0.02201869795815296	0.0008266742079621114	0.023473190609035608	0.0017012624258456082	0.026864333987765696	0.007786387840835629	0.011954212397947781	0.0719291020787996	0.02158828051703606	0.0009067385960744125	0.023255415440774366	0.002057983736113104	0.025775794118216986	0.007013099375183514	0.011652530845329221	0.07881882962499662	0.021606303262376503	0.00028562101613501906	0.024614311183131298	0.0014308987113675197	0.0274326199622586	0.005584171400716807	0.012806496251739522	0.0037740918619593336	0.0010321473973491648	0.00027641228962197134	0.0011755410851832535	0.0013905602439121026	0.0013096402014697434	0.005452042340420897	0.0006132884167139073	0.2628196598742012	0.39714077769380784	0.5332088359629451	0.5014103403480723	0.7941016117646281	0.8424523148494593	0.32171334335694746	0.9999575136988024	0.9999560135595468	0.31604587857323013	0.9999146174698702	0.9999316749064227
cg24706981	14	104170451.0	-0.07474927812220844	0.023127118159145	0.0012843974921793195	0.02196811175611224	0.0007040651200118027	0.01993197227917232	0.00039533634011477395	-0.0024623648443885086	-0.0771529985147999	0.02319556893077674	0.0009250768094900638	0.02202744414498268	0.0004892170931879414	0.01967639467284046	0.00022596437100750463	-0.002566017853480849	-0.06977851292335756	0.02006423804877273	0.0005395143069173525	0.021797297186784217	0.001435346786715259	0.019462622038043872	0.0006700412759497572	-0.0023213947540342353	-0.0033294681041986813	0.0009585269842264277	0.0005479302975901634	0.001040566998168681	0.0014431077885891166	0.0009280751105447752	0.0006653124849968072	-0.00011081096212908097	0.298803958421429	0.32129484181532036	0.26851509218893854	0.5034504947338395	0.6781738446297756	0.5418695401085498	0.36986309823868946	0.9999575136988024	0.8858865304519817	0.36614582086141695	0.9999146174698702	0.8813579595361898
cg24709033	7	27184949.0	-0.06200533916680954	0.01933077023865089	0.0013973206668122628	0.02095372688093875	0.003185335391090108	0.019813427535815067	0.002686097494752796	-0.009795411899894533	-0.05990822365909108	0.018857035235402435	0.0015517814706451087	0.02089445567037564	0.0042624347675627216	0.01956051189573297	0.003261722699029079	-0.009472283591853982	-0.07362053999407296	0.01905730905427122	0.00012322011234441036	0.0230003731914813	0.0014373338874931953	0.02310797674917991	0.0022748249482316073	-0.011606587185478752	-0.003525651623463666	0.0009103824312972795	0.00011856973414757301	0.001099310283143369	0.0014066729635358582	0.0011043393642277282	0.002230771402340748	-0.0005558448919825841	0.30581269189460975	0.4585947483081882	0.4369675281210064	0.5528746512746219	0.8436973753145922	0.821712329070322	0.22589310709478072	0.9999575136988024	0.9999560135595468	0.22436131391470449	0.9999146174698702	0.9999316749064227
cg14409746	2	241725197.0	-0.09466908810259134	0.02333338642461382	5.504629599540126e-05	0.02280005759352926	3.6856472026680696e-05	0.024587676850993202	0.000285365952215549	-0.00910640801088452	-0.06403351580108882	0.01936385032430433	0.0009903195059422995	0.01917136046258566	0.0008807763179780914	0.02127902651190316	0.0038039588221616145	-0.0063311003314401254	-0.05981544927376308	0.0173295457174239	0.0005934573415678632	0.018688676847852904	0.0014383944497292776	0.020637193531403676	0.005204350418721971	-0.005945693912273465	-0.00285634614711426	0.0008278716848326396	0.0005965251766865089	0.00089295054681914	0.0014475201367900616	0.0009870591019227135	0.005272227791199962	-0.0002840107531829829	0.09899511211770387	0.11032699765940257	0.24377690538437152	0.5153003051892842	0.7132152365915807	0.8250227633225801	0.3700565030790091	0.9999575136988024	0.9999560135595468	0.3694248447779572	0.9999146174698702	0.9999316749064227
cg08943045	1	8983860.0	-0.09164206560371645	0.02113036020147939	1.649148761472041e-05	0.02204212262344733	3.6009106102678855e-05	0.02043649852821274	3.292262112673854e-05	-0.01401707587163388	-0.050555480249486834	0.017311739761127407	0.00360622286591735	0.01786247071573325	0.004780581366866194	0.01403181474868118	0.0006336263607226244	-0.007912141676368362	-0.059649550804465344	0.01755248522664191	0.000719527172990308	0.01863689052233065	0.0014384339525698362	0.014741243221326994	0.000148739716462529	-0.009265333985432826	-0.002847618528874269	0.0008386825967242373	0.0007273344143511437	0.0008906356658425254	0.0014548770006049545	0.0007038315281736261	0.00014901935784212035	-0.0004422689819692954	0.06417862371385692	0.11032699765940257	0.11193063632186297	0.6244680498305079	0.8573191498176632	0.6444874654454528	0.39079359721882073	0.9999575136988024	0.6718147713396163	0.39427657462521937	0.9999146174698702	0.6614528042688982
cg25127692	3	185688748.0	0.020104536418165786	0.019461765955634446	0.30193556626444107	0.019969993810852623	0.31439693930547724	0.023236715532643473	0.3903159258776254	0.0014758534382820244	0.03547093208361527	0.01897390641157754	0.06196473783382767	0.018917009695557097	0.06118607980327154	0.021986608109877917	0.11184190181781647	0.0024636149302698644	0.05595730563104368	0.017397342720715456	0.0013626634695178008	0.01748446742627644	0.0014394964778134166	0.018541637387366198	0.00371042929807399	0.0036278421951889996	0.002674217453664757	0.000831164427885134	0.0013579668054304345	0.0008349784746037168	0.0014280480123197608	0.0008849488321609479	0.0036685224198049118	0.00017331344817601466	0.8764468598775534	0.9118265480947588	0.9246974395669086	0.8032496148911249	0.9125651697517301	0.9161191993504224	0.4581928403860516	0.9999575136988024	0.9999560135595468	0.4563614402773356	0.9999146174698702	0.9999316749064227
cg09830059	3	180986571.0	-0.08389931654572985	0.025880170847061866	0.0012419413287139836	0.02679217347591527	0.0018091298282491483	0.024706197237445538	0.0012084167317527078	-0.005616134000720446	-0.09422509799763851	0.026013032278828407	0.00031259111432561655	0.02735763709075415	0.0006059281023549682	0.024284724984341942	0.0002587863619963263	-0.0063135608854382585	-0.08801668199556238	0.02445932869190065	0.00034451877159835805	0.02750318617108174	0.0014403082882502682	0.0237062580896695	0.00044608107638153676	-0.005783946226384016	-0.0042058362954795845	0.0011684544765196445	0.0003432288193994621	0.0013138285071337926	0.0014355412654784181	0.0011338686459613477	0.00045116856086111607	-0.0002764978456745524	0.29664200526105405	0.40117998677728745	0.36752230778055583	0.39957752518343054	0.6908051206401065	0.5592569984820482	0.33555358844329763	0.9999575136988024	0.8062499102281706	0.3325075114433329	0.9999146174698702	0.8111412540488049
cg13622546	9	129640328.0	-0.10651659932935403	0.02849379163671967	0.000199910000164327	0.028831233609708375	0.00023691297778859362	0.025983054748834788	0.00012438501222484892	-0.017073658054553117	-0.05461062738155211	0.016676816946675582	0.0011085696309256657	0.017681701885121404	0.0020887477299697944	0.016246739350074063	0.0013431141877807027	-0.008725380708101731	-0.056520244943404324	0.01659012939405734	0.0006978587044783113	0.017662937155082784	0.0014417903954171759	0.01567308096990613	0.0006270731118221013	-0.009148483348124417	-0.002701324309676049	0.0007925479256634506	0.00069398837060704	0.0008431077325208337	0.0014218613292488046	0.0007486216336024616	0.0006227174405607975	-0.0004372846164631869	0.16539690607255006	0.2249674018530712	0.17952824095476758	0.5232338900454596	0.7941016117646281	0.732708612227003	0.39079359721882073	0.9999575136988024	0.8633623653832845	0.38797748637896173	0.9999146174698702	0.8602915827389807
cg14430943	7	155763958.0	-0.13024326745145895	0.039001258783444216	0.000882342658769704	0.04007341107911721	0.0012068524536491712	0.03761147422667903	0.000982896577955687	-0.007735634690733913	-0.08978823480321274	0.037571119515099574	0.01711284689033878	0.038551186707661604	0.02013140020874709	0.03606639871213531	0.015533587554116168	-0.005112033882356971	-0.12918676371637736	0.03690492921377112	0.0004962390581036456	0.040379371403716474	0.0014447911817285085	0.03618737456200001	0.0007032308011551108	-0.007249665043279215	-0.006183758167199288	0.0017629710223521652	0.00048351563784978954	0.0019280789762903543	0.0014063683534116975	0.0017273873685941777	0.0006816209903319782	-0.0003469760041198173	0.2688639799601344	0.3667400949976916	0.34315675160179504	0.7300377380288987	0.886901237559564	0.8608614691837082	0.3639949864865673	0.9999575136988024	0.8975736820369667	0.3613937401815653	0.9999146174698702	0.8900277075146745
cg09241295	3	192842474.0	-0.0857985866600866	0.03472963656188571	0.013722496360851403	0.0330665296269376	0.00965796949080846	0.03403262848688291	0.014329671017482013	-0.004749130023374685	-0.09966292036551865	0.034229729862522394	0.003707098495281892	0.0322140309660568	0.0020527260918789592	0.03308615528263679	0.0037715223797948737	-0.005728915035695248	-0.09633108014462122	0.029776996059381566	0.001278013836119302	0.030110030260415508	0.0014449084505430052	0.03017594673606485	0.0022322927463833187	-0.005477106687960514	-0.004599444467975284	0.001422533668679961	0.0012859974418610951	0.00143880030773517	0.0014576889305212809	0.0014405669495022111	0.002229067893818339	-0.0002616124298115247	0.5223133538093502	0.5706494838912008	0.5901319791911102	0.6287152361549494	0.7941016117646281	0.8250227633225801	0.45203858290204035	0.9999575136988024	0.9999560135595468	0.45486524263538763	0.9999146174698702	0.9999316749064227
cg07355745	6	27603314.0	0.06816773459975828	0.02720940735465395	0.012452956049095193	0.031629419638238586	0.03147471515305077	0.031493528968686985	0.03434920539642275	0.010502499857475922	0.0789375581043295	0.027271125813389537	0.0039119236640014765	0.03193731155154464	0.01367969015451642	0.031499601848407506	0.014894410747143571	0.012141693754378659	0.10328311792985244	0.027489296376499387	0.00018733105674744181	0.03228434974001624	0.0014455606086309952	0.033646992846449585	0.0031973022878655855	0.015613977213576394	0.004943044479645295	0.0013131850147583089	0.00018230482530632504	0.0015439020075676756	0.0014333340412598084	0.001609686444900533	0.003186189225310127	0.0007472306147964504	0.5135103788388641	0.6961324009600984	0.6827546635456239	0.6325444772581694	0.8774551407386096	0.8604657951705282	0.263676668008756	0.9999575136988024	0.9999560135595468	0.26228713162675743	0.9999146174698702	0.9999316749064227
cg26927634	16	88938450.0	-0.03659701375496151	0.012997070504254239	0.004997901562739488	0.013244067231274333	0.005867559880524579	0.013120729515621586	0.007038377220220698	-0.0047266676764984965	-0.03557255563342883	0.012655111678442308	0.005074197752443867	0.013020770092143584	0.006449656806537562	0.012383117943541737	0.005592156195955559	-0.0046854762280053456	-0.03986589579709272	0.011555268299959998	0.0005969788664805414	0.01246835574561649	0.0014544890646937942	0.011576101977226975	0.0010426091141536643	-0.005243815516958383	-0.0019068194945138202	0.0005520228519770639	0.0005878798633425714	0.0005955103006429607	0.0014316915951903377	0.0005526128705708654	0.0010210930970915712	-0.0002508710344550361	0.42237742649388216	0.5213672331518978	0.5229171947748057	0.6497932208819084	0.8573191498176632	0.8326897594526024	0.3700565030790091	0.9999575136988024	0.9569851361779199	0.3694248447779572	0.9999146174698702	0.956235101380295
cg26558689	6	108961253.0	-0.0734410572559726	0.03626370572453705	0.043213335572581266	0.03604376552449661	0.04195732074514537	0.031333310709331146	0.022359274719496103	-0.005226189529446448	-0.08927368796411918	0.035615936616196525	0.012410372865554655	0.03527563976577219	0.011593914538302405	0.029782636855577214	0.003933537171788787	-0.006466898410981626	-0.08384869369260817	0.024762337139960327	0.0007517420878015701	0.026229879705258988	0.0014578667002420162	0.02752620934721153	0.003421506138271302	-0.005761847437653656	-0.003999990086530252	0.0011829667950446388	0.0007648119825005304	0.0012529498980013904	0.0014790386419530584	0.001315044641213462	0.0034653983322209428	-0.0002748514796953258	0.6563605238052443	0.7256439099801827	0.6371970321071082	0.7136678448128726	0.8712142145333529	0.8250227633225801	0.3950962358965448	0.9999575136988024	0.9999560135595468	0.39571359487366703	0.9999146174698702	0.9999316749064227
cg21384492	2	240998904.0	-0.16463870863350016	0.07162647857891007	0.021812827593004753	0.07397087358037284	0.026339461570525014	0.08404761140865406	0.054703127793045044	-0.003573376124235303	-0.20542558910444847	0.06194313895925045	0.000957754898161459	0.06417610710177599	0.0014298350798840184	0.06290368163964948	0.001793603201733605	-0.005856822693116379	-0.220444892628229	0.06269257357963152	0.0004682224483301909	0.06896769280625667	0.0014595392146298342	0.07085525752485287	0.0028333257035149167	-0.006773727742857857	-0.010535600759134277	0.002996679982478359	0.00046913390972833015	0.0032964974043769085	0.0014612910379295978	0.0033860804943964587	0.002831309115918074	-0.00032444996631421255	0.5773880969958214	0.6753787806898199	0.7297181946933571	0.5113700311269169	0.7447012718268113	0.7690547419510269	0.36311468581727885	0.9999575136988024	0.9999560135595468	0.3611066915644718	0.9999146174698702	0.9999316749064227
cg21826442	4	62070200.0	-0.08140496028210513	0.025502945351745968	0.0014739845173941512	0.02551099119911797	0.0014790578873615245	0.024382520698146934	0.0014390601253143924	-0.004192449071531355	-0.08984336018027779	0.025286359641705437	0.0004056474040112983	0.025126215760205673	0.0003726594593808243	0.02351317459784226	0.00031407939756059944	-0.00470897877253153	-0.07459620841633978	0.02263948202398564	0.0010380827107760978	0.02334602190033423	0.0014650626993860266	0.023632169118426572	0.00248079854616788	-0.0038230104357388286	-0.0035609390001863856	0.001081539373421337	0.0010471572100930631	0.0011155457204349677	0.0014808200477210045	0.0011289064562640886	0.0024971067125755062	-0.00018248698242340493	0.3101059640875035	0.38427982369425906	0.378849187403348	0.4424433438865422	0.6616062015199483	0.5913209338733587	0.4217793499349857	0.9999575136988024	0.9999560135595468	0.42130251651834105	0.9999146174698702	0.9999316749064227
cg20168514	1	171313468.0	-0.034673688416433465	0.02158188851178209	0.10857525658162341	0.022065575502824473	0.11652770817416953	0.025098563762447533	0.17216437512828986	-0.002882158559415814	-0.05420487063356219	0.021212600739021068	0.010813610151567048	0.021582842478963925	0.012240436669154838	0.024109709709471974	0.028184219671888583	-0.005019631876310968	-0.0698734519903993	0.020382415350127286	0.0006463207661598125	0.02186964697250407	0.0014662924446550971	0.023040892063124683	0.0035576025854845423	-0.006902825833245168	-0.0033378430928239027	0.0009740301348669599	0.0006493354154687653	0.0010461230887033822	0.0014880316436228385	0.001101425456305128	0.0035792223737452	-0.0003296082536547778	0.7582076237166043	0.8215666797375718	0.8443705666297898	0.7020621772899013	0.8713447978139436	0.8847519836905731	0.38248488112349033	0.9999575136988024	0.9999560135595468	0.3821825933431912	0.9999146174698702	0.9999316749064227
cg00036732	10	101007750.0	-0.04864513921423271	0.018278628107128114	0.007955977846139484	0.018908558303767142	0.010290105505488905	0.01954364395719663	0.015552366158022577	-0.007524758769788691	-0.047939060018553546	0.01544523266308569	0.001985256841275476	0.01599025233477549	0.002810967702848139	0.018020074826217137	0.009961403178974383	-0.007466479920707897	-0.04890915103428733	0.01385648576848103	0.00044554914192100387	0.015310508852155402	0.0014688669161274424	0.015248564968689829	0.002134252550248819	-0.007639913829847248	-0.0023399670044848744	0.0006621737969350814	0.0004388703165221409	0.0007322277063080304	0.0014628688776380356	0.0007290804022057898	0.002121499278944782	-0.00036541416314510744	0.47017111215574936	0.5766928103815672	0.5998960854385263	0.5702764657932831	0.8236953340844907	0.8476142096688244	0.3599193278402209	0.9999575136988024	0.9999560135595468	0.3596112357220312	0.9999146174698702	0.9999316749064227
cg22025132	6	143450650.0	-0.13461422632739978	0.042710734722627826	0.0016896668779683606	0.043522629045033324	0.002057679108703609	0.04469071302958333	0.0037725429634322665	-0.0022665233413216926	-0.11916131233880262	0.04272742756135879	0.0054288801653839215	0.042691224826163145	0.005389796335108941	0.04544067775597967	0.011012770775975254	-0.001914223689284276	-0.13280074395227875	0.04085654861738575	0.0012121192384645424	0.04157978673923896	0.0014718998363348595	0.044740041149379926	0.004274743326787614	-0.0022824283272023867	-0.0063471252690697295	0.0019518002678806708	0.0012057660947789432	0.0019878600928479517	0.0014765930166067173	0.0021379963091960746	0.004269275891275418	-0.00010901760135325745	0.31813758280794757	0.4098494646851283	0.47003452938703705	0.65262312451612	0.8573191498176632	0.8500055558327552	0.4454050545115412	0.9999575136988024	0.9999560135595468	0.44497379369603157	0.9999146174698702	0.9999316749064227
cg23022783	1	155307923.0	0.08934296295263383	0.039634509588536204	0.02448318768041465	0.036954017784106015	0.015865450604838533	0.03493827234679279	0.013055848836872662	0.0017279575281009228	0.10007317126116463	0.03976464378660412	0.012064310623892908	0.037191680650407094	0.007294709118983325	0.034681235510606416	0.005395542740819715	0.0019744815218193336	0.13241347000492265	0.04046685757654963	0.001124095257023381	0.04147137814893949	0.0014768726308634292	0.042985206134961436	0.0030985020630459976	0.002713190469433987	0.006314387103525647	0.0019332221424098034	0.0011473729009938798	0.0019820479405886905	0.0015130107837782033	0.0020563313691856024	0.003187176108912163	0.0001293886726026598	0.5895009673116531	0.6203146272697213	0.5820299209191796	0.710285734778261	0.8610074049058993	0.8326897594526024	0.4341742847554344	0.9999575136988024	0.9999560135595468	0.43814815564434495	0.9999146174698702	0.9999316749064227
cg14066632	12	101411204.0	-0.06926638175856328	0.02833738771280044	0.014748688030531315	0.029144372675104956	0.01772866012282733	0.030928500047649424	0.02877521781479412	-0.0035192585924948318	-0.09809300663296089	0.026584940678716494	0.00024136080454518618	0.02752405717065022	0.0003894944281515219	0.029105297048850207	0.0013069161402718985	-0.005291196210044872	-0.0843579382485829	0.024424832614289203	0.0005888707040905949	0.02642333731082935	0.001478554095331859	0.02719242068220485	0.0029081367498076435	-0.004253237800244419	-0.004021749653317505	0.0011668105558785191	0.000604030397237881	0.0012618076206574733	0.0015052921598203656	0.001298512732658495	0.0029513090695671715	-0.0002027762767481126	0.5320400943808049	0.6324968102793104	0.66286993368129	0.36876960274152726	0.6711027688105078	0.7288112796553561	0.36986309823868946	0.9999575136988024	0.9999560135595468	0.3694248447779572	0.9999146174698702	0.9999316749064227
cg17530031	2	241726255.0	-0.08909032734999081	0.022231610246028363	6.774451213397938e-05	0.021429554375740553	3.6044539423326105e-05	0.01958122419831072	2.611615862945479e-05	-0.01375762553341482	-0.06781338754031258	0.02050109899763116	0.0009870719961367024	0.02000978567344739	0.0007396575116910889	0.018541549867976324	0.0005328462135646264	-0.010458237391186594	-0.06613418430663506	0.01998036676250817	0.0009849109338206832	0.020721739539769975	0.0014836921612633067	0.01864890192444769	0.0007575963048109997	-0.010227224537805722	-0.003153907293344106	0.0009545168757961911	0.0010050477927636622	0.000990298886315578	0.0015180935937240108	0.0008908044237504417	0.0007714268901743336	-0.0004877834261568199	0.1079599482485377	0.11032699765940257	0.1057527962909172	0.5148839739847975	0.6997202897659299	0.6362450998977291	0.41614877609678635	0.9999575136988024	0.9028127625881509	0.418078426181343	0.9999146174698702	0.8973002611650496
cg17682828	19	35141863.0	0.0837471975196694	0.026886817953576603	0.001913172260818952	0.02767368805302037	0.0025637986479657127	0.02521702972413708	0.001517996867527205	0.009113728786384443	0.07927310549603298	0.026759025753510506	0.0031522414415264023	0.02753611998118966	0.0041092892162708575	0.024477203757687315	0.0019449545574246462	0.008741603601199587	0.05095490738412061	0.014742031868727063	0.0005831952343601381	0.015966984853016567	0.0014850557063603275	0.018313595533642757	0.007172198229283815	0.005589535612970753	0.0024374384259400177	0.0007043326995741073	0.0005743411916973687	0.0007626358679090223	0.0014609293706569781	0.000874980119896053	0.0071068521279524935	0.000267465867672339	0.32765740171622515	0.4383445956072629	0.3828137190119801	0.6086744956354515	0.839186229663918	0.7733639888192736	0.36986309823868946	0.9999575136988024	0.9999560135595468	0.36614582086141695	0.9999146174698702	0.9999316749064227
cg05721377	17	12020588.0	-0.07435215418414523	0.03481028438202672	0.03301989401497572	0.03635154613338132	0.04117941066897859	0.037594644507891524	0.05248151653796839	-0.006468760451311254	-0.08635939062535103	0.03485341483980025	0.013448247280150757	0.03634652146708558	0.017762071310015205	0.03666086167682755	0.021722246285307133	-0.007352074738531384	-0.11055117098683968	0.03161983445274359	0.0005040947370093267	0.034647779024671324	0.001487852280163105	0.034399639101441906	0.002094854421872949	-0.009125582777967796	-0.0052658187182525705	0.0015106119409311685	0.0005236777277972405	0.0016559400289655852	0.0015433084967196896	0.0016439447325197907	0.0021616601661766386	-0.00043499742171995226	0.6246908505015578	0.7249143973720588	0.7273992531194802	0.7180587297479755	0.8858452491193111	0.8722974385443701	0.36633569107871866	0.9999575136988024	0.9999560135595468	0.36614582086141695	0.9999146174698702	0.9999316749064227
cg09507934	7	102432102.0	0.07646113357172056	0.01740448113824944	1.2837200937597598e-05	0.019193221043193133	7.468430804461935e-05	0.0183618017903084	9.986067177315639e-05	0.012627520842588918	0.06068949875849164	0.015734713886044607	0.0001250487054992252	0.017814977924446383	0.000694172344809189	0.017466598535209397	0.0009477190024485667	0.010108406601750964	0.05801882122305925	0.015868997859641614	0.00027686905914920773	0.018183967924113104	0.001488139113081367	0.01826556894218502	0.002339821272701127	0.009727649651883724	0.0027766388171261806	0.0007582202452308082	0.0002706576489661219	0.0008696525837334162	0.001477246465438108	0.0008749930010134495	0.002361169626332119	0.0004655406167031379	0.06113271420145375	0.15115469131612577	0.17055654979896015	0.32868565037722647	0.6997202897659299	0.6842028657216225	0.3183860465045277	0.9999575136988024	0.9999560135595468	0.3130217574898677	0.9999146174698702	0.9999316749064227
cg09308897	16	88843944.0	-0.12004703373655645	0.034109611540874045	0.0004594495970390844	0.03468124195193548	0.0005687853019823617	0.028701808045453057	9.377903531869407e-05	-0.014352626056416776	-0.09862637568082512	0.03185188088599289	0.0020348238963462844	0.032795039460914374	0.002727075993175967	0.024761211138408613	0.00018388684188268324	-0.011921229621736761	-0.10688623646983211	0.030880050021841965	0.0005728745167161069	0.03351010662626809	0.0014931469082729296	0.025749911376134714	0.00010445370577909102	-0.013147612627818286	-0.005105950782588614	0.001475180178112986	0.0005730782584624068	0.0016008539350469816	0.0014939336311910925	0.00122943131110586	0.00010368741259138689	-0.0006280911437014933	0.22084113259308077	0.3019540744735065	0.16642382311449974	0.5729333563930095	0.8235487652046981	0.49649630768414976	0.36986309823868946	0.9999575136988024	0.5766141442324382	0.36614582086141695	0.9999146174698702	0.5635648434047892
cg09804496	7	73436112.0	-0.09616655147068921	0.023101170829798675	3.520897044471371e-05	0.023770327297791754	5.777652016728461e-05	0.023364854635774195	0.00011766630554385134	-0.009305375118601062	-0.08572976551814969	0.02301760559451713	0.00021098230828890435	0.02443582803239396	0.00047888818520028676	0.023897336835680752	0.0006654793141447327	-0.008598471040222556	-0.07877939805471457	0.02223456077099528	0.00042390278343714836	0.0247089355311712	0.001500158038167197	0.025383723511720174	0.002897309214079427	-0.00795215449773303	-0.0037727103095652158	0.0010621318601819626	0.0004100689419554088	0.0011810037224961431	0.0014688045462813795	0.001213380707711193	0.002849444961419326	-0.00038073708477215725	0.08353534527963495	0.1311281052065356	0.17861902643567207	0.3606906845164433	0.6778341116247854	0.6520340767404461	0.3599193278402209	0.9999575136988024	0.9999560135595468	0.35547147764716697	0.9999146174698702	0.9999316749064227
cg02593381	16	68400208.0	-0.05667753599127827	0.01752387941987629	0.0012746942570531835	0.017515135972033996	0.0012676094789548663	0.019705289851954265	0.005536492827948538	-0.009634047775073505	-0.0527424422802958	0.017667662401395078	0.0029294568591115952	0.01807657779146213	0.003635808969452897	0.020772356368790483	0.013681055413761856	-0.008941945977518578	-0.06086997318776198	0.017808936357460024	0.0006705312694581173	0.01909316343117305	0.0015014108480953523	0.02015999567548891	0.003695384990821577	-0.01037761492443937	-0.002906137192591104	0.0008509262701228886	0.0006770503116379082	0.0009130940397732141	0.0015288043978480203	0.0009646067826025945	0.003765648936875562	-0.0004954500072644168	0.2980632917082931	0.3695352703226958	0.5029960861081513	0.603724561848377	0.8276112937654644	0.8600750954995368	0.3840209038157015	0.9999575136988024	0.9999560135595468	0.38565329716058244	0.9999146174698702	0.9999316749064227
cg20389635	12	27967121.0	-0.13639976127394332	0.03569883935569265	0.00014439872665538277	0.04449094366539772	0.0022516001044894404	0.055640811930219164	0.017108600766784023	-0.02117435128098417	-0.1374625962662335	0.03511318803441751	9.905433949589584e-05	0.04432175575161432	0.002000799995283187	0.05326208392318237	0.012276082980458954	-0.021325729832815842	-0.1537485473996143	0.0362944404560764	2.6040823754449853e-05	0.04823010883981441	0.0015026284750804544	0.05558583581838758	0.007499587967402254	-0.023760982952989913	-0.0073524870255227085	0.0017337983078209186	2.5534066067209984e-05	0.00230641451120884	0.001502473579179457	0.002656581169438414	0.007465327863439998	-0.0011362446601239455	0.1488927176932697	0.4207799838852951	0.6089426789072262	0.3084270208012862	0.7941016117646281	0.8543623478239699	0.11978275865678949	0.9999575136988024	0.9999560135595468	0.1174517711918575	0.9999146174698702	0.9999316749064227
cg15993027	7	43444822.0	0.2395072841703587	0.0805648509069171	0.0030482536030328826	0.0804351047239533	0.0030015435183013642	0.08533694233940314	0.006711742727113696	0.011827552772553828	0.2314253187269545	0.08083593339193713	0.004319785341701764	0.08118945512010059	0.004490790617428227	0.08902109188871271	0.011688100853245956	0.011502801819467553	0.2681744104501259	0.08085691922739122	0.0009619993023897205	0.08412550385896647	0.001502745740952354	0.09238153249289364	0.0051396390536298615	0.01329278669360056	0.012818088867834403	0.0038626692940974	0.0009559253242091409	0.00401153189132788	0.0014647258284814692	0.004412009808780099	0.005105620824973043	0.0006359705786031847	0.3743571717829064	0.4514952768370796	0.5193582965358581	0.638286977197335	0.8529426514864659	0.8525469939440312	0.41574477347695715	0.9999575136988024	0.9999560135595468	0.4142851397316367	0.9999146174698702	0.9999316749064227
cg08428486	7	140752481.0	-0.09700499495817956	0.025144960467484864	0.00012458292342212176	0.027010197324891967	0.0003510737627770189	0.03010040528701838	0.002039607336937232	-0.006568646078601685	-0.0882144536587345	0.024700498653201612	0.00037875009220001186	0.026284260732975847	0.0008317856290365763	0.03098130838770433	0.005999172375902058	-0.006165686971023253	-0.08692598281229567	0.024836332045002275	0.0004972927488528208	0.027271632695966757	0.0015046687024958558	0.031231095566195455	0.007153411764724184	-0.00610976047914742	-0.004140679184525875	0.001186543788134952	0.0005163995087324926	0.0013030407512501516	0.001555158863031543	0.0014918826847737398	0.007308044081573345	-0.00029116991136682476	0.14125784171310005	0.252171852959578	0.4141103296993133	0.42944425370027284	0.7095480377215632	0.8327074494797064	0.3639949864865673	0.9999575136988024	0.9999560135595468	0.36614582086141695	0.9999146174698702	0.9999316749064227
cg16529563	19	49057027.0	0.09816310987078068	0.03101682447084339	0.0016165810541355493	0.0335608570566627	0.0035528977597980367	0.031251834291501135	0.0025965163803610726	0.00752240521889248	0.11080829417331597	0.031041346587505497	0.0003811205209140028	0.03352928539999618	0.0009974368439609623	0.03338516777104803	0.0015270789999627724	0.00825302725697306	0.10541425501716484	0.028896444060090298	0.00028557138515645754	0.03307425134478413	0.001505764707480513	0.03318985295434929	0.002341928254672313	0.007921705825662281	0.005036750059987722	0.0013804511708163196	0.0002848916432517089	0.0015802582580282836	0.0015052754386115374	0.0015848076667416959	0.0023278134703064476	0.0003786070786161996	0.3155008745518186	0.46854970402284196	0.4347336873911545	0.42976581258729407	0.7152483846604266	0.7443188091366505	0.32171334335694746	0.9999575136988024	0.9999560135595468	0.31944402778492104	0.9999146174698702	0.9999316749064227
cg22555517	17	2883701.0	-0.04941809023207124	0.016201700813503167	0.0023703881160405445	0.016574347136968464	0.0029635143717543807	0.019173243694999897	0.012385934239398325	-0.008181696287632026	-0.04339573479509488	0.01560858632723235	0.005573582453504447	0.015856365480108395	0.006356958901182034	0.019321081927574597	0.02833468825864193	-0.007243053690847224	-0.05072887825654303	0.014113227582268456	0.00034984166108885736	0.015917308576376694	0.0015066562370353114	0.01777931616972737	0.005901829177958763	-0.008408842667899524	-0.0024317258581438286	0.0006742076900827879	0.0003339007460185549	0.0007605369709328468	0.0014544181706751603	0.0008494793426898935	0.005750675652035806	-0.0004030262499753231	0.34873982892077815	0.449760417210116	0.5810939577340201	0.6573372701041549	0.8573191498176632	0.8847519836905731	0.33598383932484455	0.9999575136988024	0.9999560135595468	0.3296520626234846	0.9999146174698702	0.9999316749064227
cg07833435	4	591710.0	-0.10769600414741731	0.030909093623122722	0.0005231151073439853	0.031187369291159114	0.000586168874457753	0.029439563300800706	0.0005314316325079672	-0.004060265170778274	-0.11142147674571988	0.031124431640010053	0.0003668386639455789	0.0316020213769702	0.0004489909270243048	0.03071520925459697	0.0005859431081748621	-0.004164288964860788	-0.10922030754388727	0.030725292050731483	0.0004059323981910217	0.034270356006778586	0.0015066880074317516	0.033238445753254936	0.001687712815767663	-0.004079523973522214	-0.00522531199455899	0.0014677524601996617	0.00039792130273411217	0.0016373607638092982	0.0014848793246515703	0.0015861492914347375	0.0016456581604695675	-0.00019524758723604783	0.22930844615103924	0.3053683339892312	0.2918856166571501	0.4230485894811489	0.6778341116247854	0.6398553132680356	0.3548910020236638	0.9999575136988024	0.9999560135595468	0.3540039091969717	0.9999146174698702	0.9999316749064227
cg19120897	18	5546795.0	-0.06582603155751349	0.020912671788541826	0.001713234635887701	0.02180842495373709	0.002630411250598811	0.020747996291410324	0.0023659238801497047	-0.009482624133619437	-0.06634670591231295	0.020499685374498592	0.001265561713302243	0.022110840969432062	0.002787163018112596	0.020645623886213466	0.002095688974330034	-0.009488834620048552	-0.07384387003445529	0.021233292029342765	0.0005395447033546513	0.023172166793995305	0.0015080799518685836	0.022265057555730074	0.0015387102670214807	-0.010725584719292192	-0.003537024171745067	0.0010142907407922278	0.000521175889494055	0.0011079337762861447	0.0014790751240689297	0.0010657625261395656	0.0015285328778079084	-0.0005138697558548398	0.3190567338993269	0.439296544124924	0.42738857971789185	0.5336227781204393	0.8235487652046981	0.7847356800150176	0.36986309823868946	0.9999575136988024	0.9999560135595468	0.36614582086141695	0.9999146174698702	0.9999316749064227
cg05056288	2	30450769.0	-0.0960021945426281	0.03501376237692594	0.006260204963427586	0.034847264606778304	0.006017503928645356	0.0362211228162493	0.010225444658039338	-0.0021653353866457094	-0.10226461375462653	0.03518669417889226	0.0037690839912405583	0.035724807173582285	0.004324311488012453	0.037677519546226126	0.008625841577885995	-0.002333463880762772	-0.11618563412632338	0.034866527959560224	0.0009103820549353447	0.03647184091422373	0.0015138530712814448	0.03693230612698493	0.002559647455319174	-0.002648868955111336	-0.005558310210292778	0.0016655953313651304	0.0008949595566141597	0.001742183017723364	0.0014893029885764126	0.0017648827606621816	0.002533576302659149	-0.00012668586171518767	0.44437271568239395	0.5238384117044554	0.559164581651181	0.6312209868540865	0.8484768672089893	0.8467010775793248	0.4134612970550654	0.9999575136988024	0.9999560135595468	0.41038945671118515	0.9999146174698702	0.9999316749064227
cg14537856	12	104756985.0	0.030272933578198838	0.02410933702809862	0.20964674542955633	0.022947024771117812	0.1875010004311429	0.023496657107501446	0.20247463053863732	0.0009791876244259826	0.029798047902690597	0.024194375870105794	0.21849671005364016	0.022855564378944593	0.19273394426147958	0.024556905990352925	0.22964376485825602	0.0009512300696515664	0.0611803781048299	0.018507080353304676	0.0009994573780159263	0.01920723307007642	0.0015156445820298178	0.019413795751806705	0.0025187791040771628	0.0020684862363413766	0.002923844941059509	0.0008841045041413646	0.0009947555264305412	0.0009174910807745951	0.0015079036110940672	0.0009269926012164999	0.0024986276220463808	9.881834496867914e-05	0.8333695994692418	0.865588984709925	0.8600158265551858	0.8814637697421623	0.9331819026844388	0.9374560162599463	0.41793735107998004	0.9999575136988024	0.9999560135595468	0.4168324288355422	0.9999146174698702	0.9999316749064227
cg10121294	1	26190017.0	-0.09386916394050945	0.029781617691072623	0.001688807703122228	0.029701556240199562	0.0016409779384574132	0.024084919540783532	0.0002443522343661916	-0.008138353005197519	-0.06508186548233895	0.028486723546692	0.02262412911043404	0.027935599907173366	0.02009703817153305	0.023105249115855032	0.006527259992001019	-0.00604689833170932	-0.05596737263494762	0.01686687822529524	0.0009568394979220075	0.017571084509266973	0.0015160605401691465	0.015126860068316246	0.0004650323386006119	-0.004994885857545123	-0.0026642709973136395	0.0008058459694158333	0.0009980670820417784	0.0008399839159584574	0.0015865634672060775	0.0007231598438500611	0.0004890030690584599	-0.00023806744876103453	0.31813758280794757	0.3951457304358162	0.2327285423140003	0.7480732790082492	0.8864283787706008	0.836144898118913	0.41574477347695715	0.9999575136988024	0.8106217262010138	0.4177875777353849	0.9999146174698702	0.8241313741191877
cg01504447	13	30467084.0	-0.12252249813349121	0.041582639950752565	0.0033171844832395837	0.04351965134452076	0.00500486164393611	0.03822893754443991	0.0021500997152015793	-0.012375871080928469	-0.06393810586717312	0.027729709450132083	0.021407248686826995	0.029390516772987648	0.029919730239295905	0.02704966631943609	0.021293032266559334	-0.0063390117481299645	-0.08628550360252356	0.026252963975542075	0.0010685119318058769	0.027090046088154678	0.0015163729163495028	0.023754418941331776	0.0005770074411626573	-0.00857168997634631	-0.004114324770552983	0.0012542288299010101	0.0010923869579935591	0.001294927557114566	0.0015574971659924994	0.0011364242913894584	0.0005994187715652819	-0.0004086269336931097	0.3818941657221753	0.5033168593148848	0.421438531831353	0.7448251077495209	0.90366880157135	0.8707662023137236	0.4261236111252988	0.9999575136988024	0.8360103326260463	0.4281007874301765	0.9999146174698702	0.8395658429429395
ch.7.54221757R	7	54186570.0	-0.09454664435431855	0.045792384856620745	0.039308318413521476	0.04592890626210948	0.03989480324735455	0.041630649077688014	0.026683444138720383	-0.0011052737360507533	-0.10034932601586555	0.04625631302924097	0.030377359636433267	0.0471839691388489	0.033778853455200895	0.042952831183783985	0.022779468250349107	-0.0011297467151715887	-0.1380391639556879	0.0442053584903934	0.001872086984850404	0.04334180469659407	0.0015176128723675595	0.04090882693650221	0.0012909141264913038	-0.0017103082862682697	-0.006580014751689249	0.0021118078389072733	0.0019155103899440972	0.0020709507109908463	0.001557342166785035	0.001956294806383168	0.0013342113802030035	-8.145911964645788e-05	0.6451326019940813	0.7219779014598448	0.6556974717570395	0.7658722329738326	0.90366880157135	0.8759774301850706	0.4942995158866696	0.9999575136988024	0.9999560135595468	0.4945263687407509	0.9999146174698702	0.9999316749064227
cg09591072	3	184583680.0	-0.20893363313451419	0.07614255754084583	0.0062200024506372485	0.07551717723335499	0.005806880521354363	0.08011697352815104	0.011440044042160792	-0.0035666462443326337	-0.1998728630197052	0.07299393398522448	0.0063300541457705015	0.07276632908936811	0.006168801539090304	0.08048213593133179	0.01577595823006686	-0.0035594527825719806	-0.23312525993612299	0.07346279376915452	0.001578157823506495	0.073213954616048	0.0015213972518363847	0.07818768433155664	0.004115808685115579	-0.003933282330714556	-0.011119875881571603	0.003509939154763945	0.0016065852816549843	0.0034994410916376084	0.0015556353691766342	0.0037382042251148393	0.004197984146297622	-0.00018780513221535174	0.4440478398547261	0.5196872635626355	0.571695721915799	0.6631206799398087	0.8573191498176632	0.8615909685990398	0.4749527570798732	0.9999575136988024	0.9999560135595468	0.4765571455514072	0.9999146174698702	0.9999316749064227
cg20360273	2	69829579.0	-0.07069571743802952	0.04796733412236169	0.14096129656618397	0.04859356614880698	0.14614720340293352	0.047357090028626	0.14063814486195658	-0.0010560934361179017	-0.06561359408567032	0.04808813745263868	0.17285401167256847	0.04931476284872967	0.18377280291953452	0.04830885974177613	0.1793992878072379	-0.0008395970962303909	-0.09452253866299931	0.026026555708964838	0.00030376079052934	0.029685748737892495	0.0015217044650209107	0.03394585779688641	0.007130144341997753	-0.001366051639741045	-0.004495539389066918	0.001243436265013608	0.00032319084446080147	0.001418001510348812	0.0015945268138186305	0.0016209293624874707	0.007348748742364358	-6.500201046370186e-05	0.787608166293361	0.842069159981414	0.8259545361581186	0.8646506038095889	0.9315374794851125	0.9294142003392891	0.3261464299014266	0.9999575136988024	0.9999560135595468	0.3265909238923665	0.9999146174698702	0.9999316749064227
cg07016511	1	31729859.0	-0.07108400490925518	0.027262404778714684	0.00931090465424877	0.02752403334486002	0.010000336895577194	0.024241016496859405	0.00473122344366844	-0.0037481093758998767	-0.08046340526360363	0.0269560753858288	0.0029320193657589254	0.027551938455955778	0.003604783395914928	0.024006649255061817	0.001383049529934088	-0.004242355343720586	-0.0750933957359534	0.02301213584137977	0.0011595556770871529	0.023587671916686592	0.0015243891001320952	0.02286341445463693	0.0016954954587883808	-0.0038753151362595026	-0.003580878978711656	0.001099397451597922	0.0011842663947245306	0.0011265645168149045	0.001550528970862427	0.0010910371536628537	0.0017075172701405451	-0.00018488743594404584	0.48681354545384986	0.5743286531886515	0.4879283615792209	0.603724561848377	0.8276112937654644	0.7361268569582715	0.4392667416867437	0.9999575136988024	0.9999560135595468	0.44268380671955593	0.9999146174698702	0.9999316749064227
cg23072629	2	238286896.0	-0.09042585710244143	0.02318020519429828	0.00010470666609650914	0.023041885093843948	9.521847160358279e-05	0.02059521913896943	4.571502614966281e-05	-0.012378970633702791	-0.049843011376986476	0.014663284005069622	0.0007131390632332788	0.015136173385458699	0.0010397753201262276	0.013725779431417973	0.0005789478341530203	-0.006809265459663005	-0.0502496685634716	0.014458736505141961	0.0005442168314911637	0.015788406845457917	0.0015290219774131853	0.014105107586727205	0.0007198756355729859	-0.006912601350689902	-0.0024077377426483266	0.0006907342219050525	0.0005239057329634811	0.0007542881480687727	0.0014810152716415986	0.000673977120755706	0.0006977260416243455	-0.00033122370239683	0.12923580321098346	0.1711711534971668	0.12521311248495146	0.4922296646046067	0.7152483846604266	0.6398553132680356	0.36986309823868946	0.9999575136988024	0.8975736820369667	0.36614582086141695	0.9999146174698702	0.8933792079164781
cg16098726	3	129059895.0	0.04109077675823595	0.01893565087888049	0.030329223935799586	0.0185523265460203	0.027079939591911153	0.01971514214470482	0.041334902416833255	0.005287713130439475	0.03923179489144961	0.016270749299938103	0.016150156352093863	0.016008316338054374	0.014494167435125327	0.016988861361978684	0.024330395623729968	0.005020934837218513	0.05025611199352708	0.01425397595797095	0.00045208994867323575	0.01579115984789067	0.0015297853517202641	0.01737401348703391	0.005289817691298858	0.00644328928130355	0.002398559766805493	0.0006809806740447345	0.00045806576308254676	0.0007546070346156651	0.0015506785138229983	0.0008302172095921906	0.0053421833684467145	0.0003076268648261193	0.6166916318862024	0.6785160894956835	0.7022963554242633	0.7275498430960621	0.8797934145578559	0.8768569685799025	0.3599193278402209	0.9999575136988024	0.9999560135595468	0.3611066915644718	0.9999146174698702	0.9999316749064227
cg20778199	6	147699745.0	-0.0837994802598983	0.029589666472355426	0.0047533053729164705	0.030361643612165846	0.005925300389606135	0.03258255659622796	0.012565675304234093	-0.01228290652374991	-0.09861625744326122	0.026408276707858495	0.0002031143165580886	0.027161360238174993	0.00030262019593114406	0.02825526776952327	0.0009028696129475484	-0.014380041820720538	-0.09505975133928772	0.026961323805485108	0.0004520546497859523	0.02988796698577432	0.0015402782778836514	0.026775023837325263	0.0007480473488864008	-0.014052249796324374	-0.0045424133586641924	0.0012885740910939438	0.0004531187836846772	0.0014294405848074864	0.0015548900395346275	0.001280482298457598	0.000754873383681567	-0.0006717471222041125	0.41752329478381034	0.5217594971115854	0.5810939577340201	0.3574661843449251	0.6112860958550336	0.675132990640565	0.3599193278402209	0.9999575136988024	0.8975736820369667	0.3611066915644718	0.9999146174698702	0.8973002611650496
cg24954967	3	46089366.0	-0.07939980134283038	0.026030545398928386	0.002369797271487589	0.025836508050799192	0.00219738758414822	0.0244803265498617	0.001917481371502825	-0.009581278785806299	-0.07885687007405486	0.022928296490628983	0.0006168555841494542	0.021939733124672185	0.00034750539386657603	0.024554811482083053	0.0021090199219839876	-0.009759964429513017	-0.07444584956862779	0.022363437246271194	0.0009213383218753479	0.023411588044912578	0.0015437570333088717	0.02641792853022167	0.006504899275382682	-0.009251174307875998	-0.0035696391382066647	0.0010683014217711426	0.0008814936506375827	0.0011191324341304158	0.0014932643228071072	0.001263312532108342	0.006370017120015653	-0.0004435079868270926	0.34873982892077815	0.4189661509534946	0.408569617144881	0.47703705721750767	0.6423026294314805	0.7868160470787507	0.4134612970550654	0.9999575136988024	0.9999560135595468	0.4099232598499769	0.9999146174698702	0.9999316749064227
cg14359798	11	10310505.0	-0.05638602787485185	0.02646014699553343	0.03342667894384163	0.025314360292530858	0.026224599232430073	0.02106554579831126	0.009536748968080431	-0.0029540749839616354	-0.07491331611638198	0.024198987145969037	0.002039470898594593	0.02335732527669031	0.0013992923546969438	0.021745016732510117	0.0010385245002843854	-0.004311808477919835	-0.07646860192913835	0.02317531489327745	0.001021460628697059	0.02404902623492929	0.001544677386867012	0.024091657029704346	0.002355998065205463	-0.004446415526609147	-0.003640232534185474	0.001107181660613488	0.0010642624283696035	0.0011489443329323582	0.0016054033524035927	0.0011508059044904304	0.002432711002879387	-0.0002117453278611285	0.6253454199403917	0.6745859566756452	0.5515363330592078	0.573293853295705	0.7447012718268113	0.7018133280038732	0.4210905663003513	0.9999575136988024	0.9999560135595468	0.42470069838725455	0.9999146174698702	0.9999316749064227
cg07880244	16	49749611.0	-0.12765219608214723	0.03467142703366449	0.00024882110454949025	0.034291460331383194	0.00021249126514239435	0.03614695716811535	0.0007936060462287803	-0.004884390600264736	-0.11653097732698044	0.03487910635939727	0.0008778594687394931	0.034011252130210924	0.0006467265118215544	0.03501817477044705	0.001487612412373375	-0.004452254126752689	-0.08667178272372279	0.02582411316130934	0.0008363563737921745	0.027265405587920996	0.0015492887858395007	0.027551166785923408	0.002560097846690106	-0.0032242875476565097	-0.004136549968997518	0.0012337178572712027	0.0008462795882116701	0.0013026820615858591	0.0015673190834428077	0.0013153821744886914	0.0025683531545293305	-0.00015399655594130264	0.18279229249157225	0.2188039643548623	0.3254693375994168	0.4995320990494329	0.6988239588563162	0.7395670397022769	0.40745755385898297	0.9999575136988024	0.9999560135595468	0.40991393384164243	0.9999146174698702	0.9999316749064227
cg03358636	3	197747135.0	-0.11332789936671253	0.02677860455961133	2.6132262739011754e-05	0.026883255202984773	2.8065541605218068e-05	0.026096133682257418	5.401596137178711e-05	-0.01453304458846736	-0.08909737408250584	0.022966662808231685	0.00011430080922933273	0.023402494813823456	0.00015253446375992086	0.02117375187735041	8.598989445184848e-05	-0.011941307511300733	-0.07904006501938682	0.022681256493101598	0.0005257291497524491	0.024867077634930405	0.001550954352414466	0.023739156822771845	0.001479538445709311	-0.010596864597733603	-0.0037751306695466783	0.0010836000502543021	0.0005275452483785899	0.0011888806433599229	0.001567556669537607	0.0011361093255312217	0.0015097349420612831	-0.0005061364172594123	0.07245134046770818	0.10143262613915165	0.12698917064563983	0.32329633735325386	0.5556138735200101	0.39705172750179496	0.3669072800418028	0.9999575136988024	0.9999560135595468	0.36614582086141695	0.9999146174698702	0.9999316749064227
cg12087303	6	31886652.0	-0.058386138413163126	0.01674118797939715	0.000516822474632878	0.01740575950611328	0.0008367065533820985	0.01654620814756963	0.000800615962978095	-0.005395492362690166	-0.050881030125468754	0.016577889995644003	0.0022268506103854187	0.017182722273193028	0.003165486290890645	0.01585535975844537	0.0021240393540974786	-0.0047362005301651	-0.05261688973321459	0.015114832595057604	0.0005328617467460192	0.01655536493031669	0.0015523473395321569	0.015452393469250668	0.0011747144308950736	-0.004857257035738929	-0.002513467466077762	0.0007220422186403887	0.0005330363631603386	0.0007902742745162933	0.0015404651531055723	0.0007379100200528111	0.001170746486507631	-0.00023211785455880653	0.2291504009477298	0.32850105605981184	0.3268345482139547	0.5830473936763525	0.8276112937654644	0.7891954515362938	0.36986309823868946	0.9999575136988024	0.9905930636798045	0.36614582086141695	0.9999146174698702	0.9924799713815092
cg14699903	3	48563794.0	-0.03888962733428917	0.01499544132147139	0.009694103776689866	0.015288338052829914	0.011173616024721654	0.014251069084536841	0.008291513432073698	-0.005703458250534851	-0.0417880942356257	0.012857422889448245	0.0012072378444259169	0.012834550817524269	0.001183232708177484	0.011538635940554098	0.0005971996408087425	-0.0061964624942238335	-0.036405179533320155	0.011092556200729504	0.0010863673893116942	0.011458456367931805	0.0015581175480221818	0.010552809292097025	0.0010234427874582304	-0.0053741765825603156	-0.0017414757743219778	0.0005300916624359283	0.0010739742029937205	0.0005477877392334968	0.001547773453957149	0.000504620293476098	0.001019483963045545	-0.00025707767792240797	0.4898886902671478	0.5845309898800884	0.539947479746591	0.5284679729626925	0.723123937957146	0.6398553132680356	0.427163610212527	0.9999575136988024	0.9504452336097909	0.42560375301092296	0.9999146174698702	0.956235101380295
cg01575601	11	130529005.0	-0.06464871551616728	0.025744297279957716	0.01224903162921328	0.026305569121667743	0.014219689253239487	0.02674129618161819	0.018628192665813798	-0.007708603731883656	-0.0704036043186507	0.021115048124146833	0.0008989835621422631	0.02131196493292008	0.001002155586950807	0.02265986310991527	0.0028684605763831853	-0.008536476489371852	-0.070470351333777	0.020766329585690937	0.000732193851696339	0.0221823000797143	0.001559557574643717	0.02336881958710767	0.003735548006021526	-0.00870759304302712	-0.0033640329116347454	0.000992418855603693	0.0007421302644636442	0.0010603839509329954	0.0015830447619619625	0.0011172250119869062	0.003784096944906084	-0.00041587655422825864	0.511523756315675	0.6105815023317157	0.6173833794164233	0.4995320990494329	0.7152483846604266	0.8163415783783448	0.3909952956399737	0.9999575136988024	0.9999560135595468	0.39439722483875084	0.9999146174698702	0.9999316749064227
cg23614229	17	50561233.0	-0.01720994559050179	0.02291694904615569	0.45291426931802437	0.022686486744772846	0.44833902298802497	0.020872182126466875	0.4128455097603204	-0.0011084265011247173	-0.02886841677349134	0.022887356712201105	0.20759994835216147	0.022924844419420963	0.20834330336456716	0.02054715699523776	0.1650984049082003	-0.0017214631781391082	-0.05357082892687932	0.01578780913672682	0.0007330190507920124	0.016869378916499353	0.0015661750375287038	0.016264887355662557	0.0016490809888789165	-0.0031148995908893105	-0.0025517487150148533	0.0007542569404289108	0.0007598806723414596	0.000805737809002694	0.0016127944897559709	0.0007773909616561796	0.0017056422716121246	-0.00014839050344311755	0.9195860608940879	0.9393235472845489	0.9292131860119013	0.8779495744104735	0.9364018188351435	0.9280745573775125	0.3909952956399737	0.9999575136988024	0.9999560135595468	0.39478197229730244	0.9999146174698702	0.9999316749064227
cg07342845	20	61980535.0	0.06398357145914957	0.029926204558157452	0.032846818165665405	0.029538403757786057	0.03062765087576275	0.030934847873055303	0.04285541351509169	0.0013661884183329073	0.07809809217591646	0.03002679991980331	0.009487544049127054	0.03025354855794818	0.010035157008327973	0.03268253338639087	0.019972713652132632	0.0017357363710132304	0.09991052752303657	0.029375202328311048	0.0007122432593369596	0.03147007328925342	0.0015706794825546934	0.03364338902995127	0.0042575799468374115	0.0023184419314752087	0.004777972283154726	0.0014032727171802597	0.0007028522816313448	0.0015037394078895646	0.0015568030559130217	0.0016097496421298443	0.0042763053019588	0.00011084594876127867	0.6241941394961873	0.6932810912935453	0.7076134141904695	0.686848017709533	0.8712142145333529	0.8643453398260502	0.39079359721882073	0.9999575136988024	0.9999560135595468	0.3913379024973599	0.9999146174698702	0.9999316749064227
cg13424229	3	148864050.0	0.027248667781517875	0.022797504159350532	0.2323810299403018	0.023053159169697458	0.23759609413734012	0.025796300254259698	0.2949960876602751	0.002907857883323109	0.05984316195749455	0.020234723021195552	0.0032035128118482865	0.02099773167227812	0.00449712521871122	0.021490764610308005	0.007128387910267727	0.006556942944754885	0.06931822730656509	0.0196412937558255	0.0004463508088773665	0.02183903345663219	0.0015745578663987532	0.020500056393991932	0.0012633602586754832	0.007602185254026849	0.003312835892320078	0.0009384012880645621	0.000444552565068842	0.0010430995334482942	0.0015644310685732539	0.0009795194334306682	0.0012605194660717314	0.0003634836572287748	0.845944037825849	0.8855185981127087	0.8985572344548106	0.6086744956354515	0.8529426514864659	0.8427132720449478	0.3599193278402209	0.9999575136988024	0.9999560135595468	0.3598946418925221	0.9999146174698702	0.9999316749064227
cg15810326	4	147683976.0	-0.13512044194476927	0.054833182029601975	0.013962542348161678	0.05430838663844697	0.013069133050499015	0.05028954513388815	0.009281851253670832	-0.002986833249375879	-0.12674839562039505	0.055073733530842085	0.021651982197604964	0.05515468594125147	0.021844553898824382	0.05326028593072023	0.02046433100640422	-0.0025126898492351863	-0.15576712900061085	0.047761687298971525	0.0011670961354125857	0.04908590756763307	0.0015782713495591032	0.04531766182348981	0.0010640288866719987	-0.003738797942581564	-0.007425081561630126	0.002281744372875486	0.0011966535691578367	0.0023446731263495092	0.0016137996966685963	0.0021653286827162787	0.0010911274055892184	-0.00017798384823913363	0.5239150921730753	0.6031492315498697	0.5487272668343275	0.7448251077495209	0.8925382390686024	0.8665079293105578	0.4398702746561571	0.9999575136988024	0.9643028436802851	0.44357602718353173	0.9999146174698702	0.9757317755105562
cg07480373	2	216009563.0	-0.06873374947298092	0.026538887116540025	0.009792403934226208	0.02600140363498096	0.008383588391167365	0.02526671910241722	0.008485035136869537	-0.0034799797403303467	-0.07408298131170864	0.02651122431728159	0.005337907533770846	0.02622506207926028	0.0048605278630104365	0.027545700819729527	0.009217413371736323	-0.0037445360094172813	-0.06554023375761396	0.01893182723388753	0.000571682334573052	0.02065807434038682	0.0015822192290786445	0.019335757448489903	0.0012319610766709382	-0.003304273756292041	-0.0031326201453329783	0.0009046236333527166	0.0005696186259340908	0.000986834484149129	0.0015726311992985962	0.0009236524473332147	0.0012245453417713088	-0.0001579914891796432	0.4912418530381957	0.5607202999662929	0.5407643738618098	0.6517572236629199	0.8573191498176632	0.8467010775793248	0.36986309823868946	0.9999575136988024	0.9999560135595468	0.36614582086141695	0.9999146174698702	0.9999316749064227
cg02117764	3	129571100.0	-0.0495563106566715	0.014220791386159753	0.0005221615504220376	0.014365617472021263	0.0005937944648886746	0.01370244449565774	0.0006067131218084916	-0.006673481455841065	-0.04324750961745454	0.013551357573685887	0.001477457348919955	0.013966748943447377	0.00203444799233515	0.013663338637001239	0.0024182775058482703	-0.005894741690895271	-0.0454469408808609	0.012977661498943943	0.0004936740887892529	0.01432782071439171	0.0015858922955362675	0.014099565659225047	0.002036132287950986	-0.006184145418548082	-0.00218226135816734	0.0006199244043049524	0.00046148253990955834	0.0006838814274855638	0.0014864375090676161	0.0006725524082972253	0.0019098584007267011	-0.0002969058439700782	0.22930844615103924	0.30815116010388766	0.299333634264448	0.5476255872791208	0.7941016117646281	0.8027541769115134	0.363990671552605	0.9999575136988024	0.9999560135595468	0.3611066915644718	0.9999146174698702	0.9999316749064227
cg17860747	19	42225541.0	-0.1575999141063016	0.04058974002067944	0.00011271027748952536	0.041626929132039185	0.00016575335847901986	0.037271143119365184	8.013907506743015e-05	-0.005877142714939564	-0.12733886804573272	0.03882699033723471	0.0010893785978858563	0.039105880376229286	0.0011817858075689883	0.03453126705119526	0.0004836506317553367	-0.004641223157627614	-0.11682339493110044	0.034776632913306814	0.0008274397514279598	0.03683435286863177	0.0015877677064560967	0.03236981536306188	0.0006214840147192355	-0.004402761332030105	-0.0055871187999933045	0.0016613013687283953	0.0008161885272726195	0.001759046731511876	0.0015630200538179248	0.001542786091129406	0.000597451306303642	-0.00021066309244477009	0.13418589486188984	0.20684653899009245	0.15595641934144028	0.5232338900454596	0.723123937957146	0.6215033449962554	0.40592423732599225	0.9999575136988024	0.8633623653832845	0.4021354282583072	0.9999146174698702	0.8395658429429395
cg00766220	5	73303038.0	0.08214305082573636	0.01862487651350319	1.1882805094253675e-05	0.020101318197488702	4.869352992448547e-05	0.023345320617007198	0.0008262376874249374	0.013752662188731555	0.08343878971748471	0.018853126378023874	1.1100747906371431e-05	0.020932743582581292	7.403344447482904e-05	0.024536569418945293	0.001191086616202288	0.013988459967479877	0.07216929312572092	0.019565844301215277	0.00024450643376491957	0.022755019516302193	0.0015878282107830747	0.026754920314945183	0.009023127242243092	0.012172004423137678	0.0034547102913533843	0.000934707789028434	0.00023754671289543037	0.0010878516038965852	0.0015656814103804902	0.001280064247410774	0.008988506955024282	0.0005826895898473207	0.060885537904649185	0.12018483611843292	0.33047336091503	0.1413252018175815	0.4343964384467577	0.7191649799361354	0.3054692832674859	0.9999575136988024	0.9999560135595468	0.3023738084463867	0.9999146174698702	0.9999316749064227
cg21251785	9	70869491.0	0.11204815635541987	0.03438679347558831	0.0011724023017844333	0.03562170041197387	0.001725760747133021	0.04119679008169442	0.00849646216438936	0.00492304620387362	0.10630715713102054	0.03393180425738922	0.0018006500166727454	0.03524760539011715	0.002651386416863064	0.041452349614361395	0.012807848954960666	0.004671402663746367	0.12059457072282395	0.03376467872032744	0.0003811121243368031	0.03803148537995938	0.0015913993662338359	0.04335457041084144	0.007187197086269984	0.00550409901064022	0.0057507304425359965	0.001613097571965642	0.0003906346496123698	0.0018159042701132448	0.0016133560105018325	0.0020709793782698357	0.007281319454116692	0.00026244812577456197	0.2925260068280049	0.3991960943973707	0.5407643738618098	0.5699281448849643	0.8223114149954608	0.8575829943388813	0.3451078529336268	0.9999575136988024	0.9999560135595468	0.3518073629688636	0.9999146174698702	0.9999316749064227
cg26608667	7	1156734.0	-0.08284257775057827	0.02516543244646153	0.0010432801496361504	0.025888921433095957	0.0014345243671095484	0.025973035902033797	0.002250558608195254	-0.011716029998092046	-0.05932167857136816	0.019951966458849734	0.0030452729313208715	0.021393292582933664	0.0056994325721494744	0.022834910756498173	0.011743834798139553	-0.008540642907388653	-0.06898799987713405	0.01968383566961994	0.0004884842528835958	0.021763956962777317	0.0015972668516897371	0.0236483121749596	0.004936983596536379	-0.009930408595036421	-0.0033011785242974536	0.0009403335729743065	0.0004780732311490053	0.0010388663705802792	0.0015553235164953037	0.0011288310082029234	0.004838455685964365	-0.0004752182429793211	0.2830442820443498	0.38311237122888775	0.42455657391907375	0.6070624609882681	0.8573191498176632	0.8525469939440312	0.36354686739864567	0.9999575136988024	0.9999560135595468	0.3611066915644718	0.9999146174698702	0.9999316749064227
cg12308631	6	158033470.0	0.028651245618376515	0.01841315153187094	0.12013955638117461	0.018467969652470804	0.12124176190767243	0.017684162616161216	0.11035577403638902	0.0025593846133043947	0.02867212042468758	0.01775819482493242	0.10683864626968483	0.017857391733752056	0.10879670354530671	0.01719823402436843	0.10061035295794059	0.0025374789498386298	0.04707990546131741	0.013605398736586045	0.0005748669434375963	0.014855952820541427	0.0016012455905855497	0.013630406889216242	0.0010101429882743108	0.00414863995027113	0.0022536016498002306	0.0006499555594508104	0.0005605070616931056	0.0007094041984322669	0.0015601952009809553	0.0006505801777722572	0.0009794656699320093	0.00019856532605695232	0.770445528589902	0.8244713369445521	0.800167359755501	0.8358962043265876	0.9190490375644776	0.9118341696076034	0.36986309823868946	0.9999575136988024	0.9504452336097909	0.36614582086141695	0.9999146174698702	0.9514528791080519
cg06851971	3	196948433.0	0.07458857113622115	0.02146303144805677	0.000540824911516826	0.02411067516414773	0.002053439476879423	0.025990581943321732	0.00563641925027106	0.011258221687124486	0.0774121281139227	0.021462862466560026	0.0003314206553119185	0.024189649856701866	0.001433507516334857	0.025941137012173657	0.004086231279932959	0.011703538790383293	0.08310841294166514	0.0218489462241925	0.00015601054908615975	0.026226680716414544	0.0016025684790825568	0.028397645714950303	0.004808973946190782	0.01250655959069476	0.003977593991978649	0.0010437785215351104	0.00015175734208384164	0.0012540226214208553	0.0015862628739913137	0.001357760360088749	0.004769475678251188	0.0005985694104527427	0.23161819656896998	0.4097315982728038	0.5053169455832495	0.410753091637518	0.7447012718268113	0.8295069990898208	0.2505968971854881	0.9999575136988024	0.9999560135595468	0.24670197670973362	0.9999146174698702	0.9999316749064227
cg05006211	22	48500674.0	-0.04163323370858796	0.012844498646891515	0.001244132439461255	0.012569354590600101	0.0009712831934403652	0.012639995899997952	0.0016484813907252773	-0.006286347581541365	-0.03246129106711032	0.012419900121856316	0.009145165093744962	0.011818163133389632	0.006169691241152085	0.012238167571094543	0.010170990880932939	-0.004920888115841789	-0.0367914721563007	0.011409138222140805	0.0013243412972083828	0.01161147888383224	0.001604233958743396	0.010543963128025097	0.0009052629834626845	-0.005548951449890322	-0.0017542542389043401	0.0005451404468441507	0.0013554026452329104	0.0005549131872758914	0.0016439667094082626	0.0005040345760490016	0.0009307273177784306	-0.00026464123521876415	0.29676114392601366	0.34158029964411063	0.390232106781135	0.6845044658886158	0.8573191498176632	0.8492473102059188	0.45809246308145374	0.9999575136988024	0.9504452336097909	0.4563614402773356	0.9999146174698702	0.9514528791080519
cg03832440	17	14303924.0	0.10613404739405263	0.028455990959596323	0.00020662532181595582	0.0300884826672661	0.0004461000063885775	0.030313878135688605	0.0008724938726370054	0.016027728283147018	0.09178638465512419	0.028191821327719174	0.0011837487992402648	0.030445289247405846	0.002661879494578659	0.029991352146490905	0.0032833236838495186	0.013945471999251348	0.10138129896458674	0.029072913122937593	0.000521272124342462	0.03200158801476667	0.0016071422289097611	0.03267793906704914	0.0029066181440220895	0.015490020115530245	0.004851777511424857	0.001388768198348516	0.0005090804432842948	0.0015289590219502774	0.001578817350308143	0.001561536169715523	0.002867789632781597	0.0007411605725354488	0.16794862980045794	0.27872182540843143	0.33348153340643505	0.5284679729626925	0.8223114149954608	0.821712329070322	0.36674113269969094	0.9999575136988024	0.9999560135595468	0.36614582086141695	0.9999146174698702	0.9999316749064227
cg08248176	2	134191632.0	0.04382812758617981	0.020708164171043306	0.03464532953622736	0.02099731184242683	0.03720777555416863	0.021810047357042374	0.048909661434522606	0.0017798655645037721	0.041187426360582875	0.02075984155385181	0.04763569120993286	0.02105413727502587	0.0508204411724971	0.02162826919784982	0.061585664625396414	0.0016713372230910224	0.06568179208652974	0.018885966056524792	0.00053940752705018	0.02073392471202208	0.0016080494340916583	0.022774996761366587	0.005419227842654763	0.0027527262436783315	0.0031337441447496206	0.0009022311645745289	0.0005483280089126071	0.0009905485020020022	0.0016310512697307398	0.0010876499811878614	0.005460729110971556	0.00013132711257606358	0.6291271131197295	0.7152792607667601	0.7211709469800254	0.7886703423988168	0.9121015394608312	0.8996925873521626	0.36986309823868946	0.9999575136988024	0.9999560135595468	0.36614582086141695	0.9999146174698702	0.9999316749064227
cg13590277	5	150639934.0	-0.0392646069822626	0.012572735135592848	0.0018614118435991164	0.012153458210100523	0.0012904796277649672	0.013406419194436135	0.004779343559404143	-0.0067722642420994135	-0.026679346064734356	0.01065962818596212	0.012540605173061213	0.010357848685810973	0.010200258172642414	0.012649973754904094	0.03905377240117702	-0.004598460801786357	-0.03160936096974475	0.009393228969635768	0.0008103269795852863	0.009978401500037941	0.0016083964288070218	0.010528619301787324	0.003880832478201516	-0.005447138875427093	-0.0015116960235669703	0.0004488382232816194	0.0008020039087778892	0.00047692341102489687	0.001598051717751185	0.0005034853211483406	0.0038782763179301388	-0.0002604987551335884	0.32421164814439807	0.3714878535093665	0.4893289237268813	0.7147964358489001	0.8712142145333529	0.8930487039193722	0.4038032467366373	0.9999575136988024	0.9999560135595468	0.4010763197351859	0.9999146174698702	0.9999316749064227
cg27138901	12	9698770.0	-0.1282667003992093	0.03427830583871239	0.0001970580971583306	0.033889135275472326	0.00016648510817168088	0.03585880507387331	0.0006877586342923472	-0.01891220142483222	-0.07893938465158534	0.023690214799548047	0.0009058000015133639	0.024560986650527625	0.0013673043799601666	0.028642727158129596	0.007705327524572802	-0.011571973998202346	-0.07570161327663721	0.021873896002642484	0.0005739543285074515	0.023898580529628385	0.001609259231031279	0.02510974479713406	0.003743490847580332	-0.011252086743455885	-0.0036226124887434267	0.0010449147515923078	0.0005613651384818872	0.0011410525228814756	0.0015705724914438445	0.0011983171594745485	0.0036559829636412565	-0.0005385654839640111	0.16492267442204475	0.20684653899009245	0.30966963655701796	0.5014103403480723	0.7436128318158894	0.8467010775793248	0.36986309823868946	0.9999575136988024	0.9999560135595468	0.36614582086141695	0.9999146174698702	0.9999316749064227
cg06853489	1	73065931.0	0.11129415689266828	0.03610491650086841	0.0021303341165322203	0.04116594799093297	0.007021076718590835	0.040736363930745964	0.008220977457178395	0.018249065401632587	0.12193401598037484	0.036162888147538624	0.0007866853861699049	0.04137611850631524	0.0033127792152211556	0.04121775775725235	0.004397473339925282	0.019975104675101454	0.13793777458194378	0.038005130650139385	0.00030645003059951424	0.04355124275555652	0.0016112620623773236	0.04439130580249851	0.002865609412939964	0.02250541154403765	0.006592762484155741	0.0018155760051632493	0.00030439502972760894	0.0020821937370176574	0.0016166952596928777	0.002122366784872974	0.0028738856692772548	0.001075587347678075	0.33872991163732896	0.54207371895599	0.5397748447768114	0.49843160660967445	0.8276112937654644	0.8326897594526024	0.3272975270083461	0.9999575136988024	0.9999560135595468	0.32495760599533313	0.9999146174698702	0.9999316749064227
cg08164191	14	65156914.0	-0.079752674106658	0.02635903580649125	0.0025689081415601746	0.02659771989442453	0.0028061293342634373	0.024186198617910108	0.001630306556184255	-0.013308743102903944	-0.03316228574133621	0.011214627711982016	0.003207546044386564	0.011605082094546656	0.004392242824643856	0.009835394504099742	0.0013011447710126354	-0.005491926481526221	-0.03742378564976383	0.010611431277957006	0.0004504491461341336	0.011816521460711538	0.001612240805483204	0.010695061722721458	0.0008779677588489461	-0.006185606706176314	-0.0017856359884295765	0.0005070281442779497	0.00045882100942091955	0.0005647520132344796	0.0016412316867496942	0.0005112681487008135	0.0008962226723989777	-0.00029517276722481364	0.3554449129730106	0.44666671266659735	0.38988294305369503	0.6086744956354515	0.8497637615075345	0.7288112796553561	0.3599193278402209	0.9999575136988024	0.942669557904915	0.3611066915644718	0.9999146174698702	0.9453805653783303
cg17612569	21	25734910.0	-0.10107643052071509	0.04689429830968783	0.03145826744080324	0.04637048835457487	0.029596472819790526	0.05036678262155513	0.049207934547511795	-0.007925906362785081	-0.1092666201971319	0.04744930365034814	0.02157392282731063	0.04663928859857531	0.019410906693164986	0.05042858832604927	0.03416849854617204	-0.008580200719364106	-0.13999073638839946	0.04488095675953798	0.0018942756579853437	0.04420376094148833	0.001612957151066437	0.050153691979370384	0.007000321776963721	-0.010281978152066846	-0.0066901936164087475	0.0021440084880723635	0.001886330038758422	0.0021116034245672846	0.0016055545081614397	0.0024003243102078426	0.007077858786832443	-0.0004915725430351273	0.6210687152851123	0.6893156921103442	0.7213645299040359	0.7448251077495209	0.8860940047215415	0.8883270836809197	0.4942995158866696	0.9999575136988024	0.9999560135595468	0.49420992367556654	0.9999146174698702	0.9999316749064227
cg24002653	1	116697882.0	-0.06255100668462976	0.03498669007175962	0.07421751277780828	0.03612108298397978	0.0837517298294679	0.03952295339913896	0.11867270476259942	-0.003230629564206909	-0.08950760351450128	0.032746337935487514	0.006423037936976595	0.033716410149101164	0.008112807738775405	0.03757536100333212	0.020348535004967507	-0.00501077961800652	-0.09098472307136148	0.02692202277813066	0.000769627846371708	0.028734752973921182	0.0016161082293735577	0.030514211469461094	0.004114575425893091	-0.004981391864115822	-0.004351843944159159	0.0012860709962496204	0.0007579814722723421	0.0013722582296430827	0.0015893133622512613	0.0014587595029861742	0.0040966620367430566	-0.00023817704930304435	0.7165298429569282	0.7932351356659515	0.8068802344582146	0.6635606832114592	0.8705324847075997	0.8661236954491889	0.3965789680200669	0.9999575136988024	0.9999560135595468	0.39478197229730244	0.9999146174698702	0.9999316749064227
cg05718035	18	79480530.0	-0.0766771430262546	0.022668224416615923	0.0007566355704142363	0.023408114018231216	0.0011042732346627883	0.0240619356951814	0.002269977887560567	-0.0064189029826794974	-0.06315960553181509	0.020807532949329886	0.002488579697635977	0.021353053295469868	0.003199170581659459	0.022183657760228733	0.006002845681325268	-0.005401322545571265	-0.059474287209128396	0.0175278631651672	0.0007331469685998178	0.018785730642233992	0.001618497034096149	0.018613972197809883	0.00221366691503533	-0.005181000164616315	-0.0028430246430340847	0.0008374240348585092	0.0007283343234610885	0.0008968623418126042	0.0015965109891048232	0.0008884348203165607	0.002181778348776395	-0.00024782705026894845	0.25840626008555384	0.357592826197206	0.4249992873545	0.5945383820036434	0.8276112937654644	0.8327074494797064	0.3909952956399737	0.9999575136988024	0.9999560135595468	0.39427657462521937	0.9999146174698702	0.9999316749064227
cg00814918	17	50396580.0	-0.07674876002053252	0.018021603268629845	2.3268203967830688e-05	0.019495569480065384	9.056075147580454e-05	0.01787216884994505	6.387717498252921e-05	-0.0101268004575355	-0.05047160090148649	0.014299871973738955	0.0004427934905981483	0.016472180971940847	0.0022651059362246775	0.016609825469178954	0.0034960004008099564	-0.0065734091260873494	-0.05648862320566514	0.014531473967475601	0.00011180888009792417	0.01784455240754405	0.0016203278521422452	0.01840981768178199	0.0032085412618441354	-0.007344839355113052	-0.0026992294837751606	0.0006942261150492726	0.00011145684739017352	0.0008533758491290173	0.0016346045094258353	0.0008813188236847697	0.003261687029307487	-0.00035094841650746086	0.06874871099788621	0.16872491334813022	0.138178470941588	0.45058779172730895	0.8143009462248806	0.8237939144125507	0.22294745769792138	0.9999575136988024	0.9999560135595468	0.2211560640055716	0.9999146174698702	0.9999316749064227
cg15046507	11	44977651.0	-0.06424615093157776	0.029648167345951704	0.030563500429821353	0.028301501093824972	0.023496578497097183	0.025225809022910245	0.013409265373414076	-0.004158455314483916	-0.05680825571674515	0.028695530620253484	0.04811878355752371	0.027540615694893664	0.03949845789760316	0.025511128060959808	0.029662533602626336	-0.0036857925033441175	-0.05243084311468501	0.01674166514659039	0.0018160027003451466	0.016563449195793417	0.0016210982329927328	0.017418859304326257	0.0037955567919635935	-0.003238402717217229	-0.002496228862482109	0.0007998215725788279	0.0018827475159441764	0.000791667256241392	0.0016900352957911274	0.0008328388775921558	0.0039363986187823325	-0.0001540680004953433	0.6177144694669651	0.6626207204652096	0.584784409974277	0.7886703423988168	0.9079818165459886	0.8869810588221004	0.49071229709867126	0.9999575136988024	0.9999560135595468	0.4939106855129174	0.9999146174698702	0.9999316749064227
cg01186777	19	6531005.0	-0.05943252060402615	0.023420810503413818	0.011370072544832122	0.023545183175070542	0.011808939329568254	0.023935958372650692	0.015794555796863213	-0.00178333473256033	-0.05835594847612376	0.02370537883610157	0.014060698348281562	0.024069866961811084	0.015577183343343643	0.024456531649735738	0.0201463861843752	-0.0017276899097443488	-0.0755462034707636	0.022724811446496615	0.0009361326638371041	0.023867537568872853	0.0016223395368534603	0.0254268887570044	0.004240429580190577	-0.00220265382006412	-0.003611046350656885	0.0010855891371755369	0.0009297040536875451	0.0011385065869587414	0.001586952830545791	0.0012142773780874033	0.004207939640003744	-0.00010528251034455671	0.5064320136583137	0.5919472717268723	0.6020152441036387	0.720906856073017	0.8831375140686103	0.8647259950133063	0.4138603026837606	0.9999575136988024	0.9999560135595468	0.41196313051845795	0.9999146174698702	0.9999316749064227
cg17771652	5	83472149.0	-0.05788675099592837	0.018844289732955873	0.002206980815457216	0.021306302863804007	0.006747151975893793	0.022509776461607473	0.01257499738092336	-0.008339572406121779	-0.053588214098843415	0.01904289076942235	0.00502519294500715	0.02199599188125509	0.01508093287520563	0.023861122145474412	0.02834770432715615	-0.007661967535126887	-0.07227665914327201	0.019118695874278297	0.00017104589531588695	0.022838673541437492	0.0016254564722122408	0.025140884664922723	0.005558027766155732	-0.010410654961334543	-0.003454922172753433	0.0009133154335579599	0.0001694281552437526	0.0010919204776343259	0.0016286626366755247	0.0012017965137157954	0.00555907086567031	-0.0004976628188153361	0.34301813595929287	0.5373498310016374	0.5810939577340201	0.649169878101067	0.8824479883571377	0.8847519836905731	0.261269700542078	0.9999575136988024	0.9999560135595468	0.25856307114705557	0.9999146174698702	0.9999316749064227
cg16499923	8	141173543.0	-0.0765757519644871	0.02014374796398045	0.00015593539991004264	0.020224271625549725	0.00016554390207807737	0.018602491490728634	0.00011744276359171055	-0.01238078036953203	-0.04496146313389389	0.014666824359559046	0.0022541419445927177	0.01507995168832957	0.002964780868510031	0.014183650910670845	0.002384810643587243	-0.007130247038803997	-0.046552850295630555	0.013504359420842884	0.0006030275932616483	0.01471126830049843	0.001626700552253615	0.014541324268049029	0.002172866150379532	-0.007361824975820682	-0.00222490777667799	0.0006451941003166813	0.0006004344790304265	0.0007034783803903983	0.0016361432674025444	0.0006950793450701012	0.002175941245054629	-0.0003518117183429463	0.15275812291943203	0.20684653899009245	0.17861902643567207	0.5848963709987655	0.8259355573115673	0.8005432428815005	0.37186185479703127	0.9999575136988024	0.9999560135595468	0.3694248447779572	0.9999146174698702	0.9999316749064227
cg20468415	8	41735455.0	-0.12369275661350375	0.027533650956145225	8.192703442866142e-06	0.03117470010002492	7.977292600226934e-05	0.029542808802973157	9.239938334671687e-05	-0.014251700468649047	-0.10563508587810305	0.027126900613483308	0.00010772792235942173	0.03143004350998846	0.0008177182413083746	0.028686815299884937	0.0004919131609760145	-0.012068474268077346	-0.1097018078237016	0.027869184382204534	9.171050619576633e-05	0.03467165227915565	0.0016289842781593838	0.03313972658418034	0.0015683171260312515	-0.012815114905217008	-0.005236317633247089	0.001331376152357404	9.294945606918309e-05	0.0016574234434136978	0.0016551223245767	0.0015839978900887414	0.0015898912108441826	-0.000611771783020146	0.05101949350328747	0.15599383722694005	0.16524697667185279	0.3183710653172361	0.7095480377215632	0.6262520211733962	0.2028571247510431	0.9999575136988024	0.9999560135595468	0.2033749171678494	0.9999146174698702	0.9999316749064227
cg20367258	8	144351904.0	-0.09167828878199649	0.024118484820892492	0.0001561219229398888	0.026880082142048067	0.0006840148675415201	0.02557737347628647	0.0006719629670042454	-0.009435116896718979	-0.0824613567436468	0.023578390748539926	0.0004987956666378037	0.025972999170236582	0.0015627997706587724	0.023364976946866362	0.0007991121767155831	-0.00855671393513388	-0.08220414363957053	0.0219123268631666	0.00019155634927209492	0.02598767222483783	0.0016335230074728169	0.02633922222278269	0.002753572755111975	-0.008720382379395118	-0.003915432002135112	0.0010468735195573171	0.0002002488616055878	0.0012419938958950518	0.0016934112064945714	0.0012582042415356634	0.002827375161058444	-0.0004154743129530819	0.15275812291943203	0.31861632926128786	0.30699331370445493	0.45782603081251955	0.7619418204518585	0.6721529153693292	0.26569205435184645	0.9999575136988024	0.9999560135595468	0.2735091811352685	0.9999146174698702	0.9999316749064227
cg15900052	1	86938696.0	-0.10247412521097977	0.02334528731331855	1.3051030241376932e-05	0.024716582120160133	3.7840429938397774e-05	0.025659226928904644	0.00017751974542066923	-0.01157231473368179	-0.08542562683333377	0.021972670430592207	0.00011050048311498365	0.023682042069064886	0.00033092465253966566	0.024395690538801796	0.0008711380583933115	-0.009689729666539412	-0.06539111191727764	0.018451086229806117	0.000422455551579727	0.02067285364306067	0.0016338464443699696	0.02020003599957781	0.0019535233696343864	-0.0075718481412375225	-0.003129537794815443	0.0008814149023646232	0.0004122642236105394	0.0009875946164963946	0.001602575326471037	0.0009649322123243522	0.0019182866331429772	-0.0003624723409174718	0.06142831597901487	0.11032699765940257	0.20358800667647112	0.32329633735325386	0.6285672724134701	0.675132990640565	0.3599193278402209	0.9999575136988024	0.9999560135595468	0.35547147764716697	0.9999146174698702	0.9999316749064227
cg02973307	19	33812093.0	0.05489905372924398	0.02789575956682762	0.04944792024198846	0.02846047846325688	0.05412616754174533	0.024875369948516315	0.031089776594944402	0.006191032991361036	0.05851128948460713	0.027900528165894327	0.03632946515948049	0.028027793948132332	0.03718340368533027	0.02523063921898074	0.023757497360525365	0.006415731500948662	0.08344038246858138	0.025718750917643647	0.0012378432543011214	0.026395270557582052	0.0016446675378978736	0.023467832473658898	0.0007358987081651922	0.009088864734243658	0.003975713495926731	0.0012286765946059148	0.0012750003020785832	0.0012609818643255896	0.0016915043219890922	0.001121450055885345	0.0007602742027556631	0.0004330851439929883	0.671059023680317	0.7519098867351055	0.6715114837347957	0.7748445813938993	0.9041366053632616	0.8768569685799025	0.44700690210234645	0.9999575136988024	0.8975736820369667	0.45365550079426387	0.9999146174698702	0.8973002611650496
cg13561879	8	35235169.0	-0.058011232499804485	0.02389125355394487	0.015418918704444813	0.024022611777715766	0.015987787245798985	0.022619140712672202	0.012803406360425247	-0.009594343483183245	-0.050820067351227655	0.01901313999499637	0.007690324321092601	0.019899416743781533	0.01085887400370232	0.01804253701944817	0.006528622519980204	-0.00835785119213885	-0.05829477787971761	0.01752377919284334	0.0009288427877828016	0.01844240742196043	0.0016462111537392974	0.017807402963390315	0.0017515122207777	-0.00962159159321697	-0.0027846812845141265	0.0008378277333768388	0.0009384488554085267	0.0008815477744649971	0.0016576813501444972	0.0008521124911617249	0.0017814946780572338	-0.00045973420896896567	0.5364707705469526	0.620319955891903	0.5817977113112153	0.6716468901828612	0.8712142145333529	0.836144898118913	0.41361910909470384	0.9999575136988024	0.9999560135595468	0.41196313051845795	0.9999146174698702	0.9999316749064227
cg06487191	17	8187378.0	-0.05379335097171334	0.03759931732628857	0.15294701054848175	0.03869289796706049	0.16487531310762057	0.03642440133569928	0.14486033361128306	-0.0026068712446460605	-0.03753823488010079	0.03753185818190836	0.3175643035313489	0.0385341716021324	0.33030702007265345	0.039206875892576695	0.3421245578961243	-0.0013043584792467005	-0.06936084637253909	0.020422921337210184	0.0007250452501990804	0.02194498755629062	0.0016475479073161106	0.024848026587539623	0.00699711303936327	-0.0031089102958268434	-0.003302290596845122	0.00097570917032781	0.0007561547868027258	0.001047901821222395	0.0017002856900245574	0.0011870353667335191	0.00717982057327167	-0.00014809524174211368	0.7971056623207444	0.853767255721904	0.8284244143755283	0.9087837263095341	0.9507999262365987	0.9495820563589068	0.39079359721882073	0.9999575136988024	0.9999560135595468	0.3944408172847537	0.9999146174698702	0.9999316749064227
cg20571967	10	72096707.0	-0.09296784386168255	0.023964055528061738	0.0001142103086140875	0.02566092063642056	0.0003116072159073297	0.025452008260616495	0.0005409055668487466	-0.010962064208281103	-0.09348102614250939	0.023113837240801294	5.812658405717318e-05	0.025160534856051426	0.00021861302457955932	0.025598390003379552	0.0005423575045135857	-0.011125452978642246	-0.07539955042199777	0.021917564420864143	0.0006187841185616882	0.02385869447966331	0.0016498578937940425	0.025685036552860915	0.004689307189482824	-0.009027352962609928	-0.0036116870652511397	0.001046912972117521	0.0005973577272169137	0.0011404145907281454	0.0016126675872481153	0.001227228153485828	0.004592193884892012	-0.0004323054959208948	0.13517658289981338	0.24293219727230006	0.2934431404131615	0.25960984175282353	0.5702761030898944	0.6363394137667326	0.375285143675493	0.9999575136988024	0.9999560135595468	0.3694248447779572	0.9999146174698702	0.9999316749064227
cg19295451	15	101469956.0	-0.09259555920951877	0.02749494484379625	0.0007979214161087394	0.02770412089159389	0.0008735015862774877	0.027494020311086834	0.0013166767529362196	-0.003146509588828301	-0.0895405923872778	0.027621539393314645	0.001242939335878092	0.029011114531708095	0.0021034686470712254	0.029799910585457234	0.0038532694677597336	-0.0031960049626079696	-0.09071975913993799	0.025211824482144804	0.00034476460899536993	0.028711606235688445	0.001653012290733968	0.03127850607547502	0.005175932693849057	-0.003323711895152537	-0.00433862303105932	0.0012044571028473428	0.0003398122654165003	0.0013719108465655144	0.0016375634288582175	0.001493468453174551	0.005108581972913105	-0.00015891252177787133	0.26026190538013205	0.330656780309958	0.3714065268876528	0.5301591251383871	0.7962190814648514	0.8250227633225801	0.33555358844329763	0.9999575136988024	0.9999560135595468	0.3325075114433329	0.9999146174698702	0.9999316749064227
cg03661817	16	57797833.0	0.07968043657461917	0.028594063134000904	0.00546556127351602	0.030051263842438416	0.008188954352166345	0.029322184945066238	0.008551866806018415	0.009825856992683728	0.0918833951049043	0.02866814744909563	0.0014098966861219228	0.030246414138175613	0.0024690372729490612	0.02954533208636335	0.0028439888898888956	0.011397894378279753	0.10157770055759686	0.029092424109280392	0.0005128953428491861	0.032151225424575526	0.0016547830037080115	0.031125445890034575	0.001805601408497929	0.012881477254765432	0.004850656467531109	0.0013897799359403203	0.0005153845761103909	0.0015363494861923282	0.0016666279359229034	0.0014868842698973872	0.0018120992998775303	0.0006148833894582229	0.4297716240154038	0.5587140494404264	0.5407643738618098	0.5435448782071003	0.8143009462248806	0.8163415783783448	0.36674113269969094	0.9999575136988024	0.9999560135595468	0.36614582086141695	0.9999146174698702	0.9999316749064227
cg14284797	9	133679934.0	0.07032882630694402	0.03735552043190439	0.06014271724456723	0.03684505159786056	0.05668601428023129	0.03947936453362147	0.0798242558115414	0.0011632402273084042	0.08709070726114593	0.037198768844174356	0.019492431910593473	0.036669941696474584	0.017810481020957683	0.03867979228346573	0.027961204739655004	0.0014204120201171582	0.1256552542298532	0.03617079123491395	0.0005470952582096149	0.03979668968096447	0.0016656786627749656	0.04224465834726091	0.00420027716590608	0.0020826405684618923	0.005995533558153193	0.0017279731114870445	0.000555665084270498	0.0019020739771252206	0.0016958916238594428	0.002019874340246468	0.004274796605277371	9.936283661936209e-05	0.6924259793017099	0.755440963127372	0.7708080283442631	0.7368514256691967	0.8858762268458336	0.8847519836905731	0.36986309823868946	0.9999575136988024	0.9999560135595468	0.36614582086141695	0.9999146174698702	0.9999316749064227
cg26117521	5	159033295.0	0.05659816960191831	0.021165151244086786	0.007661304107588809	0.023074913319172254	0.014409404993258565	0.02376991780002087	0.020398937133175376	0.008515952839154175	0.07393083059921116	0.019400691792903796	0.00015039883880622578	0.021460310491209757	0.000604154517665013	0.020309038942348066	0.0005626857470188935	0.011016023670293477	0.06997184283941779	0.019449215155930843	0.00034558763006524565	0.02216361454434569	0.0016677647142072953	0.019489741697013056	0.0006596786369097947	0.010455982457060444	0.0033379744891952417	0.0009291455481876874	0.00035235277661306856	0.0010589094324087828	0.0016949054902517995	0.0009309591814324623	0.0006694819310562078	0.0004988848282852742	0.4673839907960014	0.6107722316357135	0.6257159074348304	0.3352968820688399	0.6908051206401065	0.6398553132680356	0.33555358844329763	0.9999575136988024	0.8841943631929055	0.333886086643253	0.9999146174698702	0.8827195586277686
cg16105687	19	22622999.0	-0.07268878328161762	0.026083770908243396	0.005463293572458913	0.026979631806569575	0.007218842093053008	0.026241364540917453	0.007417597082518185	-0.010302893104057173	-0.053519841843373835	0.01860932509802398	0.0041468984652340566	0.019487868411804863	0.0061773843678649435	0.019499684399048423	0.00794594582083078	-0.007386295538221919	-0.06446996022914471	0.018491948092033448	0.0005227263282752881	0.020421538190652407	0.0016683286117147888	0.017697664433954537	0.0005581156051755423	-0.008970088409235234	-0.00307820878032951	0.0008835748253175723	0.0005276730180213699	0.0009755892861051843	0.0016780944421461847	0.0008452102643080263	0.0005597309867526914	-0.00042835762322403144	0.4297716240154038	0.5454106792991067	0.5269422955164897	0.6357824854112676	0.8573191498176632	0.8467010775793248	0.36674113269969094	0.9999575136988024	0.8360103326260463	0.36614582086141695	0.9999146174698702	0.8371657000803727
cg13910681	9	127978320.0	-0.051212243935072746	0.015279309441778625	0.0008447119080107373	0.015138017336926305	0.0007554454725999147	0.01695058304118729	0.0036750708416291382	-0.005178753030373696	-0.03434623180331809	0.012991960676681864	0.008380175422621483	0.012576284565613225	0.006468157959044558	0.012226492318543817	0.006664808438564125	-0.003385907328222978	-0.04107126402845909	0.012737814852464573	0.0013260721996013226	0.013012136112907732	0.0016715860064992949	0.012898852155853093	0.0022871965793412386	-0.004052408153586132	-0.0019641985235709534	0.0006084701086545383	0.0013091449298125828	0.0006215491684555322	0.0016503525609197305	0.0006164916506919785	0.0022737834246790317	-0.00019381764524022596	0.26511897640877924	0.32544512082765137	0.46735740011468646	0.6776235222006284	0.8573191498176632	0.8385202956261015	0.45809246308145374	0.9999575136988024	0.9999560135595468	0.4563614402773356	0.9999146174698702	0.9999316749064227
cg08853494	4	75514447.0	-0.009539045721588396	0.03860199981072049	0.8048909372827252	0.039066367438958624	0.8071640647005555	0.030785019995392023	0.7577235384193988	-6.568639360003431e-05	-0.029824941643818412	0.038549199994567886	0.4393709804961583	0.0392212708380966	0.4472478973350571	0.031077047663455502	0.3409900485756583	-0.0004818375340864213	-0.07414785507376048	0.020641636498425046	0.0003528444089331472	0.023493195623964208	0.0016729389613356746	0.021300505079236146	0.000928954922765037	-0.001776807014271687	-0.003543823088767287	0.0009860743963616661	0.0003505678999515381	0.0011223762736080486	0.001665684739766478	0.001016368636900819	0.000912592123560529	-8.486485326471652e-05	0.9788554646204028	0.9840997875851204	0.9790955251647745	0.9318014015681395	0.961340354571184	0.9494653932919875	0.3368524018424201	0.9999575136988024	0.9504452336097909	0.333886086643253	0.9999146174698702	0.9514528791080519
cg17400476	7	27191872.0	0.16411620342180686	0.04555090541123575	0.0003361612556023651	0.050118580527952	0.0011085452264990975	0.0568104826903953	0.005345739016491009	0.021602526061424966	0.17543088719494185	0.04587712426065982	0.00014271985433835722	0.050896262395845264	0.0006001445742922726	0.05861783248984027	0.003986827633885823	0.023054722190926018	0.1731889335928352	0.04764043132040043	0.00029967720477516003	0.054873684228538645	0.0016729586267682716	0.06249003467665068	0.007388239405508915	0.022976667019429235	0.008276686020108505	0.0022758537124137118	0.0002980820562126566	0.002623597836239875	0.0016810525179303442	0.0029888553267158995	0.0074342710473158	0.001098081535890636	0.19825383084564904	0.35811672978290837	0.49989217721086826	0.3352968820688399	0.6908051206401065	0.8272637487752884	0.32489285517089417	0.9999575136988024	0.9999560135595468	0.3236662267335901	0.9999146174698702	0.9999316749064227
cg20249566	19	16719928.0	-0.1125125472159125	0.028748100974933345	9.943765384618979e-05	0.029906029807353116	0.000182022152228461	0.03137715411021792	0.0006688702873662888	-0.014387178335419883	-0.09573438658272901	0.027933754790348927	0.0006445142642391848	0.029132591253046326	0.001064866008041575	0.0304366248211958	0.002563708113260808	-0.012378691654368765	-0.09484618857069774	0.027553219201700736	0.0006139796692022028	0.03005437913300305	0.00167476112557494	0.03221021799265415	0.0045710271695672475	-0.01261376886895249	-0.0045331501083032185	0.0013177054702475652	0.0006186901098568189	0.0014385854437575611	0.0017015446238903631	0.0015403671365269841	0.004592979963045228	-0.0006029043423796481	0.1263845695229941	0.21140928084389116	0.30699331370445493	0.4810130516610991	0.7199909017862371	0.8100358529526835	0.37396344251631763	0.9999575136988024	0.9999560135595468	0.3737839384151832	0.9999146174698702	0.9999316749064227
cg25383057	17	83087905.0	-0.05631231787121133	0.015348969670758746	0.0002615421159313626	0.015707472418512124	0.000359581147369088	0.016639431956116547	0.0012521903347109007	-0.006210509523506404	-0.049752185217113144	0.015383753557354204	0.0012760948414204944	0.0158543081633518	0.0017699053691839959	0.01735202496091393	0.005677368801477207	-0.005539274648830183	-0.04675626079043437	0.013629867008600203	0.0006409583081094501	0.014818887087204202	0.001678377033476868	0.01655782260121922	0.006401695923355944	-0.005233858826104826	-0.002236485701289151	0.0006511343179919553	0.0006309943552147699	0.0007083935712509309	0.0016674048405564356	0.0007910878532728119	0.006344043594170385	-0.0002503206330310026	0.18624011046522554	0.2540180376535804	0.3684246419692652	0.5343197224622397	0.7787301602441881	0.8326897594526024	0.3809824182547248	0.9999575136988024	0.9999560135595468	0.37839376012874104	0.9999146174698702	0.9999316749064227
cg15481429	15	94402570.0	0.0634523721392243	0.02810900014050443	0.024281820086260546	0.028630378964394763	0.026983398143287225	0.026891841952242358	0.02151408481438733	0.0019355315308607138	0.0659169980107289	0.028337093778528367	0.020286024605131688	0.029091832802498198	0.02375823391036051	0.026657753731335013	0.01621186571577459	0.0020135681554568296	0.0902079013791631	0.027236142827531683	0.0009776450481172327	0.02859964747162686	0.0016841586461146456	0.026946665757301844	0.001400277340458959	0.0027094603396360765	0.0043036349753351145	0.0013011528882694097	0.0009932578445561663	0.0013652615667532903	0.001695097709628455	0.001285604294787381	0.0014006527748300244	0.0001293429320999277	0.5889986242726721	0.6780323816495746	0.6325821560890397	0.74098893531731	0.8973527290228103	0.8615909685990398	0.41607930106409297	0.9999575136988024	0.9999560135595468	0.4166361555367655	0.9999146174698702	0.9999316749064227
cg10163377	10	97718611.0	0.022684670180423333	0.01735918467809319	0.19170110831348341	0.018612339981271615	0.2233175469047212	0.016804927005779957	0.182041845810672	0.003900465539194641	0.04918315934650713	0.014352587527426519	0.0006454809334343135	0.015800610446309933	0.0019269534932111856	0.014478420487337487	0.0012042864418306714	0.008435799506890704	0.051006671996046	0.014432612253777977	0.00043828356102653006	0.016174410566223582	0.0016876852910882602	0.014407881515558565	0.0007722108021466996	0.008746632359292923	0.0024411447584595943	0.0006895601836643537	0.0004285907864632511	0.0007729406885910386	0.0016610357162895834	0.0006880180356717645	0.0007533126156055558	0.0004186055471816736	0.8235601536981153	0.8802985649559396	0.8495760647771701	0.4810130516610991	0.7887565349398284	0.7232561999755855	0.3599193278402209	0.9999575136988024	0.9072511944633878	0.3596112357220312	0.9999146174698702	0.8973002611650496
cg22628873	17	4561105.0	-0.11588524667424185	0.026056605155667097	1.0053077929032912e-05	0.026520498203478456	1.4262032423436877e-05	0.030256624722406096	0.00030487409763420574	-0.008153887137960156	-0.08226282510687848	0.021630791018518964	0.00015505047608742271	0.02177716036763638	0.00017150895430169364	0.02234211737240963	0.0004925359681072327	-0.005644891082879043	-0.07169345187570748	0.02130204064274325	0.00080904259612945	0.022736622453027544	0.0016895459744122126	0.02117272299511769	0.0012451018130498351	-0.005053623931033813	-0.003428365428653453	0.0010176149061708753	0.0007991484142566107	0.001085600199105203	0.0016622671498027026	0.0010116094706801055	0.0012341008581996625	-0.0002418441921080922	0.05651826449094069	0.0811097174903521	0.2484325618233893	0.3352968820688399	0.5556138735200101	0.6262520211733962	0.4038032467366373	0.9999575136988024	0.9999560135595468	0.4010763197351859	0.9999146174698702	0.9999316749064227
cg08377800	16	31873693.0	-0.13417384159201	0.04235623780275651	0.0016006948459611503	0.043147546527764244	0.0019464114761442025	0.03423705449208211	0.000227561961470166	-0.0027361971951862848	-0.12943854499531202	0.042610664402098083	0.002470045771659588	0.042873154776853314	0.002624796896875031	0.03407189166336621	0.0003374471148758026	-0.0026395160919272754	-0.14687085974110997	0.0422399785039382	0.0005408934276727284	0.046579917016533516	0.00169023361603586	0.03783175201073888	0.0002569212231808435	-0.0029028281542105914	-0.0070295611208185315	0.0020177691258426163	0.0005276419810891711	0.00222428428929503	0.001649215429602868	0.0018064241723645055	0.0002492383495336184	-0.0001388703962501465	0.3148000402320101	0.40544613589491596	0.22636114221333992	0.5945383820036434	0.8223114149954608	0.5985283726155515	0.36986309823868946	0.9999575136988024	0.7630718135971118	0.36614582086141695	0.9999146174698702	0.7473144210316048
cg00127781	3	50372451.0	0.038807255331804166	0.02314522261076581	0.09403511737532481	0.022743000459341703	0.08837334056206407	0.0210179944474438	0.06968960076247357	0.004346233641284751	0.03236569294240138	0.021276954071267208	0.12865822665357945	0.02168262940124245	0.13595338723415104	0.021129575447476574	0.13074881683571654	0.0035806934886391754	0.0526451939832712	0.015239929903522072	0.0005874844777832999	0.01669865006913963	0.0016927006368293615	0.017621899014324212	0.004047539232153964	0.005789898909975821	0.0025142264291570797	0.0007280348610611908	0.0005895895857512892	0.0007977938272354995	0.0016994945054854813	0.0008417745505019107	0.004055271348037933	0.0002766036131856059	0.7422223207372702	0.7977683238899018	0.7573652880770686	0.8476798447939929	0.9279798699930375	0.9193480732232113	0.36986309823868946	0.9999575136988024	0.9999560135595468	0.3694248447779572	0.9999146174698702	0.9999316749064227
cg01439112	3	37862543.0	-0.02413379677883197	0.015273163980925515	0.11451007391424121	0.01540005890986059	0.11752212550342221	0.017646635304274613	0.17645055775663684	-0.0033972633935563804	-0.017324828675566003	0.010218115753207208	0.0904126979355428	0.010633941343158655	0.10370786795229124	0.011009258368589236	0.12073889112114894	-0.0024757603143318063	-0.028875171633474146	0.008489915045851086	0.0007124267961813624	0.009159102862549166	0.0016929380717012092	0.009260467605558133	0.002776734445926293	-0.0040774672195964526	-0.0013757952421640145	0.0004055781210885782	0.0007356359487613104	0.00043780399061994806	0.001751693554664782	0.0004430211464384372	0.002880940990245463	-0.00019434840544074427	0.7644470404716299	0.8220740409499673	0.8466115649483917	0.8250565299349163	0.9190490375644776	0.918740251577375	0.39079359721882073	0.9999575136988024	0.9999560135595468	0.39427657462521937	0.9999146174698702	0.9999316749064227
cg25164957	17	7333654.0	0.0729655251416424	0.03701660637855758	0.04908589774303762	0.03590932984688126	0.04252407198798612	0.036425551192992095	0.04961079012013073	0.010761277847278221	0.10638056509219254	0.03391189236550599	0.0017765690224078173	0.033354589666035134	0.0014875494232563609	0.030371460777835244	0.0008684780052213267	0.015528841883193732	0.11414212907283487	0.03409494775747901	0.0008618609181843238	0.03620677660303027	0.0016935819479329147	0.03388954839786813	0.001315795499830603	0.016658170117159206	0.005456890562477653	0.001628761589391851	0.0008540742687026869	0.0017309451159524497	0.0016933398256991643	0.0016205260373259912	0.0013186318689280092	0.0007963459401022972	0.6699039594137718	0.7264727869252047	0.7221680813179657	0.5683323130700508	0.7510017267708389	0.675132990640565	0.40951290212678265	0.9999575136988024	0.9999560135595468	0.40991393384164243	0.9999146174698702	0.9999316749064227
cg11834140	4	56387354.0	0.1139192679709455	0.04900534139530079	0.020367085770616203	0.048311430931461945	0.018637383155769106	0.05402294397096367	0.0390827846664959	0.0010819158663655255	0.12536026831570163	0.04929994231564457	0.011204791914946057	0.0492766144673096	0.011166601304185111	0.056765428573455304	0.03098514862891718	0.0012230659045385293	0.13469851845360808	0.04107468607716684	0.0010962249085532281	0.042748891216421024	0.0017026469191184154	0.048432544264387326	0.007195657159447124	0.0012298390289788973	0.006444940463571259	0.0019621516976893404	0.0010762486720631787	0.002041746227023698	0.001670451116019175	0.0023144518705345636	0.0071273784449650945	5.890449422402601e-05	0.5690165497483359	0.6384569358984694	0.696009144332667	0.7069060607399641	0.8712142145333529	0.8869810588221004	0.4274886388814078	0.9999575136988024	0.9999560135595468	0.42560375301092296	0.9999146174698702	0.9999316749064227
cg07097098	19	55210270.0	-0.07202503706858747	0.019860633776905307	0.0003073879846828927	0.02019893762440035	0.0003865883126074504	0.019203686972035144	0.00039487101236475314	-0.010839476630675133	-0.06381440775424622	0.01992609664357375	0.001422088500827275	0.02018939739702043	0.0016393512175284948	0.020645453224587777	0.0030052645043744212	-0.009626215614948943	-0.0653993124859392	0.01940533810731522	0.0007958761467687137	0.020761345769122305	0.0017076624534136796	0.02064218824845457	0.0023968979471193784	-0.009893829592843139	-0.0031264920144679353	0.0009272853362035337	0.0007916579219025245	0.0009924812785667007	0.0017069395307623967	0.0009864056870877282	0.002387411837976483	-0.0004729599924398054	0.19368482035668996	0.2629989528440027	0.26851509218893854	0.5435448782071003	0.7741428217400501	0.8166932067344068	0.4022120143026595	0.9999575136988024	0.9999560135595468	0.4010763197351859	0.9999146174698702	0.9999316749064227
cg21457106	4	124713103.0	-0.09254274523457147	0.033733387321360046	0.0062316760637072645	0.035853253647999996	0.010042408368593053	0.03850280001498653	0.019292191014735557	-0.0020945965168252074	-0.09866007650552532	0.03279312186193691	0.002716432807317882	0.034899591730246975	0.004829465521405891	0.0338902002096061	0.005021940694510798	-0.0023088546309177334	-0.1169141914889099	0.032397237028967095	0.0003314132593773924	0.03711586108483573	0.0017080796179564882	0.03792582080691457	0.0030782174240940254	-0.0026234564625361853	-0.0055793951767543325	0.001547749539356092	0.0003363635303522519	0.0017729964545157577	0.001726047511306449	0.001811576775426801	0.003103782008780697	-0.00012534733871833267	0.444136013142355	0.5743286531886515	0.6205133609277311	0.6012477423343741	0.8573191498176632	0.8326897594526024	0.3296079935394571	0.9999575136988024	0.9999560135595468	0.3312755204539552	0.9999146174698702	0.9999316749064227
cg01667634	6	31892662.0	-0.07639943538085144	0.021129803194735803	0.00032025797315415606	0.020385547646056622	0.00019263940571088617	0.020682422889820636	0.0004739843772228585	-0.011427095672812896	-0.05354086009910437	0.016414337054177146	0.0011591186326104863	0.015789068901435468	0.0007343740525074863	0.016291793585636354	0.0016856470670828369	-0.00819657973635368	-0.05251948015570587	0.01549971707700815	0.0007456363547135365	0.01667871106126867	0.0017143424931302064	0.017863126895237707	0.004629372304959983	-0.008144363878838105	-0.0025126466115188563	0.0007404346902829697	0.0007322357134388499	0.0007970458197762475	0.0016939129815732362	0.000854559088466026	0.004627040456886468	-0.00038963397462162246	0.19681155897109923	0.2148131034762249	0.2853094898842206	0.5284679729626925	0.6997202897659299	0.7661105829885674	0.39453715107190773	0.9999575136988024	0.9999560135595468	0.39427657462521937	0.9999146174698702	0.9999316749064227
cg18526270	4	41214838.0	-0.04816894157641827	0.02311718289899647	0.03753845456762576	0.022581716048386182	0.033252155611159184	0.024551470947611093	0.054334512607844436	-0.00242843373790738	-0.04667118520453671	0.023182789051764	0.04446713917765951	0.02258628850637668	0.039152483164591	0.02431118645066392	0.05957056229156532	-0.0023536670312937886	-0.07129394798199892	0.021317946833679813	0.0008724856043466454	0.022641654955254116	0.001714905338045998	0.02321016492015545	0.0031782920334382683	-0.0033619413607303148	-0.0034015520385294777	0.0010183854307265587	0.0008854767625406989	0.0010816741296467156	0.0017386616999506023	0.0011097837105422956	0.0032396738739639518	-0.00016039482908119254	0.6390072609733521	0.7037828522312033	0.7294674184787606	0.7843524549998582	0.9079010500693853	0.8995853890664857	0.40951290212678265	0.9999575136988024	0.9999560135595468	0.4099232598499769	0.9999146174698702	0.9999316749064227
cg13500074	2	60553611.0	-0.08038747861002958	0.033803116247849783	0.017659910124256863	0.034076509458236176	0.01858712048958204	0.02908886325908698	0.007549744864609446	-0.0032811383870260365	-0.06879522986616596	0.03253176050374248	0.03479772681608048	0.03308113359487657	0.03791634872502378	0.03226439210185876	0.0370221802076181	-0.0026910663348906783	-0.09696162466055212	0.028715768755356936	0.0007778281161151093	0.030794675233750773	0.0017157535404316866	0.028933069760200273	0.0013850492017142071	-0.003981862346653666	-0.004616999482733065	0.0013720588865442347	0.0008106341072568547	0.0014697229408296264	0.0017580874560904189	0.0013812252594881161	0.001421571000045576	-0.00018967080365861396	0.5518004654509886	0.6383826841436913	0.5296518947878227	0.7724835802611745	0.9049468335662678	0.8930487039193722	0.3995578658952059	0.9999575136988024	0.9999560135595468	0.4010763197351859	0.9999146174698702	0.9999316749064227
cg06462065	19	55373800.0	-0.042494150164085275	0.012441178036037552	0.0006718611614819897	0.0137325342819021	0.002047825134329748	0.012709867210198109	0.0014184862013317575	-0.007116792546288757	-0.04105060763138625	0.012452801467435425	0.0010270162265775785	0.01402774234338557	0.003537225576519538	0.01282603465070306	0.002178342054333528	-0.006852726305060083	-0.04550113215609809	0.012365205385268087	0.00025288333500433723	0.014453242846137304	0.0017185783585936068	0.013150379364052124	0.0009914578701289544	-0.007609116166186115	-0.002175650538150516	0.00059064117842874	0.00024924823623500685	0.0006906707737220335	0.0017076466623131851	0.0006280603218385032	0.0009791881499915686	-0.0003638247880183328	0.24733113457940953	0.40894168788820834	0.37824710147145774	0.517121549215642	0.8276112937654644	0.7922832448677541	0.30962535730219776	0.9999575136988024	0.9504452336097909	0.3061087395155013	0.9999146174698702	0.9514528791080519
cg26320410	3	9810142.0	-0.17472064759149575	0.06231687643615828	0.005186338986886601	0.061365003526848864	0.004534791104828028	0.060812289480329476	0.005585180678645383	-0.003210679382725501	-0.18242158976258271	0.06283946816201678	0.0038093431036794996	0.062695438285366	0.0037299411756167747	0.06385013122622263	0.0058403954157694804	-0.0033926549438690187	-0.19978634333799292	0.06020641245957726	0.0009562519679592512	0.06346729054705048	0.0017203024777595773	0.06879568304052434	0.005123075326648987	-0.003310841712872329	-0.009503063874579928	0.0028764148368687335	0.0010064750299047431	0.0030316316435389985	0.0017985444346818207	0.0032822659665099462	0.00525045148232436	-0.00015794913432399518	0.4247100655733196	0.49173598105884275	0.5035604876634584	0.6325444772581694	0.8276112937654644	0.8326897594526024	0.41574477347695715	0.9999575136988024	0.9999560135595468	0.418078426181343	0.9999146174698702	0.9999316749064227
cg26564874	5	178989133.0	-0.07234171720364513	0.023085676050148104	0.0017962073359687346	0.0223238540403864	0.001247454203036339	0.019645525744314687	0.0004919224472546713	-0.0028534400522243243	-0.07593821478976659	0.023283493727392645	0.0011606250882628564	0.022685927238144422	0.0008582225921547784	0.02049179245175228	0.00045626673583335045	-0.0030302751320341204	-0.07315994793144476	0.021525605554825782	0.0007185280028870473	0.02325276881777294	0.001729442704954298	0.019637443299432168	0.00042815525365995073	-0.002984185710345562	-0.003488113064038437	0.001028367377532892	0.0007363990009838464	0.0011114608485072433	0.001776468855699076	0.0009376643065180449	0.0004358581049290705	-0.00014240244101382867	0.32258242424891787	0.36860751865328356	0.28641693233779014	0.5284679729626925	0.7132152365915807	0.6186065970840329	0.39079359721882073	0.9999575136988024	0.8023609631584994	0.39427657462521937	0.9999146174698702	0.8111412540488049
cg06838090	6	170256914.0	-0.19767263699456758	0.047786052560377705	3.9377593021398466e-05	0.05069190506064407	0.00010534542752243309	0.048367424743910606	0.0001297832864994227	-0.011490050402234948	-0.18219068315900802	0.048096977906347496	0.00016455538181452654	0.05197027315629191	0.0004836752545146019	0.05075881496256936	0.0006614489628095812	-0.010499265942890818	-0.16624580186113921	0.04827133559320435	0.0006102121353957933	0.05284313610861352	0.0017309878436237974	0.0542817789498109	0.0032623617996964537	-0.009069142150562662	-0.007955534582294192	0.0023058861299500694	0.0005968061171760379	0.0025262478466898876	0.001712857075068868	0.0025938687602413565	0.0032210332347120067	-0.0004342522419780874	0.08486719303894202	0.17678013442343107	0.17952824095476758	0.3352968820688399	0.6778341116247854	0.6520340767404461	0.37311706767660935	0.9999575136988024	0.9999560135595468	0.3694248447779572	0.9999146174698702	0.9999316749064227
cg02578162	16	3877428.0	-0.08881229605529649	0.02169948809680438	4.740237101360083e-05	0.022215434045648002	7.048777578625981e-05	0.01927704053525436	2.1299818034601206e-05	-0.0027946247809233875	-0.07344417407833682	0.021012925123518555	0.0005027392484311868	0.021790878050757967	0.0007906039496025884	0.018154764863129245	0.00014923589349637626	-0.0022670154346742574	-0.06652953131128171	0.01923488125273251	0.0005782044273824283	0.021149233192461498	0.0017327730279373156	0.01797290435233163	0.0004623648353339614	-0.002079009925733179	-0.00317198729483627	0.0009189121260254349	0.0005929210252734585	0.0010096615187071211	0.0017567500712027144	0.0008577353143480512	0.00046768652665091166	-9.916189436460143e-05	0.09180705237319801	0.14649382171504916	0.09938664591914508	0.45782603081251955	0.7095480377215632	0.48326522141714934	0.36986309823868946	0.9999575136988024	0.8106217262010138	0.3694248447779572	0.9999146174698702	0.8124959455679656
cg27546431	17	1469457.0	-0.21706928488054686	0.05094638261139368	2.3062866939388222e-05	0.055597626510428336	0.00010331922258429083	0.054789293535886845	0.00019734961896227424	-0.023268574904150813	-0.14399214643681932	0.04054341862361123	0.00040789947873357224	0.04639508220729125	0.0019865915120353744	0.04763559213834555	0.003659112964064441	-0.015872880753627184	-0.1393695512620912	0.03624249026834474	0.00013221559249620085	0.04432313317201422	0.00174049425842466	0.04780221181399725	0.004960634430781695	-0.01565251622448248	-0.0066543493516993246	0.0017313484620836604	0.00013328709989323238	0.0021169000809494335	0.0017461090258698907	0.0022824266929238526	0.004961676809781956	-0.0007479008141586983	0.06864306226710576	0.17678013442343107	0.21246463262898058	0.4424433438865422	0.7936599304883443	0.8250227633225801	0.2303247222453783	0.9999575136988024	0.9999560135595468	0.2325532420520788	0.9999146174698702	0.9999316749064227
cg23050227	8	111228923.0	-0.06872849408262117	0.017653982151777433	0.00010810762349519472	0.01779386350536539	0.0001222804628844985	0.018271071044308803	0.0003810291311331707	-0.0059990928939048435	-0.06276481942433837	0.017705884457996004	0.0004182211894629555	0.017709361824520393	0.0004193077899633741	0.017970922765482362	0.0008961842043372398	-0.005477560069197166	-0.04823848465769215	0.01400290093202517	0.0006082069541245689	0.015342870524226622	0.0017426334219506632	0.014519695642574895	0.0015123871147899425	-0.004070706811785058	-0.0022997866939552174	0.0006689611550659922	0.0006239560636765743	0.0007328994447663524	0.0017787657545142877	0.0006929508798759712	0.0015282667804491742	-0.00019410987349226217	0.13220582526059035	0.18607914514201487	0.26851509218893854	0.44549691509048295	0.6711027688105078	0.675132990640565	0.3724536089431246	0.9999575136988024	0.9999560135595468	0.37472820077625335	0.9999146174698702	0.9999316749064227
cg17715641	19	43498564.0	-0.04530903271174773	0.016592089003361454	0.006472341590540866	0.015999776372893043	0.004756218096424918	0.015217543769802843	0.00416514331486534	-0.004680422212720029	-0.046241924398816144	0.016048517809672404	0.004077132495288533	0.015975756163225417	0.003912428029031709	0.016615984845098283	0.0071599927804300665	-0.004941700752511847	-0.04300348789953851	0.012990248176272505	0.000983232905332212	0.013681753404853668	0.0017479517949651787	0.013469843945597077	0.0022305638739159948	-0.004561902525469137	-0.00205782327551914	0.0006205621586226579	0.0009640006979387689	0.0006534384367809964	0.001712439148944622	0.0006432563313437921	0.002188033173464005	-0.00021823723821008862	0.4466997179955504	0.49834406922935054	0.47795504774173064	0.6357824854112676	0.8348808230001029	0.8432580934886073	0.41614877609678635	0.9999575136988024	0.9999560135595468	0.4146686213314109	0.9999146174698702	0.9999316749064227
cg09865593	7	606159.0	-0.10703636535565127	0.028321502434461368	0.00017017207012351277	0.028252059569472684	0.00016405361083712583	0.03159399419849249	0.0012384564637582555	-0.01735169577408112	-0.064211355489632	0.020764777092826273	0.002062665101622727	0.021566338307288838	0.0030047210818049197	0.024438151309417632	0.010864297841752746	-0.010504181561672515	-0.06328403902298345	0.01864464227687375	0.0007302785899565391	0.020134584168639398	0.0017483943989026252	0.023344785487415334	0.008704176486599905	-0.010422457589127625	-0.0030159484590050016	0.0008907244085262536	0.0007522480879976249	0.0009626632050188819	0.0018089263958961563	0.0011167324670043166	0.008944473398888158	-0.0004967184350214088	0.15593713623325203	0.20684653899009245	0.3684246419692652	0.57353134205223	0.8259355573115673	0.8500055558327552	0.3909952956399737	0.9999575136988024	0.9999560135595468	0.3944408172847537	0.9999146174698702	0.9999316749064227
cg13071386	3	37452912.0	-0.06696113125656653	0.0354365458521739	0.05920932602431016	0.03564038641024591	0.060672902095166494	0.04334139770937785	0.127526222342099	-0.005825031665987373	-0.07535833763973636	0.027955957136981315	0.00719002469428851	0.028246559557686974	0.007804899464037924	0.030570630349107477	0.016529541790878885	-0.00677011116754109	-0.09134821214512757	0.027433515531130544	0.0009184346750496674	0.029066371018050183	0.001750195313396395	0.030971894913741298	0.004509573789376889	-0.007968991697806016	-0.0043628948300713215	0.0013108195201099698	0.0009230867236198869	0.0013903603019052354	0.0017785835010590428	0.0014825066268807187	0.00459278273462313	-0.00038073521248568063	0.6905096939302197	0.7620441638321043	0.8144831626501671	0.6681622952875064	0.8671875091349874	0.8621266328071441	0.4134612970550654	0.9999575136988024	0.9999560135595468	0.4119623078798552	0.9999146174698702	0.9999316749064227
cg16762308	20	33283082.0	-0.053285310492148893	0.018887529612524472	0.004915438397582406	0.019772699044366644	0.0072042004770772935	0.0186035980262947	0.005724545815996989	-0.0064710373099881105	-0.05786002504045378	0.016541424750769904	0.000497769303104522	0.01699134154729976	0.0006976602561811974	0.015184182773387182	0.00032496327933713263	-0.007112497885717824	-0.050410162059977545	0.015007724371557526	0.0008283288083523014	0.016040510280620115	0.0017505926760567696	0.014513893915240092	0.0009517555738276517	-0.00618829977235322	-0.0024016265609618807	0.0007170194385600938	0.0008567236964744801	0.0007661702443631498	0.0017988503800909664	0.0006933590433134202	0.0009801692526317993	-0.0002949388501946765	0.41989332422263187	0.5453893994508185	0.5060491000298556	0.45782603081251955	0.6997202897659299	0.5978094979699552	0.40592423732599225	0.9999575136988024	0.9504452336097909	0.40991393384164243	0.9999146174698702	0.9514528791080519
cg04674508	6	30007462.0	0.059771721883741	0.022065507323760204	0.0069114067328174605	0.02239686080945646	0.007783548449529079	0.021475860766312155	0.0071555644662067725	0.00771150195614302	0.05500632265339195	0.02153241172649258	0.010836170799116784	0.02191354906524183	0.012286172713009757	0.02102701174365401	0.01119861870778974	0.007260438378365984	0.04318139539127617	0.01243248952497755	0.0005484425533629517	0.01374054693470732	0.0017509021397851664	0.015397851065630777	0.006752900976833108	0.00566796253792586	0.0020612104696422625	0.0005940543439373557	0.000555579015461394	0.0006566162457289646	0.0017715427942035617	0.000735024974435485	0.006754851591957262	0.00027062612477057196	0.4545280181202356	0.5523290484654385	0.5239257460762186	0.7020621772899013	0.8717002916740195	0.8515537951552269	0.36986309823868946	0.9999575136988024	0.9999560135595468	0.36614582086141695	0.9999146174698702	0.9999316749064227
cg02980631	6	156687216.0	-0.04481318828450907	0.024005262434524714	0.06233199630112155	0.023834989850195318	0.06048931230068023	0.0252431015957544	0.08084288747589864	-0.0017604859118145035	-0.04254383442040933	0.024276155521781285	0.08011440932875492	0.02403046439358312	0.07708154882875055	0.026306639598167057	0.11098922845061004	-0.0016472214859963095	-0.06765085243086352	0.02010541165535875	0.0008112331409859582	0.021534727756429718	0.001757679733418007	0.02239798680109394	0.003684234374013178	-0.0028339373065138667	-0.0032315683316657988	0.0009604218342598524	0.0008114342698970453	0.001028238611291592	0.001749760913080747	0.001069734614237122	0.003678874850745666	-0.0001352980878067508	0.6966757109023014	0.7617969995699816	0.7716410029119561	0.818481884039767	0.9153779856699878	0.9158124904888005	0.4038032467366373	0.9999575136988024	0.9999560135595468	0.4010763197351859	0.9999146174698702	0.9999316749064227
cg18147080	1	18917627.0	-0.07436690348227269	0.02271627894275843	0.0011117610692225242	0.02228711259171206	0.0008908139076966552	0.020626523616451592	0.0006286592985625236	-0.003218334834214912	-0.07319541111429573	0.02287662137198218	0.001436670353956617	0.022429371319361232	0.0011529370561813848	0.02047685335640976	0.0006930945235568724	-0.0032010027374832512	-0.07533370376723926	0.021722475015994027	0.0005590945008454438	0.023981118065956552	0.0017582782034838973	0.021442304566274512	0.000840011013304362	-0.003231267547709594	-0.0036033217865912622	0.0010377005626409615	0.0005501705938039043	0.0011460290076928548	0.0017417674941766661	0.0010252456959688686	0.0008366773292850238	-0.00015455481268128934	0.28937108339446627	0.3320316077340471	0.3021890920052132	0.5435448782071003	0.723123937957146	0.6566608231887391	0.36986309823868946	0.9999575136988024	0.9331450157434045	0.36614582086141695	0.9999146174698702	0.9278138357094332
cg13767778	9	92974027.0	0.05386228704008898	0.023613054801482843	0.02283540777935295	0.023871625867314325	0.02434700785901399	0.02443836861287351	0.03130777308670487	0.002858975675108573	0.059594713636788574	0.023663210581251284	0.012002785036135841	0.024099820362645418	0.013634714066245786	0.024600896101109732	0.01840113024636426	0.0031527252791644844	0.07420913571364965	0.021928472878705314	0.0007571235981986608	0.023627416646189937	0.0017616493714781485	0.023470932209713503	0.0024431687146957677	0.0039057136098423345	0.003534744783989575	0.0010476119652864087	0.000784805818772084	0.0011285302198561185	0.001813514379852254	0.0011207717538812597	0.0025006125593897755	0.00018603449095020038	0.5822706614850056	0.667342205174196	0.6724136659197468	0.710285734778261	0.8774551407386096	0.8621266328071441	0.39608417670299967	0.9999575136988024	0.9999560135595468	0.4010763197351859	0.9999146174698702	0.9999316749064227
cg10623043	11	67443847.0	-0.14077965907795867	0.05207303096011984	0.007022012832670379	0.05055692415729014	0.005499529501248234	0.0505889678122804	0.007163213924202511	-0.003281620758482016	-0.1263631809292472	0.052325892152497604	0.015986589828895215	0.05036027090726633	0.012319572522967046	0.05167698689505226	0.01737738755597396	-0.0026484447774378335	-0.1527084483092278	0.04559816998814274	0.0008581052098688811	0.04865707241503684	0.001775575934900903	0.052178385644487825	0.004808082936470739	-0.0033739835527911485	-0.0072810815622106236	0.0021784045042474998	0.0008784519342906213	0.0023262237510244892	0.0018267372895989491	0.0024973387852815407	0.00496077239356186	-0.0001609354001560545	0.45580362739685926	0.5142737877374146	0.5241408571728968	0.7274543645762052	0.8717002916740195	0.8621266328071441	0.40951290212678265	0.9999575136988024	0.9999560135595468	0.4099232598499769	0.9999146174698702	0.9999316749064227
cg26312071	15	90184551.0	-0.09385525898265555	0.023612167578553323	7.74670031702446e-05	0.02445928474440888	0.0001352931116124359	0.02277046086967788	0.00011532213627290465	-0.01177505917745514	-0.08147215336370695	0.022975516919573186	0.0004163762183828099	0.02406847937495158	0.0007503384039469901	0.022523140658134128	0.0006054418107139017	-0.010457189509653445	-0.07773896862665153	0.02274017529048544	0.0006690124810245344	0.024774026937658115	0.0017788087302777165	0.024660661110513963	0.0025116770562971054	-0.010048657671036802	-0.003717301238287455	0.0010863569063289372	0.0006612540142822015	0.0011837908798313327	0.0017654381712401941	0.0011790617933488724	0.0025086167173214947	-0.0004805566584168971	0.1115919072749506	0.19148374684551273	0.17861902643567207	0.44470188603073607	0.6997202897659299	0.6398553132680356	0.3840209038157015	0.9999575136988024	0.9999560135595468	0.38294520603855126	0.9999146174698702	0.9999316749064227
cg00777079	17	1763313.0	-0.07260854042197487	0.02283371051424239	0.001536036360447543	0.023051488901597732	0.001700680208319815	0.023205201410190782	0.002689902245778338	-0.005018742204227211	-0.0774843623598154	0.022867477521490435	0.0007412582435361807	0.02315831761432845	0.0008628568061412728	0.024766472684782437	0.0026928793448430465	-0.005555100515887106	-0.07766099572659542	0.0233099742846869	0.0009124213576758424	0.02475111378852737	0.0017802757507508354	0.028702589617370627	0.008824819154671088	-0.0056355673154818795	-0.0037099360531213784	0.001113548610896927	0.0009125181873563429	0.001183588154259719	0.001799477325683048	0.001373403886906008	0.008930565647317716	-0.0002691947568297231	0.312319129884607	0.39714077769380784	0.4369675281210064	0.4925946839903084	0.7132152365915807	0.8163415783783448	0.4134612970550654	0.9999575136988024	0.9999560135595468	0.41183476495251586	0.9999146174698702	0.9999316749064227
cg18558767	3	71542905.0	-0.0741815852839176	0.032502756484551594	0.022759478330774418	0.03276277425662118	0.02385620121259892	0.030652307309806597	0.018510324615509395	-0.012408956274838335	-0.035878090266777095	0.015272130514730848	0.01908043968971507	0.014969198021353883	0.016793205118135666	0.015788607620503343	0.026598783926150085	-0.005971014432899417	-0.044659562261390104	0.013933956630555919	0.0014166212812863695	0.014233446216756101	0.0017804404139904193	0.014691934139327841	0.003485213027959149	-0.007384782784426906	-0.002134779454169361	0.0006656377756405854	0.0014068169927354635	0.0006802709422697347	0.0017775600539818685	0.0007020729226994996	0.003475725794293745	-0.0003530626101363964	0.5816158183080912	0.6644120796005519	0.6160835254143672	0.735685536395481	0.8844148907165713	0.8817876018304697	0.46191159640949875	0.9999575136988024	0.9999560135595468	0.46109765406513287	0.9999146174698702	0.9999316749064227
cg25355076	5	39074575.0	0.07253812660797249	0.026440274621665826	0.006229547076987086	0.027916134038874232	0.009555361218174109	0.028695039623301315	0.014080384051249258	0.001422873382743719	0.0700952805026198	0.02658140344521019	0.008544567376026367	0.028110326220435994	0.01286966057229826	0.02950868375409955	0.020687401701596334	0.0013827960874852854	0.07799182483109346	0.02366832272948753	0.0010372195209490927	0.024862876124387655	0.001785055583759403	0.025374695866526045	0.0031605120231370794	0.0015481351089481068	0.0037333225771423624	0.0011306222726901244	0.0010127788672829677	0.0011863346932899717	0.0017256671986316668	0.001210657406668383	0.0030692248762563437	7.415472776688133e-05	0.444136013142355	0.5701718716654176	0.5873450444319895	0.6784416665692588	0.8743309698233249	0.8682515106392508	0.4217793499349857	0.9999575136988024	0.9999560135595468	0.41874940575628344	0.9999146174698702	0.9999316749064227
cg10435245	11	47378447.0	-0.06652840793382114	0.02605909977399086	0.010884218973497018	0.026321487248934013	0.011698132030268205	0.026523982074051284	0.014808902277016391	-0.011200398631571237	-0.036220951032245964	0.01358529296098215	0.00784381187232816	0.013759627696290197	0.008659915343854465	0.014896810805235949	0.01799073653363085	-0.006064763170845778	-0.04402219111284511	0.012859853048545533	0.000657866354405994	0.014040509790544997	0.0017941231207770692	0.014658860265253428	0.0038710977559669795	-0.007325236923861459	-0.002101523680060078	0.0006143550382260557	0.0006638997654337345	0.0006708336918907373	0.001810245668504918	0.0006999700091341756	0.0038800231316014427	-0.0003497410766874837	0.5028291453967798	0.5904738648635043	0.5932462547995853	0.6731517084114857	0.8712142145333529	0.8621266328071441	0.38260505249356536	0.9999575136988024	0.9999560135595468	0.38294520603855126	0.9999146174698702	0.9999316749064227
cg26342890	1	65523099.0	-0.08576005656823239	0.029244613487955637	0.0034683226259261436	0.02839304464580855	0.0026126050683385102	0.028839857935498925	0.004209840130388733	-0.005689030446422674	-0.08539677135421678	0.02581458420867164	0.00098606725574821	0.024481065173262966	0.0005156936092692106	0.02380893215875082	0.000666881039397763	-0.005671456275887824	-0.08480661090510343	0.026518915027402508	0.0014515091928438643	0.027050494290702776	0.0017956142464701928	0.02598865650595489	0.0018071041451952102	-0.005537695996893148	-0.004053742022229987	0.001266834189960424	0.0014419638239077004	0.0012924553847768663	0.001787532853292115	0.001242427999440206	0.0018095896032697594	-0.0002647472228924062	0.38868162721214344	0.4383445956072629	0.47953717163477527	0.5148839739847975	0.6828782340614814	0.6520340767404461	0.4628183377493848	0.9999575136988024	0.9999560135595468	0.4630165528446443	0.9999146174698702	0.9999316749064227
cg17602444	7	605182.0	-0.07760014302271687	0.0233619264530678	0.0009397282578820967	0.02327812702394021	0.0009008369606278432	0.02633392717924855	0.0045430333181957295	-0.011913672240938845	-0.07252464760710833	0.02277804657093186	0.001515243488486098	0.022713056152659897	0.0014688912170675488	0.026176487841900565	0.007405597241705056	-0.011213322266227883	-0.07137643887353262	0.021587428622172347	0.00099733134809144	0.02276719920823538	0.0017960161371885957	0.023221894037263126	0.0031599289081489924	-0.01112847502971697	-0.003412838475073384	0.0010312878948440939	0.0009871999837714593	0.0010879913181337697	0.001785376577352111	0.0011101604700318045	0.003155219902869533	-0.0005321894848703865	0.27390289758683484	0.3327039118921718	0.4852005419948463	0.5515690692444858	0.7501632442810329	0.8456022195455847	0.41791177543943825	0.9999575136988024	0.9999560135595468	0.4161341749377317	0.9999146174698702	0.9999316749064227
cg13700250	4	76781080.0	-0.08002929216740344	0.034541520773564836	0.020786897399428655	0.034628261661886685	0.021107106256476646	0.035213394666126045	0.026580172560991804	-0.00729951329680794	-0.09480218733362014	0.024578899205207196	0.00012504323829471746	0.025432572744005764	0.00020848665120114102	0.027296121106375644	0.0009521510880323809	-0.008567012483475633	-0.08120132253309276	0.024270056562462183	0.0008680906294048273	0.025902473572060342	0.0017970351405863772	0.027412324444219087	0.004348776595879745	-0.007427681570266491	-0.0038763198143194995	0.0011594413919241374	0.0008757397507222616	0.0012369476641185112	0.0018037337666481814	0.0013078838430299533	0.004329211403525942	-0.00035478568894451703	0.5705674050696052	0.6522133031755554	0.6555994729411664	0.32868565037722647	0.5663882693500097	0.6842028657216225	0.40951290212678265	0.9999575136988024	0.9999560135595468	0.4099232598499769	0.9999146174698702	0.9999316749064227
cg22062539	8	96284120.0	-0.027261008017324836	0.03125506391682258	0.38338208017052644	0.030680780545154697	0.3745466703390561	0.028599737504327677	0.3442553476467629	-0.0029116528087015647	-0.05687257631485519	0.018294909510331206	0.001953411898354371	0.01771173529617907	0.001381473158520859	0.01745893094484664	0.0018383006262881355	-0.005588761279353267	-0.05664237661649356	0.018077610953893673	0.001806699347101301	0.018068485960474296	0.001797129149103315	0.017254771656216465	0.001704330290103959	-0.005571320610215355	-0.0027123146028654446	0.0008635407537282554	0.0017609602281375622	0.0008634948725749882	0.0017599722877057646	0.0008248967330045124	0.0016770609213141742	-0.0002667334439882168	0.901781896131764	0.9248251951319887	0.9132655723693115	0.5702764657932831	0.7436128318158894	0.7690547419510269	0.48989180384442904	0.9999575136988024	0.9999560135595468	0.4849025605620455	0.9999146174698702	0.9999316749064227
cg22122976	19	38850455.0	-0.041111324476837685	0.01946793631458324	0.035049829456587765	0.019126337441311064	0.031928129878907835	0.019501031371359175	0.039132923374260685	-0.001412856979318759	-0.050327398473052336	0.01958553407489054	0.010381111491969132	0.019243971412683497	0.009103427995313947	0.019367723301707496	0.011723304282455336	-0.0017436533613719302	-0.058393405899509324	0.017866402659454217	0.0011390874628829147	0.018627448117043168	0.001797532460539163	0.021182122512789125	0.007690089793235612	-0.0020281918463188825	-0.0027867746579227377	0.0008535289750182577	0.0011523536269566316	0.0008896875756654055	0.0018126608008789695	0.0010109230276111579	0.007691489596099728	-9.679430085149447e-05	0.6310449722665739	0.6976781669301099	0.6962872283374196	0.698727691045697	0.8712142145333529	0.8525469939440312	0.43601201420640545	0.9999575136988024	0.9999560135595468	0.4393340306296257	0.9999146174698702	0.9999316749064227
cg08301102	19	16111588.0	-0.06477822416662712	0.0353958607459548	0.0676443123407654	0.03456548308330592	0.06132238379352986	0.031163405855358886	0.04186159188906495	-0.002749061396160428	-0.05714033483697507	0.03558701989753278	0.10878908346049693	0.03424369776723918	0.0956239003035608	0.03159195264911328	0.07542679245472986	-0.0021357524196274967	-0.07560534951335138	0.023546998877617034	0.0013890716534204217	0.02411889790466956	0.001798202403094914	0.025596840896295707	0.0044549727468952294	-0.0029971728937595752	-0.003618108502482521	0.001124830795917255	0.0013619536633843183	0.0011525770743591908	0.0017715043327728405	0.0012241423266905517	0.004430725068290259	-0.00014334426542293182	0.7053731855617542	0.7632471921613581	0.7044539283467409	0.8369742307781294	0.9179858608601692	0.9063153572271708	0.46102132760898146	0.9999575136988024	0.9999560135595468	0.45684900357022645	0.9999146174698702	0.9999316749064227
cg18903719	5	134004845.0	-0.07766408054824785	0.031758495066563815	0.014703649206232558	0.02994084485092112	0.009680499003496174	0.029441950821076247	0.01057126106362991	-0.0010998609793705265	-0.07471398641963534	0.03212545122665758	0.020311736964967082	0.03029034459903084	0.013872300669847692	0.030305863202816558	0.016518063108506176	-0.001062004259567187	-0.0854492258212107	0.0281900390020673	0.0025332601444901506	0.027260136381859642	0.0017988542433122901	0.025104894377423224	0.001179807534834801	-0.0012418863820328463	-0.004086052332110259	0.0013466659213549395	0.0025084434730397102	0.0013013192525364722	0.0017668417868504133	0.0011980249010141327	0.0011548091420695258	-5.9380961734399215e-05	0.5315970315866114	0.5706494838912008	0.562857956710389	0.74098893531731	0.8774551407386096	0.8621266328071441	0.5300417799170425	0.9999575136988024	0.9905930636798045	0.5294018896969388	0.9999146174698702	0.9875445325110325
cg15008587	4	122005918.0	-0.07720327429653924	0.021354849439238526	0.00032081941615569494	0.02178935612182924	0.00042068756278461486	0.024641812132611088	0.0026582505878922497	-0.0050912856579951316	-0.07539533188141062	0.021302600304038948	0.000427040982341039	0.021313897294224268	0.00043003330676599246	0.024791184158635248	0.003470378376812523	-0.005010459638394034	-0.06408640902031612	0.019862873203285534	0.0013166024251135967	0.020449945457473157	0.0018034932308055786	0.02102089860636108	0.0033963601331139224	-0.004294406429958056	-0.003062496085136573	0.0009489560501189136	0.0013130556958602768	0.0009767451290567393	0.0017938835122137938	0.0010032524100695777	0.003358685395084558	-0.0002053133824046257	0.19681155897109923	0.2729832796453206	0.4369675281210064	0.44721852457245853	0.6729912323066777	0.8237939144125507	0.45809246308145374	0.9999575136988024	0.9999560135595468	0.4563614402773356	0.9999146174698702	0.9999316749064227
cg05655806	3	111541909.0	-0.05181701511883426	0.03249885172767094	0.11127646501510115	0.03269585017495078	0.11344345282413236	0.03449026876485444	0.13816200198996512	-0.008140381038481023	-0.0751990342052275	0.027044479529649695	0.005568132402694149	0.027675796755070477	0.00674306899113892	0.02680441544894425	0.0067326763347152095	-0.011941716254128095	-0.08964584244025994	0.02659132874942565	0.0007928386155707389	0.028611736917082485	0.0018073337613998337	0.03127641797594117	0.005692889838536093	-0.014310284719987834	-0.004279468097005683	0.0012702427758450358	0.000799161401806387	0.001367694288087382	0.0018330872866110437	0.0014929544395720661	0.005689749159954457	-0.0006830984581813728	0.7608917014200073	0.8199389494560794	0.824425741629127	0.6571094280932203	0.8573191498176632	0.8394528455137164	0.4022120143026595	0.9999575136988024	0.9999560135595468	0.4010763197351859	0.9999146174698702	0.9999316749064227
cg20335293	2	155729545.0	0.053715918570791256	0.023570363845304563	0.022959338642347837	0.023732242173414023	0.023904948980060594	0.023928757104995934	0.028416224863970198	0.0035345030320511964	0.05960609698229835	0.023796955742919776	0.01247270812962312	0.023962799593748384	0.013091788641983121	0.023958346860547777	0.015597840916052102	0.0039046665395594477	0.0788069567485346	0.02340783895288076	0.00080581099420672	0.025153421229535948	0.0018081405779131659	0.024383458771609214	0.0019840328334371077	0.005170975589134756	0.0037686347079609	0.0011181959252266843	0.0007955641360875322	0.0012015728328947416	0.0017878191903588946	0.0011644885609672605	0.001958647920423984	0.00024725167710505495	0.5831429989123099	0.664856188195401	0.6621444469549314	0.7144076904279644	0.8751202813279523	0.8615909685990398	0.4038032467366373	0.9999575136988024	0.9999560135595468	0.4010763197351859	0.9999146174698702	0.9999316749064227
cg00555905	17	81166681.0	0.09331053727035074	0.030465040533852322	0.0022733580773214904	0.030431984516162545	0.0022485365156780603	0.03298017608043574	0.006305868182114168	0.007657720099380603	0.10336851828968666	0.029397771840769797	0.0004652011810506301	0.029806907236987566	0.0005556462253462435	0.03250670390729718	0.0023156877000473763	0.008673504548695588	0.1002377942865855	0.030266884266360216	0.0009785675154663524	0.032001485837700926	0.0018127910012657588	0.03495067411030174	0.005665510140307544	0.008549639040878215	0.004798354184551467	0.0014459198420809479	0.0009556082638334585	0.0015305103591293947	0.001795547854093581	0.0016711879000049744	0.005614629844574249	0.00040929479663614295	0.3450381337129452	0.4204015503121073	0.5140569607865243	0.453748264263174	0.6875814646099725	0.800146813440339	0.41607930106409297	0.9999575136988024	0.9999560135595468	0.4142851397316367	0.9999146174698702	0.9999316749064227
ch.12.12432R	12	430694.0	0.16203629850488566	0.05029175069998788	0.001330234782238201	0.05056350859622482	0.001411701470341722	0.049422024572516654	0.0017253903991144295	0.002986293209387018	0.16854166726962072	0.05036570523241338	0.0008613165141304011	0.05064255712487729	0.0009189891132519507	0.048564186400744835	0.0009598932432881526	0.003251786696244694	0.1615530478458564	0.04573288675639676	0.00044087800062140534	0.05157763330981179	0.0018131249429712705	0.052267609024084796	0.003005998048330123	0.003361466198074585	0.007715204259246938	0.002184806195307351	0.00044290462763304595	0.0024639875273301357	0.0018194874017544516	0.0024987151566000215	0.003034198568348188	0.00016052581069462069	0.3024725822084365	0.3829978259177837	0.39518116231219863	0.4995320990494329	0.7152483846604266	0.6865555646109001	0.3599193278402209	0.9999575136988024	0.9999560135595468	0.3596112357220312	0.9999146174698702	0.9999316749064227
cg13424529	1	154566748.0	-0.08445986323259494	0.03383528935509324	0.012773966303802857	0.03530796044579522	0.017006423179414146	0.042102411611024716	0.04929009365367344	-0.005133582908015459	-0.11258581625482691	0.03155444455666181	0.00038357771673732375	0.03328617807137409	0.0007575135460750286	0.03764748847931122	0.004012638381101936	-0.006959919907279755	-0.10303050210204245	0.0305642813117301	0.0007936838477511526	0.03289747190442528	0.0018153394423039075	0.03480954215737025	0.004378254643252111	-0.00609569306233902	-0.004914774558229149	0.0014601696599356295	0.0008081051433307353	0.0015713469516627507	0.0018405920882168362	0.0016640771940124065	0.00445806134210668	-0.0002908625572069916	0.5157397832242991	0.62790139171063	0.7214747117552404	0.4300989997620059	0.7032766186258907	0.8272637487752884	0.4022120143026595	0.9999575136988024	0.9999560135595468	0.4010763197351859	0.9999146174698702	0.9999316749064227
cg03976468	22	24417150.0	0.042618795239391286	0.024241572478675266	0.07915462772374773	0.02306196692518742	0.06500768477753985	0.020964055857427125	0.04641634715820233	0.001213578068289027	0.047949210004692544	0.02443075253076927	0.05007060873784725	0.023570668262553753	0.04228993645540682	0.021370672200536785	0.028493305299503956	0.0013469785671504884	0.07270967036552342	0.02231841210146328	0.0011813769895480926	0.023217521496895037	0.0018165242076430294	0.02160016507625508	0.0013234499069936566	0.0019610723571084065	0.0034668023408758403	0.0010662307629809248	0.0012077618657278602	0.0011094326025149052	0.0018585802995425868	0.0010327348378039512	0.0013613105890427958	9.350192512101751e-05	0.7241634228826531	0.7697304647313787	0.7161937022346591	0.7917441801037204	0.9089493664794194	0.8847519836905731	0.4419605563403379	0.9999575136988024	0.9999560135595468	0.44497379369603157	0.9999146174698702	0.9999316749064227
cg16704938	10	119458516.0	-0.08910758255491472	0.026771032911215034	0.0009172384993240683	0.02774276511598009	0.0013767551672222837	0.02993176847339519	0.004169848885387181	-0.004654310232020516	-0.086757782736098	0.02608242878244751	0.0009247606115209715	0.026537571351644952	0.0011296262204973442	0.030202793069985894	0.005594597647970246	-0.004553317619186776	-0.07393064186525454	0.022303275799986578	0.0009683322992262228	0.023608471199564808	0.0018173902626793309	0.026725149807073884	0.007492130687637313	-0.0037872744017831503	-0.003535550933505139	0.0010655437521328826	0.0009572100748563734	0.0011272459793975297	0.0017876257932677871	0.0012747247216546155	0.00734581333800146	-0.00018112654743643764	0.2714053738829637	0.37981326652974545	0.47795504774173064	0.5034504947338395	0.7221039184026306	0.8326897594526024	0.41574477347695715	0.9999575136988024	0.9999560135595468	0.4143982521182753	0.9999146174698702	0.9999316749064227
cg18540871	6	143511800.0	-0.0622002337409371	0.026240943987182647	0.01803191506072131	0.026918662135253645	0.021130684374141704	0.02573763037449776	0.018668164320107847	-0.003321711097382221	-0.058285008734474134	0.025702757916734233	0.02364573173782536	0.026677974917740075	0.02922807724341637	0.025998043802736515	0.02861543217197292	-0.003193862497121807	-0.08172681896458954	0.02385451583131505	0.0006511818499439116	0.026098249760164963	0.0018175397063291303	0.022880395787816733	0.0006988665552753201	-0.004163970020048097	-0.003911141817918412	0.0011395243030898697	0.0006367223426211737	0.0012478118942112232	0.0017999731270584604	0.00109539766846999	0.00070194139726906	-0.00019928021559605726	0.5550157915005668	0.6522133031755554	0.6178458513787801	0.7518285081011563	0.9023414153485774	0.8847519836905731	0.38260505249356536	0.9999575136988024	0.8975736820369667	0.3801392035593312	0.9999146174698702	0.8933792079164781
cg16770054	7	1916102.0	-0.10881091986558183	0.02846862519177074	0.00014366080339379844	0.029735854507883453	0.00027129951372051287	0.026431954868159795	0.00011735585361284102	-0.011428225092213966	-0.08511204705747494	0.027352427332112173	0.0019337677297841566	0.028877071545289856	0.0033082747816762796	0.02861507858290799	0.0042013198901337135	-0.00905008201623523	-0.09516657844442378	0.027890238221440544	0.0006846110640820112	0.030406624705615313	0.0018279810525809663	0.03032623712170568	0.002619011262433804	-0.010206167730004882	-0.004550616810158547	0.0013323070278549866	0.0006762488249190854	0.0014525500000271401	0.0018093803585686706	0.0014484528933487416	0.0025913918800102693	-0.0004882384999111323	0.1488927176932697	0.23667549797916027	0.17861902643567207	0.5702764657932831	0.8276112937654644	0.8310989397767151	0.3881217371881075	0.9999575136988024	0.9999560135595468	0.38565329716058244	0.9999146174698702	0.9999316749064227
cg23743830	21	36064576.0	-0.07485618310898116	0.02562041457492042	0.003589040245591022	0.025217377979236	0.003091839252003238	0.022251090304592786	0.0013315712904219562	-0.005000341835154638	-0.08706697255760093	0.0254078364705195	0.000645489432612901	0.025247884026597507	0.0005965419123570999	0.022559091884249313	0.00027684066965296983	-0.005796572135887693	-0.06718487649237447	0.020141068467811243	0.0008994506672260779	0.021470503265347454	0.0018318242926297923	0.024343520148684943	0.00762490499081978	-0.0046975187057187555	-0.0032047769828847925	0.0009622061463400366	0.0009156764240976982	0.001025915805012448	0.0018649502925092187	0.0011633610144222647	0.00773136986217421	-0.00022415102576096786	0.39129089936939265	0.45445035529227346	0.3724859813542694	0.4810130516610991	0.6908051206401065	0.5736812946255994	0.4133112835842905	0.9999575136988024	0.9999560135595468	0.41183476495251586	0.9999146174698702	0.9999316749064227
cg09835408	20	32764593.0	-0.05090000217385004	0.02378628962799282	0.03269696969379371	0.023968567364925652	0.03404040441196901	0.024039034292380444	0.03831170212945727	-0.008309458766779628	-0.023941075745420464	0.010071492964729874	0.01770907083848586	0.01057066212817608	0.02381767145512392	0.010975206366062373	0.03301945355469228	-0.003905650565601451	-0.032737055371840684	0.009479245470668158	0.0005893570094691593	0.010463282453232659	0.0018343756812726915	0.011137163952401488	0.004638037809639558	-0.005297034524468552	-0.0015607286625785232	0.0004528532865628405	0.0006048112972150508	0.0004998598107771791	0.0018742599270725841	0.0005319997151511743	0.004713708250849723	-0.00025260121143262583	0.6240430078716098	0.7054566169099391	0.6939621111481162	0.7314511990177324	0.8976137361183888	0.8869810588221004	0.36986309823868946	0.9999575136988024	0.9999560135595468	0.3694248447779572	0.9999146174698702	0.9999316749064227
cg18241877	12	120268212.0	-0.053366520411651144	0.014991588585294304	0.00039540068581825805	0.015156285779302774	0.0004566772801791012	0.012717624936298324	8.948804930825599e-05	-0.009104501022456076	-0.04226971914702393	0.013317013804542576	0.0015669139540653266	0.013307455687689363	0.0015548211385657785	0.011351199466500596	0.00043053986383326395	-0.007196852099868779	-0.042564442164966756	0.013073528745795288	0.0011898425025550668	0.013604929906396205	0.0018353072099249273	0.011601874402608752	0.0005138102832133028	-0.007260764548751548	-0.002032791954839144	0.0006243927631319029	0.001190431237722803	0.0006497183373152218	0.0018345464324116627	0.0005532959432543402	0.0005053097179077798	-0.000346753977120538	0.20961339080608848	0.2817703634532229	0.1624360585791201	0.5528746512746219	0.7614471475009811	0.6186065970840329	0.44318313018159067	0.9999575136988024	0.8252485923974272	0.44268380671955593	0.9999146174698702	0.8241313741191877
cg03848890	2	26559696.0	0.054681534941316744	0.020648412082124798	0.008267662428213265	0.022092778136658314	0.013547955124094279	0.02108750436259552	0.011891288501186285	0.00544246354466555	0.05486229670115859	0.02033896494255792	0.007151889966363929	0.02169171788141514	0.01164525388819234	0.02225576698373421	0.016528472154758868	0.005436793079442843	0.06869344444925236	0.01954678283939853	0.0004716506687039139	0.021959240560294253	0.0018376419263471722	0.023801536233852203	0.005386827962590924	0.0066474597949560815	0.0032842131727154754	0.0009337374193217263	0.0004665071061841176	0.0010490240164176725	0.0018222616166792226	0.0011360184128917834	0.005313755914952974	0.0003177816102797526	0.4726691211325259	0.6062575749309445	0.5767089209216482	0.6681198883578792	0.8712142145333529	0.8621266328071441	0.36311468581727885	0.9999575136988024	0.9999560135595468	0.3611066915644718	0.9999146174698702	0.9999316749064227
cg26707398	19	50210657.0	0.19775316210750457	0.07468048822967975	0.008273238753555007	0.07130811026637968	0.005693050103053103	0.062157436913072135	0.0023049384328367923	0.010637674567003534	0.20149745607136668	0.07549951864585032	0.007782372430667327	0.07337635233921676	0.0061817490366798756	0.0671893677170285	0.003917395139521023	0.01059862396144938	0.24296727380282593	0.07595453836700071	0.0014471335196805043	0.07767812929103862	0.0018398145334327432	0.07241492849324725	0.0013683993672477367	0.011886332186386368	0.011625689555643377	0.0036282398520022493	0.0014208189336112613	0.00370947343058478	0.0018020666164302592	0.0034647456542964464	0.0013675078291454713	0.0005687001266058021	0.4726691211325259	0.5175736922694936	0.42512785635006667	0.6729008832209409	0.8573191498176632	0.8250227633225801	0.4628183377493848	0.9999575136988024	0.9999560135595468	0.4630114997961771	0.9999146174698702	0.9999316749064227
cg06156502	10	32984785.0	0.03248841920574453	0.016448785300599914	0.04863281419574274	0.016359892669565272	0.04742535196196717	0.016450069260374702	0.05280187257970883	0.0019175294450280815	0.03462376625182893	0.016623615506980816	0.037621275613547875	0.016519526189474318	0.03643698176075616	0.016525367230963567	0.04031325894852568	0.0020461499535344195	0.04895336297190731	0.01491791504327559	0.001088004392795931	0.015653680477972366	0.0018435009603709129	0.014658728128795252	0.0014352337225536779	0.0029017106284629085	0.0023368016304314426	0.0007126474943615885	0.0010974222187033757	0.0007477436428283503	0.001856747018112145	0.0007011704280356851	0.0014652744738949067	0.00013848758392349448	0.6688709445199206	0.7371929590606138	0.7277340087708443	0.7778921465097464	0.90366880157135	0.8932971499708707	0.427163610212527	0.9999575136988024	0.9999560135595468	0.4287817161712438	0.9999146174698702	0.9999316749064227
cg18331732	19	6742896.0	-0.07920206793189999	0.021902098763576367	0.00031969132416534034	0.02240730437965861	0.0004342313553923611	0.026735762037671886	0.0043465315310584314	-0.003222125463901493	-0.07484137479697663	0.02204002638550305	0.0007220910908573006	0.022077443601597153	0.0007371757746712934	0.026447189391832365	0.006296303826524341	-0.003056810404269727	-0.06550468411199768	0.01927343644769222	0.000718625130919391	0.020949423016718396	0.0018464283289523658	0.022146192665647824	0.004403178845324255	-0.0027252735708830945	-0.003116408915908846	0.0009207896144874707	0.0007561732439676786	0.0010000518273586443	0.0019127825251852879	0.0010576409088145187	0.004545706807739804	-0.00012972778178983605	0.19681155897109923	0.2781162511547248	0.4819044916075174	0.4925946839903084	0.6997202897659299	0.836144898118913	0.39079359721882073	0.9999575136988024	0.9999560135595468	0.3944408172847537	0.9999146174698702	0.9999316749064227
cg26687830	6	32167549.0	-0.0663743750406909	0.023361279108538684	0.004620351660797372	0.024107807579375716	0.006048704580465929	0.021095255526654314	0.0025558579782798373	-0.002535571485026814	-0.0705332208532097	0.02333477196319185	0.0025944945536269673	0.024459428343704397	0.004047825189630621	0.022561021390870024	0.002710810449100666	-0.0027112538034273423	-0.06772724636312472	0.01919365041098479	0.000447313336009395	0.02166123584696999	0.001847323761084707	0.020252928197539887	0.0014155847462204083	-0.0026470790646734906	-0.0032297637005538667	0.0009169393382843523	0.00045786800803812166	0.0010350037381321724	0.0018855757239282505	0.0009677367425901916	0.0014444040646099231	-0.00012626388919528668	0.4162147307886249	0.5248473282303837	0.4327903959120136	0.5978290837537209	0.8376721488367371	0.8163415783783448	0.3599193278402209	0.9999575136988024	0.9999560135595468	0.3611066915644718	0.9999146174698702	0.9999316749064227
cg26344818	8	73097203.0	-0.09205834422311247	0.026843906750374857	0.0006391523204958128	0.02896134517580292	0.0015424303449128884	0.026769370502403342	0.0010584069599667647	-0.013480733635980163	-0.09513680817330952	0.02661026525605273	0.00037334595407067833	0.028657828827650295	0.0009463693093970584	0.028599609054658588	0.0014931310025553582	-0.014082045731638232	-0.09703120433064455	0.027393263973388884	0.00042540309383385885	0.031035065055352872	0.0018482785185844975	0.029415842473239504	0.0016246203921427582	-0.014369827254874394	-0.004646255206953831	0.0013086301235951659	0.0004124358517940076	0.0014829964817243155	0.0018083398718931314	0.0014055795155577236	0.001590759474924989	-0.0006880022047932835	0.2411164899788039	0.389255742565867	0.3527275035391836	0.4281135844945932	0.7152483846604266	0.7395670397022769	0.3599193278402209	0.9999575136988024	0.9999560135595468	0.35547147764716697	0.9999146174698702	0.9999316749064227
cg19407682	11	78958132.0	-0.09632891642764368	0.03113524462990996	0.0020514225722022003	0.032289093132811426	0.002947057977049527	0.03228185344380756	0.004087972633007826	-0.004406745395835573	-0.10707199480186082	0.028902085793693803	0.0002279014673275035	0.030464447777770895	0.00046787541462441296	0.0300273455018064	0.0007124306833536998	-0.005074485497744414	-0.0981662812437702	0.02947071325815001	0.0009146353579982852	0.03140168642048765	0.0018504811519646242	0.03108387870374004	0.002469469698852126	-0.004651075661638538	-0.0046688483139603575	0.0014079820367896643	0.0009642631841238693	0.0014994307584630783	0.0019288200425921886	0.0014833936193982258	0.002548379439436886	-0.0002213466949103894	0.3353719640725861	0.4493114153448494	0.47597834567387187	0.3657004069681857	0.6778341116247854	0.6566608231887391	0.4134612970550654	0.9999575136988024	0.9999560135595468	0.4146686213314109	0.9999146174698702	0.9999316749064227
cg06941335	1	241356456.0	-0.06702579423630059	0.03498989606779607	0.05581219839114196	0.03700574293575196	0.07051947801927293	0.042102567360964384	0.11656206109725768	-0.004571851131458314	-0.07891855183086219	0.03437192453789999	0.02196130135864941	0.036793936303881634	0.03229647725911112	0.04066488912613219	0.05691911245628448	-0.005520665990400511	-0.11218565878173858	0.03404986332636345	0.0010388628274536746	0.03588855680060452	0.0018517315293400643	0.03811380216944005	0.004586025233927502	-0.007801812111650591	-0.005362488757766515	0.0016265057435249969	0.0010309236285369222	0.001714498214938567	0.0018406878828803755	0.001820848859442054	0.004565229962634578	-0.00037275758327742146	0.6850744184386822	0.7773751775617377	0.8051153103295946	0.7449959155360293	0.90366880157135	0.8989070970203766	0.4217793499349857	0.9999575136988024	0.9999560135595468	0.41955416498280984	0.9999146174698702	0.9999316749064227
cg03292222	5	171307308.0	-0.041359991313910736	0.021570423234524416	0.055574715660959964	0.021924570698431355	0.05963137200760188	0.022619379805294406	0.07236164762604175	-0.0030974061582879856	-0.03677079764464233	0.02169184934644449	0.09048057192450822	0.022021810988682968	0.0954045906765853	0.023712655565962193	0.12615095867152412	-0.0027265455159554636	-0.06635432418318593	0.019962414023069655	0.0009375528854329152	0.02123038675078388	0.0018548595133901307	0.021315850037697856	0.0028192256787532015	-0.0045462142514151125	-0.0031695696367123275	0.0009536398225707652	0.0009385714947852301	0.0010137036074520463	0.0018469175660649347	0.0010172425466349997	0.002795179880115715	-0.0002171677076336735	0.6845673940393653	0.7611464914727948	0.7609572069783866	0.8251001155921703	0.9179858608601692	0.91931004523355	0.4138603026837606	0.9999575136988024	0.9999560135595468	0.41196313051845795	0.9999146174698702	0.9999316749064227
cg00296565	1	42041023.0	-0.07923102563778128	0.0242117826869244	0.0011168547908421245	0.02457341011195075	0.001319599897950711	0.02282940936796609	0.0009596686230028932	-0.0030371855163408255	-0.08298467014143002	0.02405067231551304	0.0005923760143270658	0.024020959152540065	0.0005832297953112961	0.02215501342198835	0.00040123914385758954	-0.0032031111098713553	-0.07201674453331369	0.02193432471789475	0.0010812900303898444	0.02304615456661487	0.0018582732391814224	0.022805234003960815	0.002470959341972269	-0.0028403955720923534	-0.003436835940182153	0.0010478874439617432	0.0010946218467431505	0.0011005784521840836	0.001871618928867942	0.0010885722786992318	0.0024761147760234345	-0.00013568073433333915	0.28937108339446627	0.3736692573228179	0.34235275566649115	0.4744762009507339	0.6875814646099725	0.6089818891669874	0.42663732636634855	0.9999575136988024	0.9999560135595468	0.4281007874301765	0.9999146174698702	0.9999316749064227
cg25633383	6	31892986.0	-0.07516204013367338	0.01813122676752984	3.7924348051891546e-05	0.01805297922860491	3.5122970849869187e-05	0.01940401365324232	0.00026436905089730945	-0.011961979736158939	-0.045665350837564664	0.01419385295455895	0.0013521404513176791	0.014649954989830016	0.0018990557606609801	0.014160442829552543	0.0020266536860002893	-0.007340330248583139	-0.047693061043949374	0.013507160266953453	0.00044348417319290946	0.015266293186621465	0.0018633565498645034	0.014779486785314815	0.0020138727441774613	-0.007700220686590731	-0.0022858011073466503	0.0006452174663337613	0.00042456925976117223	0.0007297409674428336	0.001812424675538119	0.0007061878068840493	0.0019556262226930713	-0.00036902101925606503	0.08388596381141429	0.11032699765940257	0.23780466117636803	0.538502728164409	0.7885483917635097	0.7803702451005576	0.3599193278402209	0.9999575136988024	0.9999560135595468	0.3596112357220312	0.9999146174698702	0.9999316749064227
cg25112191	1	151831784.0	-0.07695891291559802	0.020454108407237364	0.00018179853018777446	0.02020196343882455	0.000151064588429206	0.019105540594617422	0.00015819116182643064	-0.011267865809972534	-0.057622049258348344	0.018669399482525696	0.002103329677418852	0.0182344905813728	0.0016434075652166568	0.01718285556055533	0.001375704947779428	-0.008328148996579274	-0.06158936099713888	0.0186586361160428	0.0010168936284693998	0.01971533877830365	0.0018642606243151453	0.017814841181481827	0.0010003091168709329	-0.008941816593736262	-0.002952679893614356	0.0008913031494094377	0.0009752382261796345	0.0009418353256955845	0.0017961849252216468	0.0008505493305321139	0.0009569041665328427	-0.0004287337530496237	0.15968138620618427	0.200719074676229	0.19522284468776852	0.5751316822438832	0.7741428217400501	0.7361268569582715	0.4210905663003513	0.9999575136988024	0.9504452336097909	0.41572795203162727	0.9999146174698702	0.9514528791080519
cg15360169	6	169724221.0	0.12808853090865344	0.05713216233867147	0.025265018330968347	0.055577404322344356	0.021465790564318094	0.049715018681246344	0.012418060851509868	0.0020149923666627828	0.1492151791812501	0.05700577273295879	0.009042478724192504	0.05546352709678485	0.00730360847057842	0.05315530919661574	0.0067016702185627875	0.002503786130944845	0.13194487987750647	0.04058028678595285	0.0012077757063018327	0.04224452382598092	0.0018678244726812838	0.03990903677910901	0.0015880672330903548	0.002034626584946456	0.006309288790049461	0.001938578816769017	0.0011947079314083484	0.002016576413332307	0.0018346388257456875	0.0019066809912435822	0.0015741993906963944	9.735480842989748e-05	0.5941451937535283	0.6529888038507121	0.5810939577340201	0.6845044658886158	0.8610074049058993	0.8385202956261015	0.4454050545115412	0.9999575136988024	0.9999560135595468	0.44326073382150827	0.9999146174698702	0.9999316749064227
cg23596678	17	81835124.0	-0.08168867470386011	0.019331827898069982	2.6870783977494683e-05	0.01949641122283648	3.134556287673327e-05	0.018151110369822695	3.109042108961611e-05	-0.0095197836556098	-0.06547871884636763	0.018507038859384047	0.00042897015395597257	0.019022760839009993	0.0006105127786848429	0.018713786554808876	0.0008785397097142898	-0.007768115148353612	-0.060977976596153796	0.017937931875440082	0.000716861009300127	0.019530269166327555	0.001874909508071343	0.019548509195998837	0.002766982102131935	-0.007366775808844614	-0.002923748538857981	0.0008568760376013786	0.000684809005574648	0.0009324651190196401	0.001793312433768817	0.0009335450672019413	0.002667157790284426	-0.0003531447867509649	0.07399208537933491	0.10759831129010973	0.11011313720238633	0.44721852457245853	0.6908051206401065	0.675132990640565	0.39079359721882073	0.9999575136988024	0.9999560135595468	0.38714950237922174	0.9999146174698702	0.9999316749064227
cg23906687	2	238138388.0	-0.06803616988807173	0.020997519132613194	0.001248992045472845	0.02151186631924833	0.0016281629269781963	0.023689142609690073	0.005601892108490724	-0.011471884502946825	-0.06663009788988108	0.020670358917883554	0.001323625489736877	0.021220178612024243	0.001758892770914061	0.02410720036774763	0.007541652407146183	-0.011239829931145421	-0.06712125793781412	0.020566741060177942	0.001158050675966493	0.02149856631232267	0.0018755496628719876	0.02164475924738306	0.002918482787328876	-0.011348774948030164	-0.003194480031587682	0.0009825974091138404	0.0012094309631209546	0.0010265992537968754	0.0019419734350864689	0.0010335751555253713	0.0030075157240601	-0.0005402233678137008	0.29696330307586327	0.3951457304358162	0.5039001540780446	0.5352458507614009	0.7787301602441881	0.8467010775793248	0.4392667416867437	0.9999575136988024	0.9999560135595468	0.44497379369603157	0.9999146174698702	0.9999316749064227
cg11150562	11	120562068.0	-0.08595081275625868	0.020767016295004253	3.901128364499964e-05	0.021745545559101166	8.4885918179164e-05	0.019653622612897832	4.856542557404184e-05	-0.00782892385240334	-0.07023185545307087	0.020360602466873996	0.0005945596861425676	0.021271244231743175	0.0010083344435003363	0.01969921769995022	0.000713791740767387	-0.006407351574413257	-0.06908606260598235	0.020263397219073324	0.0006915022840076197	0.02212860169845531	0.0018761866635074492	0.022088258604660335	0.0026997534073669623	-0.006363160550183924	-0.003302955821066025	0.000968005541480788	0.0006847527579169813	0.0010573205643984271	0.0018645016143352584	0.0010557025020605962	0.0026922373704071955	-0.00030420534856035126	0.08486719303894202	0.1636208410396026	0.12521311248495146	0.4744762009507339	0.7152483846604266	0.6566608231887391	0.38984452510787787	0.9999575136988024	0.9999560135595468	0.38714950237922174	0.9999146174698702	0.9999316749064227
cg05572621	21	30600214.0	-0.08109610044368594	0.026185973834159583	0.0020307606750890068	0.02705579611363094	0.002816265505686771	0.03179256462492345	0.013273165873697909	-0.00863029884638526	-0.09575996778631922	0.023535722493077796	5.250090725008832e-05	0.025210138854118214	0.00015788070834018566	0.026954750543108048	0.0007426462990465112	-0.010501955132406465	-0.08760896640631352	0.02350113607483068	0.00021002485347770787	0.02806403035144538	0.0018779000200009773	0.02844346297838365	0.0031015034042119792	-0.009736457461607905	-0.004180417091993579	0.0011227199396023528	0.00021363225612485573	0.001340538857235482	0.0018986910784075147	0.0013593837761750399	0.0031456848417349068	-0.0004646454457046947	0.3344008635957017	0.44691784898911224	0.5835285964184974	0.25960984175282353	0.5556138735200101	0.6592337650590876	0.2824300748381816	0.9999575136988024	0.9999560135595468	0.2846355735160686	0.9999146174698702	0.9999316749064227
cg25906638	10	10872411.0	-0.10132314383143874	0.03887039576482503	0.00933000858505012	0.04342528240450718	0.019906239708838824	0.035438486694293614	0.005806483753212866	-0.01565893581794637	-0.11592572086972136	0.038506009707321154	0.0026985874141990315	0.044332864142182814	0.009112295827059207	0.036426637568152336	0.0022984395329140126	-0.017967771487910022	-0.1444639553287838	0.03930269870401902	0.0002568911742517241	0.046284089684708096	0.0018810968315546722	0.03787690643272664	0.00032128097378336076	-0.022589264545860143	-0.0069109636185891625	0.001877549722143742	0.00025184598720905734	0.002211640246574892	0.0018587609617377967	0.0018093415525727203	0.0003154966931760545	-0.0010804681583072055	0.48718122614581305	0.6457261409151835	0.5070350066786538	0.6012477423343741	0.8712142145333529	0.7999377431333892	0.3103130348927368	0.9999575136988024	0.7630718135971118	0.3061087395155013	0.9999146174698702	0.7625269688073317
cg21883598	15	45111959.0	-0.10045428812208307	0.039164093578204294	0.01051893336964979	0.037590510300603626	0.0077018799293402255	0.04079901538007477	0.016650568546832313	-0.008680342882112287	-0.1049538159628914	0.036223667838624116	0.00387714901915701	0.03411079420917784	0.0021712888126841725	0.03525274480718725	0.004167979681014284	-0.008795669468465177	-0.11100772007675495	0.03431618024734232	0.001279041153135771	0.035567409449530164	0.001882310313032347	0.03497469562123298	0.002356874299875274	-0.008714591424596555	-0.0053075476427469565	0.0016396551957764789	0.001269644073983411	0.0017015549696295933	0.0018937878538554235	0.001672302288163471	0.0023578974394774734	-0.00041671136897563575	0.5011736663087345	0.5508046923226816	0.6071951710528722	0.6325444772581694	0.8046515521732485	0.8310989397767151	0.45203858290204035	0.9999575136988024	0.9999560135595468	0.45365550079426387	0.9999146174698702	0.9999316749064227
cg21509551	14	50560851.0	-0.029057872104873185	0.012281537346993606	0.018244495100740707	0.01235370816881095	0.018931351911511532	0.013575850925502892	0.03632831343527325	-0.0016886582998316961	-0.030835291118065232	0.01235788402072701	0.012811770929495722	0.012514553204335014	0.01397399569076796	0.013473399840601518	0.025579688713941378	-0.0017849687072113366	-0.03525796947039725	0.010900835139149325	0.0012809042242106024	0.011297561595363152	0.0018835942715387365	0.011214960220417314	0.0025752815374247375	-0.002050225024594473	-0.0016813494772399552	0.0005207618366566265	0.00130671297731343	0.0005398561526175019	0.0019243651233598127	0.000536026388374052	0.0026297997206778975	-9.775768533389649e-05	0.5560226737750132	0.6402911904475173	0.6887627024482534	0.715959496746527	0.8774551407386096	0.8803523493081227	0.45203858290204035	0.9999575136988024	0.9999560135595468	0.4563614402773356	0.9999146174698702	0.9999316749064227
cg01943641	12	57007126.0	-0.10999390447374638	0.03984168996445751	0.005912216695655025	0.037546798842790954	0.0035014985230400904	0.04036047472008003	0.00837245603111227	-0.010189479148083214	-0.09975062733221562	0.0341474847321218	0.0035962845268677013	0.03297779560819899	0.0025766452006311183	0.037324407473336395	0.009643092927131645	-0.009295731984899693	-0.10654442185542559	0.03355487042790968	0.0015682794169567626	0.034143670912501096	0.0018859529996561439	0.03690421889329165	0.005372422373001735	-0.010149191472386743	-0.005090319307817973	0.0016033995426118686	0.0015710779090000542	0.00163182219349587	0.0018926843337338495	0.0017641113594910024	0.005395950010837543	-0.0004847798857713514	0.43990076111256055	0.46854970402284196	0.5402668923672685	0.6244680498305079	0.820599665025229	0.8467010775793248	0.47409473281105996	0.9999575136988024	0.9999560135595468	0.47423238571123705	0.9999146174698702	0.9999316749064227
cg09925075	14	59632075.0	-0.070779812534219	0.021536342679287473	0.0010631528865294403	0.023577560713824858	0.00277427347644793	0.025399718124456013	0.00708881552658291	-0.006861000322518768	-0.07632650564677243	0.021075050464749973	0.00031327346093129425	0.022927941183543396	0.0009160393202777217	0.02356606302459023	0.0019439034075954184	-0.007563870795506553	-0.07422406337403718	0.021935903675241574	0.0007583867337603442	0.02379112467492885	0.001890069474905609	0.024415923003915534	0.003482680347687643	-0.007586037656633844	-0.003528566253211784	0.0010482315259390783	0.0008071958257667879	0.0011365969338361888	0.001989210753448768	0.0011675021079326712	0.003663983054607856	-0.0003610491214148483	0.28541192544392513	0.4458033904791673	0.5229171947748057	0.39957752518343054	0.7152483846604266	0.7733639888192736	0.39608417670299967	0.9999575136988024	0.9999560135595468	0.4010763197351859	0.9999146174698702	0.9999316749064227
cg02935052	7	74337474.0	-0.11911545582432173	0.024890166747818236	2.0660955159608567e-06	0.02565969190589818	4.093292176364941e-06	0.030387332191900453	0.00022685562243238402	-0.01519205517855271	-0.08706203626859482	0.022501750026072836	0.00011913430396631145	0.023026000830568397	0.00016912864584025456	0.026753097342988853	0.0018561568123862929	-0.011114657152066547	-0.07614829006213619	0.02182524711627926	0.0005177239142246833	0.02441099392681384	0.001892570592954699	0.026604561055057485	0.005756753462463284	-0.009779930865283528	-0.003640845514756519	0.0010425457549726113	0.0005115538197503093	0.0011661264447595172	0.0018752781353046847	0.0012710090533986798	0.005720033109895559	-0.0004674997107779193	0.025650288020141188	0.04663928709024451	0.22636114221333992	0.32329633735325386	0.5556138735200101	0.7690547419510269	0.36674113269969094	0.9999575136988024	0.9999560135595468	0.36614582086141695	0.9999146174698702	0.9999316749064227
cg26517584	19	1157684.0	-0.08535700992164783	0.0233394220800621	0.00027343424090011455	0.024237712519374264	0.0004556972527417132	0.02354716128562528	0.0005908600797565555	-0.014530449130770035	-0.05350117466645116	0.01959325816202755	0.006476721829450585	0.020370868582165334	0.008813874773455774	0.0187221149994813	0.0058303912395858875	-0.009104598819360175	-0.06455115819946529	0.018901711724101683	0.0006774589239230867	0.02069513547985014	0.0018943405383182212	0.020031866292026784	0.002041371280427994	-0.011018565809293009	-0.0030863768194919886	0.000902955621437348	0.0006701997482933556	0.0009890999963241764	0.0018864858727815363	0.0009561637641874652	0.002008491341971962	-0.0005268465819532819	0.18759581751571366	0.2817703634532229	0.2988297253014815	0.6637197049776916	0.8712142145333529	0.8326897594526024	0.38623078253853355	0.9999575136988024	0.9999560135595468	0.38425703217199625	0.9999146174698702	0.9999316749064227
cg26036432	7	978748.0	-0.06240666824430566	0.021686678539701867	0.0041242981110265415	0.022426554253685366	0.005530881004871968	0.024907744429710332	0.014912452292543073	-0.005083341071876886	-0.0658990972382185	0.021710484341896683	0.0024890845054298515	0.02261174026617059	0.0036745612463305395	0.024895743973266656	0.010319139119040116	-0.005439591538979175	-0.06215749569470579	0.01780206746855063	0.000512825686470763	0.019928354386506697	0.001894963502987802	0.020941278208695683	0.004275887967327874	-0.00518567778072853	-0.0029735352837350817	0.0008504377817579182	0.0005036949555045713	0.0009522865718297825	0.0018730767043260341	0.0010007026464658798	0.004236426407751661	-0.00024804467817628184	0.4058482521433841	0.5149796138178542	0.594352347208303	0.5945383820036434	0.8276112937654644	0.8495137487616614	0.36674113269969094	0.9999575136988024	0.9999560135595468	0.3660451618922924	0.9999146174698702	0.9999316749064227
cg12288551	7	50733523.0	-0.059660935248550456	0.026816120803119525	0.026400627345121556	0.02741177736049311	0.02984212721843289	0.03316770043176636	0.07700323080529817	-0.0069277973900603185	-0.06198188155970649	0.020508419658623205	0.0025978891364577933	0.02068391031841275	0.00282369745042365	0.027597137034246065	0.028339895887664123	-0.007270087119346157	-0.06219087398873201	0.01889993575139008	0.0010542808107299813	0.01993913902984747	0.0018950459609992593	0.022035365591044125	0.006428114913031153	-0.007485603156054856	-0.00296087764870267	0.0009031502792182671	0.0010999266072730513	0.0009530395741586151	0.0019742117757178676	0.0010522984638434126	0.006581885548400013	-0.0003566723359421053	0.5998391354825109	0.6894272318898952	0.7674177814666866	0.5978290837537209	0.8245160371421916	0.8847519836905731	0.422529652880905	0.9999575136988024	0.9999560135595468	0.42897585344796413	0.9999146174698702	0.9999316749064227
cg19880977	18	21112012.0	-0.07265618021603448	0.04260747249359052	0.08857710274298151	0.04249688326471939	0.08775248359880884	0.04196595338010462	0.08845131163164445	-0.0013282674841701416	-0.0788182732742886	0.043109289240223905	0.06791270576541997	0.042787965906987385	0.06587649951841311	0.0429300229005898	0.07123679974764366	-0.001417899529420372	-0.13674675371713757	0.042510495213703155	0.0013610380863353553	0.043844184793650556	0.0018957391434098719	0.04446010754706759	0.0031412352612010417	-0.0025444275540796543	-0.0065291814851080885	0.0020308179579506926	0.0013691182959470194	0.0020939901804682393	0.0019012493998685645	0.0021236760930909183	0.0031526012772263266	-0.0001214546157588131	0.7362831170391598	0.7967858584247789	0.7780103493896053	0.8098036711545229	0.9139282608034774	0.9039892201321349	0.4581928403860516	0.9999575136988024	0.9999560135595468	0.45798831374682336	0.9999146174698702	0.9999316749064227
cg06872964	1	78619565.0	-0.08131514885497473	0.022700970975479694	0.0003637368968623736	0.024061565358377418	0.0007651413278464249	0.02715717366890421	0.003970359199002335	-0.013708702133578228	-0.06942109659541715	0.021498137798421153	0.0012978655197737653	0.023537378500020953	0.003287131795832811	0.027832722311509708	0.015348600452585319	-0.011669683530389732	-0.07475603993607971	0.021787381841455063	0.0006392544426933248	0.023975089374344293	0.0019011603066564466	0.027930062256604733	0.009540571494768554	-0.012620495048559457	-0.0035589161617796774	0.0010406990948384962	0.0006662120653060414	0.0011447306819980707	0.0019599058411161143	0.0013339426348671826	0.0097608770707391	-0.0006007880245591497	0.2047767904348292	0.32544512082765137	0.47296238611420927	0.5343197224622397	0.8276112937654644	0.8604657951705282	0.3809824182547248	0.9999575136988024	0.9999560135595468	0.38305585004371495	0.9999146174698702	0.9999316749064227
cg11416650	7	93046844.0	-0.07362382690513031	0.02016248693154376	0.00027943986458406204	0.01937788946451081	0.00015723146757806858	0.01800838490648907	0.0001291656524663275	-0.004561911871847329	-0.07809678182176805	0.020148930465079103	0.00011589675074945853	0.019205260968637186	5.300544913834516e-05	0.01913090049156851	0.00013184341330598336	-0.004972666171429162	-0.06108172675846157	0.019636209919376448	0.0019487424265537904	0.01959409500911789	0.0019057248139736302	0.02003475493138386	0.003395493439404848	-0.003847807425144057	-0.0029262795594597454	0.0009380142436510886	0.0018911308429962073	0.0009356147906052545	0.0018411597743938346	0.0009559350104652613	0.0032762955034129787	-0.0001843620877215891	0.18794560284524728	0.2040677872524063	0.17952824095476758	0.32329633735325386	0.3923641164491362	0.4640693249411814	0.49865550280793763	0.9999575136988024	0.9999560135595468	0.4945070438193201	0.9999146174698702	0.9999316749064227
cg02736255	18	79453901.0	-0.07447733473883704	0.022696640917958144	0.0010822899155670056	0.022471105999294045	0.0009641972452120346	0.02581832347506271	0.005408256230122111	-0.008110780166755245	-0.05911689031468896	0.019163749287760518	0.0021146292069320885	0.019340948173689053	0.00232167552971614	0.023750572413741598	0.015551550721704971	-0.006769905477732436	-0.06019812368846344	0.01815588786059852	0.0009654859939526627	0.019314318012750506	0.00190949986598022	0.020523945167778362	0.00472213806173126	-0.006905030554824625	-0.002874146042804371	0.0008673666048192741	0.0009722296024138032	0.0009229819430183217	0.0019273303400153873	0.0009819887762115161	0.004805359590241403	-0.0003296908397246664	0.28827282374245344	0.3415620720279611	0.5003817557937185	0.5751316822438832	0.8143009462248806	0.8611495698746789	0.41574477347695715	0.9999575136988024	0.9999560135595468	0.41572795203162727	0.9999146174698702	0.9999316749064227
cg02875487	18	79487649.0	-0.07750011167137147	0.0235985402036716	0.001072198172780057	0.023121267395508103	0.0008442341402533998	0.022571965639952774	0.0010764521907062465	-0.007594771344490393	-0.061672166752927624	0.022396870600668615	0.00604288421192109	0.022151651272300833	0.0055087041947704364	0.022155661741982267	0.007148146913519525	-0.0061770155044279795	-0.06341491234361757	0.018937198160223358	0.0008590440212325406	0.020349547186061027	0.0019125662978493156	0.020233948835265626	0.0026499661563972707	-0.006387112506042498	-0.003030371477365104	0.0009046570280390265	0.0008558483498892438	0.0009717256999833522	0.001898145520203861	0.0009660425123811587	0.0026282518854947126	-0.00030537685524812915	0.2874222470016092	0.33029945608472683	0.3542516643175988	0.6602042644950215	0.8573191498176632	0.8428337757341026	0.40951290212678265	0.9999575136988024	0.9999560135595468	0.40991393384164243	0.9999146174698702	0.9999316749064227
cg01675512	11	119003898.0	-0.05325040393257427	0.019309474046063764	0.005966880431529836	0.019774007014734474	0.007245903815539155	0.01851938428057496	0.005549957993556547	-0.007958855514893266	-0.058079885553499605	0.01942002455282437	0.0028781466363852507	0.01987090016309032	0.0035770458025003483	0.01831642263789951	0.002378006528358967	-0.008680480536416665	-0.04681196516199283	0.014399344735023321	0.0012097574101878074	0.015026074205558192	0.0019183179790851577	0.01264453510525703	0.00046163315445598547	-0.006957694738087691	-0.002239918250231265	0.0006878701432545837	0.0011876319566773482	0.0007177159397902267	0.0018832775198668987	0.000604619075156822	0.0004578983316593894	-0.00033289769551302567	0.4401697771679275	0.5454106792991067	0.5033673866246471	0.603724561848377	0.8276112937654644	0.800146813440339	0.4454050545115412	0.9999575136988024	0.8106217262010138	0.44268380671955593	0.9999146174698702	0.8111412540488049
cg21011621	17	50394282.0	-0.07723270294042725	0.019354788495358124	7.267688798452006e-05	0.020163243096399386	0.00013902854740866383	0.021024702938059553	0.0005061873328328505	-0.009365918295349518	-0.04681405948067954	0.014362299203296796	0.0011685200662160844	0.015142694551952366	0.0020681111675902876	0.016474235040571425	0.00609434340028858	-0.005819163781738979	-0.04603674310830959	0.013312529568078981	0.0005795643395345972	0.014779773713559532	0.0019217461578944456	0.01588604589203653	0.005211539026390331	-0.005862103417910585	-0.0022067082705843105	0.0006359217294494483	0.0005548479922324282	0.0007059528447528935	0.0018522725428973456	0.0007596833845986741	0.005112753473455766	-0.0002809109079305455	0.10826421933533818	0.193389664968114	0.2877753190253929	0.5284679729626925	0.7941016117646281	0.8339018623890999	0.36986309823868946	0.9999575136988024	0.9999560135595468	0.36614582086141695	0.9999146174698702	0.9999316749064227
cg02169338	8	75407909.0	-0.1952919003860355	0.07265260744563992	0.007352584120024402	0.07502137973091672	0.009426032938153433	0.09500928062677791	0.044118127875708214	-0.0035609527698879685	-0.21190316385825264	0.06636438467422921	0.0014691745565803874	0.06851713323528244	0.002060044973771355	0.08656409729392746	0.01726028978826394	-0.004298042456881708	-0.22342203233600466	0.06519107730879564	0.0006485147568673535	0.07174861777436235	0.0019274765142635096	0.08223615521945553	0.008565140217220553	-0.004388899193880707	-0.010671616135291512	0.003115204238811746	0.0006521170032904114	0.003428305804782446	0.0019349547143372302	0.003930582849273565	0.008606999451037456	-0.00021000245001925817	0.46220524519711825	0.5701055563735316	0.710637367244268	0.5476255872791208	0.7941016117646281	0.8621266328071441	0.38260505249356536	0.9999575136988024	0.9999560135595468	0.3822795031715259	0.9999146174698702	0.9999316749064227
cg23261919	10	133259456.0	-0.06888225415641276	0.02783171944273275	0.013552896899345378	0.026887245916182155	0.010611374344243604	0.024075075527062582	0.005774084959731141	-0.001565265685084333	-0.06070615341306598	0.02793436978013874	0.030092791265494315	0.026887432091722646	0.02425749914272319	0.02532025387126841	0.01958258045611219	-0.0012527953506045475	-0.08330346576085251	0.027340277656129418	0.002406183263388601	0.026755016025446762	0.0019299973122745653	0.02732536064899741	0.0033975625353931515	-0.0017849666567884368	-0.003984601925734149	0.0013060484666834876	0.002375046325759762	0.0012780083403823965	0.001902748432283368	0.0013053538496864338	0.003359274147634031	-8.54154020687082e-05	0.5213305271033304	0.579897926446059	0.5063369653931652	0.7656148904314684	0.898787524116352	0.8631678262378047	0.5234735055005645	0.9999575136988024	0.9999560135595468	0.5216377519696223	0.9999146174698702	0.9999316749064227
cg20593831	2	118774916.0	0.19664344444893092	0.053033553831410334	0.00022492904067949722	0.05215094915395441	0.00017607820455980446	0.040077807995132185	7.2330891483388905e-06	0.005134038678542445	0.20650520625185156	0.052157590709465476	8.26473318734063e-05	0.0506974071449906	5.150111950839231e-05	0.044444761332119304	1.8520570990703933e-05	0.005437565694740671	0.17156293754842922	0.0498662165858351	0.0006180626683196075	0.05510879761023119	0.001932553754187294	0.047240407251770256	0.0005782923026295397	0.004529054679906955	0.008174711451021235	0.0023823521397414115	0.0006387932372159016	0.00263424979067875	0.001997574531778048	0.002256351387678641	0.0005945529514114107	0.00021611925275523324	0.17467964517514628	0.20882545912506853	0.07507260319825798	0.2925289478900569	0.3923641164491362	0.22717612991909425	0.375285143675493	0.9999575136988024	0.8360103326260463	0.3805639829112864	0.9999146174698702	0.8395658429429395
cg27244432	1	147670160.0	-0.046611414719743324	0.022972645752529657	0.04282357595806648	0.02392374751792226	0.05176067568177586	0.02347890528316141	0.05161811444748507	-0.0019924812614066237	-0.059169773438973075	0.022922109217637883	0.01003837128716956	0.02397496154898324	0.01381909267872354	0.022933681223450696	0.012302761775831518	-0.002472331172423214	-0.07266990635288394	0.0210394717171678	0.0005884376951829856	0.023345833113542176	0.0019352054714049393	0.023456365730152726	0.0029436589531693855	-0.0030300144979632663	-0.0034645265551295264	0.0010051097089301565	0.0006037562008657444	0.0011161601522107318	0.001992737176636617	0.001121653791032132	0.0030245384824048407	-0.0001444879496225673	0.6556221364049035	0.7462310163367005	0.7260133449884075	0.6942112517195062	0.8774551407386096	0.8543623478239699	0.36986309823868946	0.9999575136988024	0.9999560135595468	0.3694248447779572	0.9999146174698702	0.9999316749064227
cg26643870	22	41449655.0	0.020305926534834637	0.025058719954388627	0.418014282900509	0.02370941487087997	0.3920319419222674	0.026859100422802526	0.45254897645625203	0.0026070540795328258	0.04287282341006979	0.019942439015902588	0.03190125797893607	0.018582624568636467	0.021329555501079355	0.019942588229762245	0.03554424647872187	0.005592631920886689	0.055100067102795955	0.017496479971005188	0.0017125209243818154	0.017702623024319415	0.001936627877437366	0.019354956347988606	0.006007891350738085	0.007117366334141137	0.002638991811718305	0.0008357964016075019	0.0016655215790103066	0.0008464742890205288	0.001903980482686394	0.0009255984011829544	0.005936800351033178	0.00034090188253881694	0.9111138362987041	0.9282765819991896	0.9373836375946921	0.7688280418656506	0.8921100913818356	0.8912107731910601	0.4836792008616557	0.9999575136988024	0.9999560135595468	0.4795520307827015	0.9999146174698702	0.9999316749064227
cg05852786	13	110813979.0	0.08196544658319796	0.02695296211570128	0.00244246383900489	0.027669059764163336	0.0031528646554982746	0.03030023667873085	0.008839145888913155	0.006137626554411413	0.08248298952759228	0.02726259168282678	0.002570603451819782	0.028316680402073635	0.0036920353300403364	0.03173783726275115	0.011712085311709829	0.006107589902969187	0.08607048557315929	0.02619852740113469	0.0010736648972761976	0.027659929473442618	0.0019417900067074327	0.03164048904071153	0.008486482440681335	0.0062367276201839295	0.004132538125773172	0.0012513805138341543	0.001011443420870691	0.0013215649424964085	0.0018451786601507033	0.0015132682122026605	0.008247405498896378	0.0002995504353000695	0.3510528098050188	0.45781331045221246	0.5416451439853368	0.5962960326865139	0.8276112937654644	0.8525469939440312	0.42646676660716376	0.9999575136988024	0.9999560135595468	0.41874940575628344	0.9999146174698702	0.9999316749064227
cg07245542	16	19330661.0	-0.10401238832865356	0.026928423448366975	0.00012224745182502246	0.028144544938741713	0.00023585051358608787	0.0262897564542866	0.00020099830902015024	-0.0049882962619367185	-0.09833010734386946	0.027078579575426354	0.00030200822244607614	0.028761708102726737	0.0006644301574162312	0.027454605600553995	0.0006779301253273736	-0.004810709440941703	-0.08489166369768314	0.025839827789909602	0.0010737199696279575	0.02729453875841195	0.0019517406010308798	0.027261714113976578	0.0028106674098846225	-0.004241864877852762	-0.004064273417533347	0.0012343635909584409	0.001046668313428359	0.0013035346670990803	0.0019023340144209663	0.0013026979620220842	0.0027623506763006112	-0.0002030856451695598	0.13985861270704397	0.2249674018530712	0.2152399431748769	0.39957752518343054	0.6997202897659299	0.6525417765155831	0.42646676660716376	0.9999575136988024	0.9999560135595468	0.42130251651834105	0.9999146174698702	0.9999316749064227
cg04991214	1	161119328.0	-0.09196010604579148	0.023997666901718222	0.00013810527093112415	0.025291996394953935	0.00029656993385385855	0.0314050375346699	0.004787360585372398	-0.00373701156616886	-0.0838939842061768	0.024226361910717496	0.0005659358740011522	0.025288510836145094	0.0009539920179353962	0.030447064363309274	0.007717801358652246	-0.0034266728055520118	-0.07479292631783034	0.022718469720479393	0.0010482889776088156	0.024052799827068698	0.001956145268897942	0.02705587671340794	0.007531843568109882	-0.0028784783966851104	-0.003580198462705887	0.001085244176658234	0.001023579548317262	0.0011493848170733081	0.0019215234483134218	0.0012902833600760208	0.0073226766768597455	-0.00013797477536874796	0.14774380888082853	0.24250860382351902	0.48941012485003255	0.4656122375727813	0.7152483846604266	0.8467010775793248	0.4222098931108893	0.9999575136988024	0.9999560135595468	0.419550569113843	0.9999146174698702	0.9999316749064227
cg13435834	7	1083872.0	-0.09534695685837238	0.0253799891186414	0.0001859350292293235	0.026549202929168063	0.0003511940829963547	0.026448198898263865	0.0006293696937394137	-0.007164629420906721	-0.07670951524460608	0.024631662116859958	0.0019171428519803458	0.026119624467653528	0.0034213951413285403	0.026170176083952668	0.004747304136482513	-0.005868391094310062	-0.07838119964008047	0.022797988435591998	0.0006234418783674509	0.02520775974712929	0.0019569502845632916	0.02121248098282417	0.00047228234905802974	-0.006011342021961907	-0.003752763499786584	0.0010889227785933135	0.0006050863600689396	0.0012037523003008352	0.0019044466744503783	0.0010135351069086073	0.00046089506829887893	-0.00028792740671272627	0.16047620242331184	0.252171852959578	0.3021890920052132	0.5702764657932831	0.8276112937654644	0.8326897594526024	0.37609340365307287	0.9999575136988024	0.8134973025478998	0.3694248447779572	0.9999146174698702	0.8111412540488049
cg14559574	13	111956485.0	-0.13445025299228086	0.03307828275522978	5.337309220617796e-05	0.03550954731866164	0.00016555467640018317	0.03537452812191286	0.0003354943471475856	-0.007544413601867965	-0.12697118144400021	0.033397814726509295	0.00015582664843155373	0.036347723171026566	0.0005063706644617688	0.03729743629678372	0.001177638358003833	-0.0073550338585882035	-0.10895423950908736	0.03197988679345329	0.0006976036394442699	0.03504551988470316	0.0019600371655825316	0.03946756509028552	0.007609700992842122	-0.00636764202187517	-0.005217822239558872	0.0015276605156382321	0.000676316386274458	0.001672803842453709	0.0018939540848350788	0.00188164855764935	0.00735730909888976	-0.0003050113494414144	0.09775801078051283	0.20684653899009245	0.26115847754123295	0.3352968820688399	0.6794304623686471	0.7168996195162033	0.39079359721882073	0.9999575136988024	0.9999560135595468	0.38565329716058244	0.9999146174698702	0.9999316749064227
cg06983322	16	678084.0	-0.05642446802748806	0.022053493203713758	0.01071370146343606	0.022057062848720603	0.010726350387483225	0.021984888009849147	0.012743230690897852	-0.00400227509829169	-0.06928770045722545	0.02157379725124772	0.00137840098585962	0.022045554618007036	0.0017412537118575784	0.021956016473935948	0.0024866696466215484	-0.005317329092740738	-0.06783275335823902	0.01981401040504441	0.0006572781056326696	0.021822733619623592	0.0019638450419928095	0.02226024917515295	0.0034104897918353534	-0.005247732342909791	-0.00324198413824532	0.0009465489436913025	0.00065352896785363	0.0010427275299116287	0.0019587080610910827	0.0010635532869025172	0.0034006942696267976	-0.00025078528037076947	0.5021681588089437	0.5810749536849165	0.581234881919005	0.5411768052950675	0.7787301602441881	0.8050426537631182	0.38260505249356536	0.9999575136988024	0.9999560135595468	0.3822795031715259	0.9999146174698702	0.9999316749064227
cg26767083	11	2423817.0	-0.0525839317576397	0.01547495672245085	0.0007158834261777532	0.01615281533118448	0.0011849283987912787	0.01572393963897387	0.001415051444746601	-0.00813873254409329	-0.04247310322021648	0.014628129455079793	0.003802802063615708	0.015003673373495549	0.004771951723860795	0.01460132862920368	0.005054662009925158	-0.006590949267629464	-0.03803802472155916	0.011433834669417876	0.000928236421691384	0.012238163686956625	0.0019651852862419476	0.011806199940469669	0.00204474707825891	-0.005911234772694058	-0.0018155879853730672	0.0005463058872102586	0.0009394452899802309	0.0005844880225001298	0.001977406547462732	0.000563484369201244	0.002043500792405248	-0.0002822085384586115	0.2524193736049734	0.3643107474893687	0.37804944399531537	0.6325444772581694	0.8573191498176632	0.8326897594526024	0.41361910909470384	0.9999575136988024	0.9999560135595468	0.41196313051845795	0.9999146174698702	0.9999316749064227
cg22891278	19	50210403.0	0.13850602821999128	0.050878277997613845	0.0066386349577729365	0.05019575769609323	0.005938357102924466	0.05085865602030913	0.008416222474687129	0.006899510149046818	0.15050575466036242	0.05139458103783328	0.0035142727003430454	0.05173748642191286	0.0037372558922563505	0.05245931780197812	0.005649460512655041	0.007603940176341027	0.15729957052763588	0.04939081618323224	0.0015181427776864336	0.05061144975679937	0.0019662609911082194	0.0512652799332725	0.003209020050633624	0.0075921801940868235	0.007535996314233045	0.0023593306639626585	0.001470659669964638	0.00241870281556529	0.0019161670159868912	0.002452240337478853	0.003165088253071574	0.0003635159062899327	0.4489857788786826	0.5217594971115854	0.5405257050578459	0.620769088757991	0.8276112937654644	0.8326897594526024	0.4679628521852944	0.9999575136988024	0.9999560135595468	0.464351039927688	0.9999146174698702	0.9999316749064227
cg01799015	19	707791.0	-0.09619911050493972	0.023716195274590103	5.527133140127198e-05	0.02495234336217642	0.00012584548084289125	0.02655636154819119	0.000595549989940584	-0.015519602414651884	-0.05792835030633077	0.017079217253774613	0.000732433050287701	0.018086193935318042	0.0014203856477875056	0.017163699541173364	0.0012880058383658403	-0.009342407234858827	-0.054202383520646616	0.015452937409285173	0.0004835154036990519	0.017440523008893257	0.0019671935552855535	0.014903589443417402	0.0005688559996472656	-0.008746116504857954	-0.002591316837973987	0.0007382310612060337	0.00047891342795433834	0.0008333824065562169	0.0019570187796624197	0.0007122861765519262	0.0005667586006785752	-0.0004181168234009174	0.09899511211770387	0.18783255333673965	0.2988297253014815	0.4925946839903084	0.7447012718268113	0.7288112796553561	0.36311468581727885	0.9999575136988024	0.8360103326260463	0.3611066915644718	0.9999146174698702	0.8372782724761888
cg09495418	15	51341842.0	-0.09309226147771618	0.052230012566683935	0.07511026204796224	0.0532368535424446	0.08077592765044321	0.05189844654388343	0.07781152103047405	-0.004587162215111577	-0.11091098978632141	0.04476421114165529	0.013452636495134085	0.04794325014570533	0.02098256905397502	0.03962559377169966	0.006853649458049552	-0.005875131544844431	-0.14752452674211225	0.04303162152301978	0.0006459523752175336	0.047482305747513665	0.0019731342091431655	0.040606914065874834	0.0005759207961716825	-0.008205163157071448	-0.007043588789610249	0.002056793441911866	0.0006547314699486908	0.0022670951347872506	0.001973519074084333	0.0019431213089204857	0.0005909628536251404	-0.0003921020349811526	0.7180118901599757	0.7902337952606551	0.7686079704172274	0.7180587297479755	0.8897052240285944	0.8424523148494593	0.38248488112349033	0.9999575136988024	0.8360103326260463	0.38243025772040534	0.9999146174698702	0.8395658429429395
cg10970124	6	31666825.0	-0.05346119697490077	0.014885072931061066	0.0003508399156979138	0.014731739286169929	0.0003045282635715273	0.01522280077049767	0.0008437080464431781	-0.006031416595400778	-0.03339933333769181	0.014015810605404536	0.017431776692117075	0.013787278534268857	0.01566099297719788	0.014573522816853953	0.025383978301405208	-0.003808159324600287	-0.04487108968569514	0.013675477150961464	0.0010894464956411288	0.014443065771454364	0.0019743199862370525	0.014842115910362347	0.0036544725098804623	-0.005003186999079257	-0.002141749032202371	0.0006533614506052068	0.001101239875838367	0.0006903000111038391	0.0020016063637735056	0.0007092331479234218	0.003690462943252925	-0.00023873899290712775	0.2004858359299932	0.24250860382351902	0.33194693514631196	0.7303097803895069	0.8831375140686103	0.8797446235467044	0.4273153302762626	0.9999575136988024	0.9999560135595468	0.42897585344796413	0.9999146174698702	0.9999316749064227
cg03460109	4	7425586.0	-0.04786113958109596	0.01646064979709099	0.0037532608855088074	0.018595643119875886	0.010256856327074277	0.01649198632930399	0.005151393736238552	-0.008205659375018326	-0.05180804631865937	0.016116890549436935	0.001364942894293609	0.01844023266803144	0.0050962685273358765	0.016381671159829445	0.002437309323561107	-0.0088734725043081	-0.058714107964334857	0.015925144715128417	0.00024606724437607606	0.018898917862599666	0.001974399893075023	0.01571600065505088	0.00041400824043130464	-0.010057630480459365	-0.0028055144458853645	0.0007607627504381139	0.00024523127099353365	0.0009039985061708438	0.001996181777580147	0.0007522855205889589	0.0004229552758969816	-0.00048057973265649235	0.39533078350739304	0.5759946095198873	0.49595177822136016	0.5392953466190914	0.8573191498176632	0.8027766770699916	0.3064733457854806	0.9999575136988024	0.7942345857180322	0.3061087395155013	0.9999146174698702	0.8037798377624785
cg00344372	4	3441898.0	-0.049191005952544206	0.014396048274996187	0.0006685315250236904	0.014623210145866733	0.0008089055773074183	0.015241339157942953	0.0020108990180434183	-0.007258359172998984	-0.04162328197292291	0.013592018758712673	0.0022779800833240115	0.013992145169042293	0.003030254525811596	0.014936818370429218	0.007089100011803931	-0.0061688645880905845	-0.03782054779870784	0.011300615583103827	0.0008649335486533632	0.012175635507719471	0.0019776661013912985	0.013974650446302903	0.00880934632748435	-0.005605623211135561	-0.0018093132695877218	0.0005398841801436123	0.0008511458295965248	0.0005821557782079984	0.0019664581429415123	0.0006684766526294439	0.008803359187357923	-0.00026816267904025134	0.2469071134066282	0.3265997606490867	0.4126712356504054	0.5863505853744359	0.8259355573115673	0.8424523148494593	0.40951290212678265	0.9999575136988024	0.9999560135595468	0.40991393384164243	0.9999146174698702	0.9999316749064227
cg05308645	3	184389746.0	-0.06564802537513476	0.018949611056715172	0.0005627732578477027	0.01987082215882116	0.001000903859250966	0.02174420020150654	0.0036979222365310974	-0.010517032718906498	-0.0645196737958322	0.01866015792842253	0.0005770082727319248	0.01955551802223605	0.001016935550998317	0.022461910663134056	0.005596231509152662	-0.010374774045601535	-0.05646612819754035	0.015483878485091815	0.0002869155002849874	0.018184173710089138	0.00198435514419593	0.01959690794355432	0.005458096539226783	-0.009122721313714274	-0.002696390935758859	0.0007399423520229237	0.0002898971923185666	0.0008697720345870722	0.0020184795141601083	0.00093741985837492	0.005534392690978468	-0.0004356673333121942	0.23272871967616762	0.3462810827856272	0.46806005524382965	0.469139407900752	0.7152483846604266	0.8326897594526024	0.32171334335694746	0.9999575136988024	0.9999560135595468	0.3221126937880481	0.9999146174698702	0.9999316749064227
cg03034192	3	50568915.0	0.08190912720384519	0.02665852860149333	0.0022019932958287354	0.027165644054519503	0.002657996508219781	0.027274784978239725	0.0038711350105181336	0.0012775131624712362	0.07998405639780325	0.026728388477719602	0.002861861380801056	0.027635912310870297	0.003916111549247176	0.027359257303195272	0.004851384349373594	0.0012309562618729448	0.08675455077697403	0.025618339603113754	0.0007509740284886089	0.027942766625312223	0.001987740128389198	0.026918284734623786	0.0020385652768538094	0.0013531380815477885	0.004156564818543896	0.001223758826200399	0.0007241869033129143	0.0013357384760439724	0.0019413287698050797	0.001287138957250341	0.001999944360728814	6.48636576737292e-05	0.3428129142325028	0.44077385771724203	0.47142032059465927	0.603724561848377	0.8348808230001029	0.8326897594526024	0.3950962358965448	0.9999575136988024	0.9999560135595468	0.39427657462521937	0.9999146174698702	0.9999316749064227
cg10438879	1	175161719.0	0.03639320387055876	0.017932679201626216	0.04277881695447609	0.01775313439909797	0.04072758289034714	0.019082841284166763	0.061217393139941303	0.002187610668108228	0.04147804656341099	0.018051809235689553	0.021863485131245548	0.01792783562879628	0.020969820361697422	0.018918538876935714	0.03217150866242149	0.0024812309546520103	0.055276529127186634	0.016832921729710362	0.0010792369582939782	0.017804253388943734	0.0019880176021882783	0.017796911063425267	0.0028769337670221154	0.003330444247008237	0.002636186982809634	0.0008041653435991483	0.0011007827764093433	0.0008491903325864386	0.0019901876855048834	0.000848867792081833	0.0028805322618299252	0.00015881887549052483	0.6554532064637854	0.7240071719533081	0.7424434441483667	0.7448251077495209	0.8896670566298408	0.8869810588221004	0.42663732636634855	0.9999575136988024	0.9999560135595468	0.42897585344796413	0.9999146174698702	0.9999316749064227
cg01522553	1	110232932.0	-0.046418646393339494	0.018565595155491332	0.012630298888303118	0.018370309837542613	0.011721345014031225	0.02129324621248132	0.03312861285381737	-0.004458107345581353	-0.04841844458350761	0.016015401058780875	0.0025896171986602404	0.015937631432035238	0.0024676846244962593	0.01864965708870025	0.01179429226296518	-0.004656178628589954	-0.04495228581682755	0.013282023676045494	0.0007563102373730964	0.014478888156770382	0.00198803804176411	0.015356772793623293	0.0048008498252902045	-0.004332316497036614	-0.002144326076511567	0.0006345819812461315	0.0007708638365696421	0.0006914517778792313	0.0020112288812330656	0.0007330826851944207	0.004829503248683646	-0.0002067502788421809	0.5145774279496358	0.5908505947818596	0.6787709124255927	0.5978290837537209	0.8143009462248806	0.852681472986867	0.39608417670299967	0.9999575136988024	0.9999560135595468	0.3974937278448018	0.9999146174698702	0.9999316749064227
cg06268875	18	11147386.0	0.106381381360319	0.03385044629674454	0.001742214481767344	0.034186745695118745	0.001932667409247838	0.03549277981889656	0.003936228045412504	0.016204206147210437	0.111762842910192	0.034148909507778664	0.0011156832162473437	0.034265049429336794	0.0011596003787156838	0.03540158057305522	0.002477531528825973	0.017083386797490347	0.11841436248982402	0.03536745050106857	0.0008608086773497746	0.03814529480701909	0.001990555531402348	0.0373259189696884	0.00236733383690342	0.018051218003495174	0.005656388448445959	0.0016896761467195818	0.0008623365980148631	0.0018235538696566229	0.0020068509429552244	0.001785219525104028	0.0023953440180167294	0.0008624432155148539	0.32099171805791116	0.40476880593627634	0.4725114021675502	0.5232338900454596	0.723123937957146	0.8050426537631182	0.40951290212678265	0.9999575136988024	0.9999560135595468	0.4099232598499769	0.9999146174698702	0.9999316749064227
cg18022921	6	43769236.0	-0.08465526607568108	0.020367083379377114	3.618083455642797e-05	0.021349247459403465	8.058611401706046e-05	0.020039881453622732	8.128299978266928e-05	-0.01078770928992718	-0.06758419648524829	0.018154998891243602	0.00021255321344632906	0.019037974888921016	0.0004103225153411425	0.016447776786361428	0.00012042744643066005	-0.008771239624143381	-0.06115092714675159	0.017338717023356973	0.00045028199466603624	0.019699624677588633	0.0019914232845873628	0.016688367383042187	0.0005212096221113164	-0.00808442182560944	-0.002924786834116189	0.000828173653509211	0.00044239333294479567	0.0009402376149015569	0.0019486047113179625	0.0007975548975117384	0.0005163867507301112	-0.0003865425703305418	0.08374959079305361	0.15682638937580667	0.15621304582524412	0.3606906845164433	0.6711027688105078	0.45557928082749405	0.3599193278402209	0.9999575136988024	0.8252485923974272	0.3596112357220312	0.9999146174698702	0.8241313741191877
cg07680368	11	109302071.0	-0.06794149828151452	0.02517215568833717	0.00711523055061567	0.024801001861006693	0.006305154950891301	0.02283322519088917	0.004187298774758483	-0.005234263220774037	-0.08120978879595037	0.023343736744227295	0.0005338313689765535	0.023316223414733356	0.0005258467580874531	0.02075584658975028	0.00023238755506003363	-0.006318341353498969	-0.07373764906928654	0.023073330133388133	0.0014623023560910585	0.023754594899924944	0.001991586122045405	0.020058060704341983	0.0005016958741505773	-0.005814865160909389	-0.0035175124044613624	0.0011024193290205036	0.0014878198002757543	0.0011353566149857068	0.002031650210545855	0.0009575522183290732	0.0005061625954545847	-0.000277532809767652	0.4572960266805227	0.5302102204460557	0.47889579584977227	0.4594954865504436	0.6831745832922227	0.5421617924523999	0.4628183377493848	0.9999575136988024	0.8218047660305101	0.4654160745076634	0.9999146174698702	0.8241313741191877
cg03850529	17	68946565.0	-0.08806806704102449	0.024689084359484848	0.0003847068404913659	0.026075927812716736	0.0007708924956407533	0.02429798206024097	0.0005916816505612628	-0.002813656814297655	-0.08835615856228371	0.02488552471385329	0.0004095017137489239	0.02610150493785127	0.0007501133202041962	0.024752882521914554	0.0007041406565826768	-0.0028415283676199382	-0.08369147127647315	0.02502643698907421	0.0008730835256206154	0.026962020641960256	0.00199219731879663	0.025151639060601853	0.0014887525108633127	-0.002631920947964283	-0.003995752133848159	0.0011955561102522912	0.0008791415168380259	0.0012879613685948257	0.002003272612885953	0.0012018072067494646	0.0015009411194539682	-0.00012568816422623428	0.20669005326474738	0.32544512082765137	0.2988297253014815	0.4424433438865422	0.6997202897659299	0.6566608231887391	0.40951290212678265	0.9999575136988024	0.9999560135595468	0.4099232598499769	0.9999146174698702	0.9999316749064227
cg27152208	6	10418783.0	-0.06863365100055449	0.027656973558624644	0.01330479394956273	0.028444847357256966	0.016074706540327256	0.026076686558371552	0.01073653496821199	-0.004887969277054831	-0.07676671638380715	0.026879266409484272	0.0044139539436016135	0.02745521008044059	0.0053106958444170665	0.024667961238529573	0.0028267151998305927	-0.005462436748255077	-0.08729486825933483	0.025988142527111277	0.0008280958872974425	0.028123269592982336	0.0019924752678044068	0.026372977477129137	0.0015695938936723624	-0.006048921330930086	-0.004176073836856519	0.0012413775202244253	0.0008133845740513964	0.0013428400360932942	0.00195385788417224	0.0012589689168076871	0.0015364875266767573	-0.0002894391428298427	0.5199628106107204	0.620342066690179	0.5654393486908345	0.6400226835609608	0.8573191498176632	0.8163415783783448	0.40592423732599225	0.9999575136988024	0.9999560135595468	0.401517375656398	0.9999146174698702	0.9999316749064227
cg05801902	7	68861159.0	0.03650600560715943	0.021854131247727435	0.09526403640147117	0.021652618224770343	0.09222880638226934	0.020628371953525553	0.08177521915984143	0.001284456616630035	0.04595528570396375	0.02188003817812807	0.03604715276774378	0.021952332802417398	0.03666164826017366	0.020089320947196704	0.025645109907324923	0.001628604781613158	0.058151276128376235	0.01762511947252378	0.0010222854064103977	0.018737248817663445	0.0019957720019378416	0.0167402446603372	0.0009502601833862765	0.0020798736186785766	0.002783036162906073	0.0008419617478897572	0.0010007329067438443	0.0008948945841540391	0.001953714079150455	0.0007995913472727428	0.0009302969935269407	9.953139712025902e-05	0.7439950308064192	0.8026291819498925	0.7723130518906122	0.7743459603351065	0.90366880157135	0.8803590716318791	0.4210905663003513	0.9999575136988024	0.9504452336097909	0.418078426181343	0.9999146174698702	0.9514528791080519
cg26119331	1	214552480.0	0.0856712717160118	0.0370400978495538	0.021005366882368426	0.038208135316506645	0.025248328675234608	0.0433694106990051	0.05275382870325307	0.0019111580250605182	0.08891148103300227	0.03737593537973265	0.017626840220604876	0.03896113676724693	0.022776981716606234	0.042944443609322626	0.04265651474923553	0.0020351878497889535	0.12264699512001749	0.03626228293185716	0.0007623579129077918	0.039519384263537585	0.0019960893388955097	0.0432568520030333	0.006201889580049194	0.002867900210554662	0.005871679106063428	0.0017322801147794924	0.0007425670002496	0.0018890414735192674	0.0019642890042039563	0.002067496036094545	0.006122323798837381	0.00013726048192241788	0.5720704505272445	0.6718035628424862	0.7277340087708443	0.7314402779330371	0.8932582425922346	0.8932971499708707	0.3965789680200669	0.9999575136988024	0.9999560135595468	0.39439722483875084	0.9999146174698702	0.9999316749064227
cg06903103	15	34213870.0	-0.07689311587201676	0.019781579611744676	0.00011074886077015352	0.020760643242048422	0.00022854055539106956	0.021352602572540486	0.0006372619030563173	-0.010632442031207574	-0.0702131332553336	0.018931129194875582	0.00022420225068488838	0.01988796903396212	0.0004412854256485541	0.02029711380951794	0.0009939050177815848	-0.00983870380887078	-0.062432455268190024	0.018765381023831795	0.0009275599296010857	0.02011900130105709	0.0019981201814218657	0.0207024726488165	0.0037341713201703066	-0.008778818235790173	-0.002982031288566167	0.0008965948384807715	0.0009310010907823669	0.0009617291700253132	0.0020145532397308824	0.0009900968378328734	0.0037754760334886036	-0.0004192638017038552	0.1330244988401337	0.2249674018530712	0.3030881734976009	0.3657004069681857	0.6778045318043078	0.6989555142514416	0.41361910909470384	0.9999575136988024	0.9999560135595468	0.41196313051845795	0.9999146174698702	0.9999316749064227
cg20400622	8	75565418.0	-0.10903998424950676	0.02899807591203495	0.00018342212040020292	0.030043469755857775	0.00030403462290501734	0.032038408392574345	0.0011807985848736552	-0.005458382492918305	-0.10432622573415828	0.028755061508301507	0.00030569272807877667	0.02985451727504295	0.0005040433155967358	0.030261461085319356	0.0010307975465791337	-0.005322096589123952	-0.10262287934305223	0.02944652699795365	0.0005252661487968906	0.03307356244808046	0.0020000590059918197	0.03448601977943264	0.00418458797470127	-0.005208618608163894	-0.004902110952827821	0.001406747486673951	0.0005259332611944136	0.001578997958694082	0.00198874805596487	0.0016480151816812448	0.004199208543843553	-0.0002488397260455857	0.15968138620618427	0.24250860382351902	0.3645249821892066	0.39957752518343054	0.6794304623686471	0.7018133280038732	0.3669072800418028	0.9999575136988024	0.9999560135595468	0.36614582086141695	0.9999146174698702	0.9999316749064227
cg22697821	12	124618706.0	-0.1017644491739885	0.030260084304950155	0.000811524715000306	0.029379388526162856	0.0005638910281542723	0.030540726687280258	0.0014680592949845317	-0.011665001747918133	-0.09912143742143775	0.030393142865269687	0.0011612387826484476	0.028789214395189243	0.0006085596032687549	0.030354857473477954	0.0017951852751700934	-0.011464998087097408	-0.09455381420173681	0.030030274195297968	0.001715942178338764	0.030479350347508424	0.002004337673325401	0.032423640028169755	0.004951538792744434	-0.011478460568943194	-0.004517271380241217	0.001434642417646023	0.0017154074054350956	0.001457493749810607	0.002023658042161865	0.0015503585269365343	0.004986476355970089	-0.0005484355503229105	0.26182112052511725	0.3015237807785611	0.3791922846763318	0.5284679729626925	0.6908051206401065	0.7690547419510269	0.4840308172644598	0.9999575136988024	0.9999560135595468	0.4820899876171286	0.9999146174698702	0.9999316749064227
cg01879693	19	56556051.0	-0.08413631870169902	0.033720571347300665	0.0128133867848575	0.03272473675317353	0.010337941671108864	0.031148274470047074	0.008933340324102309	-0.0029349890799273276	-0.09514357931857209	0.03277107576515443	0.003805724527315973	0.03274182199718798	0.003774685936244811	0.028876065902559492	0.00164290129511497	-0.0036176290355299998	-0.1074553645812994	0.032286278793086334	0.000923629458042837	0.03463835402468308	0.0020044563807908164	0.033629967473509804	0.0022131135204764766	-0.004103641612530618	-0.005140034449411704	0.0015424062943280433	0.0009098021077295199	0.0016532765196563834	0.0019596206091751526	0.0016049737484125307	0.0021654755614842315	-0.00019612013493001132	0.5157397832242991	0.5766928103815672	0.5434421846124293	0.6325444772581694	0.8291701172850728	0.7652861386080396	0.4135724589767187	0.9999575136988024	0.9999560135595468	0.41183476495251586	0.9999146174698702	0.9999316749064227
cg17418304	1	236795301.0	-0.06227098268946467	0.04311824338239381	0.14911723068299831	0.040508455621375256	0.12467226276968918	0.030881093510281635	0.0481589493494552	-0.0009500489276543936	-0.09015544655771464	0.0420306033485495	0.03228716519458818	0.039826978042004926	0.02389075000607436	0.03049129107363104	0.00441653643057441	-0.0013293630230700154	-0.09110378667213534	0.029101081051433754	0.0018230812042453635	0.029369929895438046	0.0020062362111862536	0.027094447629511548	0.0013385184298221127	-0.0013125994357171761	-0.00435646547074881	0.001390210643938562	0.0018043720252818437	0.0014033414916878688	0.001990199980520095	0.0012944458280367847	0.0013261043226283065	-6.280514755760136e-05	0.7939822681270698	0.8264507358647817	0.7194067004707112	0.7698145275935763	0.8978626883715338	0.8326897594526024	0.49195490987553275	0.9999575136988024	0.9999560135595468	0.48953024229870007	0.9999146174698702	0.9999316749064227
cg00371593	17	81843531.0	-0.08050274607297986	0.021434089051423164	0.0001866276187778052	0.022362881439056067	0.0003400977866020028	0.02202819651848619	0.0005377043291799425	-0.01012627558774875	-0.05702477778582263	0.017302779756025566	0.001029884412858432	0.018424992053045302	0.0020445813870380073	0.015277367990451462	0.0004184615129152601	-0.007159663937677897	-0.053427042914299026	0.015628891582641895	0.0006692407161040794	0.01722928265789845	0.0020129013369234038	0.015865758944801807	0.0013182868535632141	-0.006711742843839118	-0.002558517514461102	0.0007465888715784754	0.0006490879501728599	0.0008233890494705502	0.0019707422042207065	0.0007594440624398287	0.0013122971083170136	-0.0003213874925282866	0.16073124981220496	0.24999980611011158	0.29254512295489876	0.5178629842112729	0.7941016117646281	0.6159494784813735	0.3840209038157015	0.9999575136988024	0.9999560135595468	0.3821825933431912	0.9999146174698702	0.9999316749064227
cg27536286	13	26840083.0	-0.09192533151098412	0.03109701097264978	0.003216858797271643	0.036764953765446785	0.012626721318785674	0.03823789427022973	0.01926794253307772	-0.012425318660534427	-0.09933578346764607	0.03079468991964717	0.001313264891085458	0.03747594168009966	0.008210103486589617	0.03807589420603752	0.011409131959376602	-0.013527269527365157	-0.1207798549692588	0.03235021110294359	0.00020546480553720937	0.03895245531755945	0.0020145408682958874	0.03935632287308723	0.003204051355539996	-0.016610320803651827	-0.0057623596587309265	0.0015454969939485569	0.00020951790435209174	0.001862990613025419	0.002066276564033214	0.0018839238710602218	0.003299748900311911	-0.0007924707071644208	0.3788289608818229	0.6003150264954219	0.6205133609277311	0.5343197224622397	0.8705324847075997	0.8518116570038998	0.27815605478183353	0.9999575136988024	0.9999560135595468	0.2819888117401365	0.9999146174698702	0.9999316749064227
cg18181034	7	27169266.0	-0.05079701524567106	0.022037459470134628	0.021446448891632705	0.02177899860823444	0.01995326276726878	0.02451707483178311	0.042509625085373294	-0.006763600362739961	-0.04372513900852909	0.016002690123375532	0.00644237208642479	0.016249608012665406	0.007292503437995689	0.017795601701660523	0.016866608630812154	-0.005834654448920791	-0.05075318914154099	0.015240321475243434	0.000917177019186489	0.016374233199643522	0.002022079180308414	0.01790741770257061	0.006221093509350376	-0.006693548290523777	-0.0024319875165016392	0.0007281531349882074	0.000886111453219947	0.0007827377475469724	0.0019725400337406098	0.000857517133506229	0.006188877256176927	-0.00032079356304624406	0.574375221763411	0.6460361926598472	0.7065579753759067	0.6635606832114592	0.8610074049058993	0.8621266328071441	0.4134612970550654	0.9999575136988024	0.9999560135595468	0.4099232598499769	0.9999146174698702	0.9999316749064227
cg27502766	2	88627381.0	0.20199958278752736	0.054557230448244905	0.00022966313413322093	0.05348456768140463	0.00017188859356842142	0.05547864415877958	0.0005613585292348862	0.0019258363127118022	0.20176042954599072	0.05523966049396202	0.0002785797397187433	0.054808641284993194	0.00024950965094140286	0.0579343234546044	0.0009245331438420991	0.0019400274413794126	0.1791827325774631	0.052685325661089216	0.000712722431072832	0.05781310289591155	0.002023639058332916	0.05863320328616153	0.0033256390022047364	0.0017148486906214014	0.008576651565480486	0.0025167666601859416	0.0006954872851780544	0.0027610268472507272	0.001977149604020933	0.002802610095828152	0.0032851378993046655	8.207780337985152e-05	0.1764694811848154	0.20769427035942187	0.29625604894300517	0.388842561319214	0.5702761030898944	0.6798362688175023	0.39079359721882073	0.9999575136988024	0.9999560135595468	0.38797748637896173	0.9999146174698702	0.9999316749064227
cg10259265	2	241617964.0	-0.07252862097738445	0.03480810978953796	0.03753986282180845	0.03635549306352813	0.04641853463143701	0.03805947075262598	0.061409138623795	-0.005078841147365088	-0.07158171636996374	0.02855067452123731	0.012388973559385185	0.029741530835860945	0.016344079220116544	0.034227408762498704	0.04066781825756985	-0.004972472618560075	-0.09487680268015154	0.02768236026103241	0.0006481616200083415	0.030622287012265745	0.0020307312785192654	0.03509714504443932	0.008883018063196085	-0.006537416919358047	-0.004531072932742828	0.0013225092223560697	0.0006510266985768787	0.0014635454775413165	0.002046560252778014	0.0016773582259777889	0.00892951212868	-0.00031245900993729443	0.6390072609733521	0.7360271077976394	0.7429137214671402	0.7135362323522925	0.8839203130197966	0.8932971499708707	0.38260505249356536	0.9999575136988024	0.9999560135595468	0.3822795031715259	0.9999146174698702	0.9999316749064227
cg03329755	6	166775784.0	0.13871877705561644	0.047055931838753236	0.003301606335962467	0.04878086609914247	0.004584664917964544	0.048103242529920216	0.00542181449231092	0.005505739440960902	0.13328687828820465	0.04716015315775887	0.004840047172172801	0.04878886095374609	0.006451080131580298	0.0497422329875821	0.009464393578434685	0.00535211435616187	0.16294328679755266	0.04893412958162156	0.0009182850937793306	0.05260408025089791	0.002035812066042871	0.0533939507664203	0.003366928435093214	0.006413723301594615	0.00778685760714564	0.0023376553314359873	0.0009143861231104248	0.0025145783045255935	0.002041609258689924	0.0025524565133593262	0.003376529797204703	0.00030652432035283244	0.3815113095888939	0.49251444253939547	0.5004440350010559	0.6460471590387942	0.8573191498176632	0.8467010775793248	0.4134612970550654	0.9999575136988024	0.9999560135595468	0.41183476495251586	0.9999146174698702	0.9999316749064227
cg15044270	3	196338614.0	-0.059835571381893826	0.015224676339516586	9.301333837771395e-05	0.01648235824810947	0.0003030270042779247	0.015602544368988386	0.0003000151522334157	-0.009897183208043342	-0.04059434051153623	0.013942386562270937	0.0037072373739893087	0.015061068473055847	0.0071962901683940905	0.014872363075313753	0.008277589979283762	-0.006650206392925288	-0.04851125903347101	0.01382921669418011	0.00048297381102559454	0.01566135427963361	0.002035995890343869	0.014055644518557486	0.0010185051659814379	-0.0079715299872641	-0.0023215950053966923	0.000660637165930203	0.00047188399387677524	0.0007487146367419481	0.002014039851482098	0.0006722863940192068	0.0010124991070956844	-0.0003814852520898392	0.12145231660821351	0.24250860382351902	0.24683136863109492	0.6287152361549494	0.8604693828290001	0.8467010775793248	0.36311468581727885	0.9999575136988024	0.9504452336097909	0.3611066915644718	0.9999146174698702	0.956235101380295
cg07658646	12	10849598.0	0.09908634320517508	0.032607035704961665	0.0024605659447808695	0.03430883388633494	0.00399161460348737	0.031170905704831706	0.002323261473030758	0.01623650641319817	0.08758757216673405	0.029597610842836262	0.0031847850971071564	0.03202567701283892	0.006393092997960216	0.02967870847887285	0.004486663309674264	0.014369007135962654	0.0988199807046104	0.027216449917832525	0.00030477898957290177	0.03190346088801325	0.002036298328129634	0.03148445695120741	0.002614429857116915	0.016353371900465097	0.004723105204633822	0.0013001058344056105	0.0003025066429270827	0.001525207031844666	0.0020415245244016006	0.0015064175139742186	0.002640370974027351	0.0007815927040195052	0.35169324322960266	0.4807264049209299	0.42587479746767937	0.6086744956354515	0.8573191498176632	0.8326897594526024	0.3263739516833013	0.9999575136988024	0.9999560135595468	0.3247998579415207	0.9999146174698702	0.9999316749064227
cg24449914	1	152145869.0	-0.09061033525676762	0.02628204247646615	0.0005982085996875812	0.028320852493678838	0.0014369930644455558	0.029793599119450946	0.0034698480574788535	-0.01163874396193781	-0.08856183712747166	0.024498094525510418	0.00032121908340990114	0.026689759959883163	0.0009515699085402616	0.027466304433760656	0.0020295052025187488	-0.011426278721919356	-0.0852859287728428	0.02446304809340604	0.0005228483161725185	0.027536039432146133	0.002037798105783012	0.028019864642920955	0.0034449804365576818	-0.011086892898707061	-0.0040787139233052425	0.0011687320233686011	0.0005160874154169263	0.0013157866838026525	0.0020203810207012544	0.0013404741236846224	0.0034551822094098035	-0.0005303287772953589	0.23708520774591926	0.38311237122888775	0.46264573483877847	0.40505926554489097	0.7152483846604266	0.7803702451005576	0.36674113269969094	0.9999575136988024	0.9999560135595468	0.36614582086141695	0.9999146174698702	0.9999316749064227
cg01074584	8	41310553.0	-0.13572460261013905	0.04591840912191762	0.0032200029893786676	0.050567830789897156	0.007440517199060193	0.05483912557093953	0.016119758751094275	-0.019930408402895654	-0.14766559769908255	0.046155990148528024	0.0014381447950131412	0.05157424832888152	0.004316232122219713	0.05508378631026767	0.009434314015376156	-0.021421765527486168	-0.1701118747169698	0.04570088184134976	0.00021461559742035215	0.054930558854470436	0.0020404704971018956	0.0564502290462811	0.003757944264906648	-0.02474024224390356	-0.008139647864808326	0.002183222190855685	0.0002096892219628322	0.002625644980331043	0.0020188536299731645	0.002697113045887835	0.0037105951006470386	-0.0011836626057639427	0.3789378915631871	0.5464377235185931	0.6034965137388267	0.5435448782071003	0.8484768672089893	0.8467010775793248	0.2847067152267017	0.9999575136988024	0.9999560135595468	0.2819888117401365	0.9999146174698702	0.9999316749064227
cg05556210	16	73048506.0	-0.06489002725394595	0.028690097730032005	0.024007796589651915	0.02952662604524355	0.028287543776066376	0.03449354302435018	0.06471632553545094	-0.004869077990093892	-0.07352235652073624	0.02534177587643515	0.0038303901126781384	0.026549173559522667	0.005762469106478837	0.030165167625215525	0.01772740671684178	-0.005548164157571766	-0.08494711091350021	0.02452131790937547	0.0005668902251729043	0.027432042753934707	0.0020419288139751504	0.030789519928036056	0.007643663992328679	-0.0060683808228384414	-0.004056610790039269	0.0011713966867261715	0.0005692948754096489	0.0013118068826127138	0.002070983952657823	0.0014727224117313468	0.007736805972952013	-0.00028992195778288784	0.5875965111922763	0.6844111034577485	0.7485464635946532	0.6325444772581694	0.8573191498176632	0.8621266328071441	0.36986309823868946	0.9999575136988024	0.9999560135595468	0.36614582086141695	0.9999146174698702	0.9999316749064227
cg19784903	17	47709371.0	0.09196258766903573	0.03859746577719126	0.0174473112631936	0.03739438013325294	0.014154791512161277	0.035401310744183116	0.011747928104524807	0.0012740127731878485	0.10188460252545833	0.038535186214061865	0.008373210200052498	0.03774146979483797	0.007106495970312182	0.0374464519417318	0.008474070102623256	0.0013553361103602287	0.11892330737657876	0.037051269095116704	0.0013944637304313448	0.038404432583682986	0.002042162905940632	0.03701810658470637	0.0021020851993907774	0.001660441036364469	0.005678038157587516	0.0017700179412525135	0.001403068374163253	0.0018350307731837068	0.0020582152451906867	0.0017688479174799072	0.002118078442965288	7.93687330246615e-05	0.5511642978944549	0.6099059162471017	0.5752691501421392	0.6776235222006284	0.8592863990733808	0.8467010775793248	0.46144263183004275	0.9999575136988024	0.9999560135595468	0.4606149437947478	0.9999146174698702	0.9999316749064227
cg08458678	11	70719072.0	-0.07385930560376604	0.019323600065566757	0.0001436045514674133	0.02006359123015765	0.00024930907538133965	0.019895177089544924	0.00044662856854732225	-0.005497600090491807	-0.06981957370748251	0.01954841983136856	0.0003783820746368762	0.020383952697134715	0.0006491325192262889	0.019798574144600414	0.0008060934440608267	-0.005255712908578001	-0.06009706277702964	0.017972212028016722	0.0008738094250631873	0.01940772070010999	0.002042497438802122	0.02063586799133196	0.005006553277395284	-0.0045505462544537505	-0.0028681635047705027	0.0008586275465186225	0.0008846540492465154	0.0009274345540412113	0.0020696530535473474	0.000986273098839961	0.005065575516012992	-0.00021718695441442354	0.1488927176932697	0.23120435923070792	0.2807261674880291	0.42944425370027284	0.6988239588563162	0.6721529153693292	0.40951290212678265	0.9999575136988024	0.9999560135595468	0.4099232598499769	0.9999146174698702	0.9999316749064227
cg03411579	12	76158956.0	0.0731339586091976	0.02053503000731637	0.00039295137413963735	0.022401993697171493	0.0011475937741276111	0.019698759113802294	0.0004463484309114416	0.012461180621432458	0.0700834720372161	0.018657033902584427	0.0001863009383577564	0.020402042795233614	0.0006262497713143438	0.017406845580524695	0.00015919832149970377	0.011960166884626706	0.06860080399731244	0.019087101431694255	0.0003502745426440448	0.02215665249431419	0.002045095368321831	0.021234413719837506	0.0019919865135401885	0.011726570686604995	0.0032772169883807383	0.0009119701087815062	0.00035098042965229066	0.0010588630507255845	0.002052842042586859	0.0010149729827632367	0.0020025350054925536	0.000560167852843839	0.20901450207406677	0.36149035173460353	0.2807261674880291	0.33926082361830584	0.6936514803012505	0.4948152681488523	0.33598383932484455	0.9999575136988024	0.9999560135595468	0.333886086643253	0.9999146174698702	0.9999316749064227
cg10678266	7	24574729.0	-0.07556844992014579	0.023561641079028518	0.0013989114515659431	0.0246217406550677	0.0022265429174509453	0.022377299439114436	0.0012802974339514977	-0.01036697858942612	-0.05213914300075449	0.0170815206969173	0.0023539462588105064	0.018044020944999153	0.003973876028956877	0.017428259455700888	0.003999882289024893	-0.007088588137337433	-0.05775484045574776	0.016673923768902983	0.000567785706121893	0.018653727876674023	0.0020452071749871383	0.018338957982799293	0.0025342882565272794	-0.007749843530229361	-0.002759885344776522	0.0007964230717362102	0.0005645444477659873	0.0008912674587629902	0.0020422904535426943	0.0008769665369734747	0.002550839778320849	-0.00037031444626201937	0.30581269189460975	0.4200894497931094	0.3706756411138109	0.5905702149428732	0.8348808230001029	0.8272637487752884	0.36986309823868946	0.9999575136988024	0.9999560135595468	0.36614582086141695	0.9999146174698702	0.9999316749064227
cg00250391	11	94116834.0	-0.06658966792393392	0.022017809654483373	0.0025796199983475934	0.02241436132330349	0.003067955203376757	0.01984968125242292	0.0013705381835039364	-0.00754560491256211	-0.07155476515618386	0.021083154805545935	0.000726704659851991	0.02168556916099092	0.0010157190275551812	0.017114611210782074	9.430670060573585e-05	-0.008103617279994944	-0.05229938812889269	0.015558291881853053	0.0008208070502227223	0.016892574453420003	0.0020462725490392195	0.016741525506264298	0.002729898422881915	-0.00593329311722747	-0.0025039439389763765	0.0007432637657470392	0.0007996349078152769	0.0008066771837398351	0.001992384040403033	0.0007989084144599689	0.0026490218417845953	-0.0002841433902860268	0.3557669302408473	0.45356272625052213	0.3756063354998469	0.4925946839903084	0.7152483846604266	0.40610371480097424	0.40558945442909744	0.9999575136988024	0.9999560135595468	0.4010763197351859	0.9999146174698702	0.9999316749064227
cg05642923	17	63819552.0	-0.09394403405795479	0.02650039302003706	0.0004178106352538841	0.02640079238780952	0.00039745462988168673	0.02434569932457731	0.0002775271994597872	-0.015758464287846843	-0.04765172476864101	0.015076944633190592	0.0016405674591540161	0.015683776418597733	0.002465371120227883	0.01741086036623073	0.0081143071333208	-0.008071604404830249	-0.05005074114033048	0.014803259522991372	0.0007655192010820699	0.016168051235160203	0.002048596743281432	0.017703695889999316	0.006343456222718584	-0.008452908028686956	-0.0023942194820542532	0.0007072223830916311	0.0007537736797175137	0.0007727367818019873	0.0020302517156281603	0.0008461661798473344	0.006302406356738803	-0.0004043454740868269	0.21239131896045155	0.2663623798797994	0.2417242803292698	0.558350852066485	0.8143009462248806	0.8467010775793248	0.3965789680200669	0.9999575136988024	0.9999560135595468	0.3944408172847537	0.9999146174698702	0.9999316749064227
cg19979738	22	37100889.0	-0.07218774194503288	0.03551571779117138	0.042461191459713214	0.03343986687036793	0.03119837094703405	0.032501371183822556	0.030069099134458786	-0.005851733482721756	-0.08981993138761213	0.03507237598248908	0.010640215874266844	0.03307747308848417	0.006777417256800416	0.03096070107745526	0.0051656835334587745	-0.007338704086543057	-0.10616106198065657	0.03446380550276951	0.0021551490947693246	0.03430149363537512	0.002053482671518446	0.02961762200282187	0.0006718838608557137	-0.008817690255562958	-0.005078864313509395	0.0016463618099487902	0.0021230131241318805	0.0016406791355927629	0.0020490761494873096	0.0014172488291224754	0.0006735424385745731	-0.0004216444365427448	0.6545116323952276	0.694701812694561	0.667890771087567	0.7020621772899013	0.8573191498176632	0.8326897594526024	0.5128878414278354	0.9999575136988024	0.8858865304519817	0.5094010796831505	0.9999146174698702	0.8851900289400372
cg06713550	16	2183911.0	-0.04336233406856647	0.024269688742420765	0.07440584003664912	0.02440452624322929	0.07601787848105257	0.021304719555624328	0.04616771107794983	-0.0028460946620584536	-0.06689900434549392	0.022528471878250595	0.003081664694565769	0.022771266525720067	0.003410341765269351	0.02114967293733874	0.002433287623638324	-0.0045255422600503515	-0.06144694017316938	0.018622015771642346	0.0010210239327442159	0.01985767676586784	0.0020573938250711614	0.018863524646061277	0.001838624401183714	-0.00417084095630558	-0.002930449382389105	0.0008896481245631805	0.0010417897794223376	0.0009485243643687282	0.0020910199752985576	0.0009019439500930024	0.0018855046584754908	-0.00019898455522006803	0.7165956759742189	0.7847723120419134	0.7159446040128177	0.6078141596958968	0.8276112937654644	0.8027541769115134	0.4210905663003513	0.9999575136988024	0.9999560135595468	0.42130251651834105	0.9999146174698702	0.9999316749064227
cg24206161	7	975208.0	-0.030801892031521394	0.015243735470747644	0.04368563193609706	0.014449421082770458	0.033366791355384236	0.015080134135626888	0.04542577728584548	-0.0030682864419441067	-0.037212658111061746	0.015284665449980738	0.015148532259186354	0.01421559666498053	0.009037508579173409	0.014543222883280593	0.013001946183817618	-0.0036801434843360056	-0.04241536168478606	0.014099131987069365	0.0027285763916723924	0.013708261395615318	0.0020589048289160116	0.016124714837543373	0.010780111733536654	-0.004204657777663756	-0.0020281585486972018	0.0006735267303071159	0.0027031433065556067	0.0006549919270984933	0.002043114932165974	0.0007703292030445235	0.010712388139748825	-0.0002010205329459356	0.6578657032072256	0.7041098993578564	0.7145767264363897	0.7246790927795996	0.8712142145333529	0.8575829943388813	0.5338891780049213	0.9999575136988024	0.9999560135595468	0.5323168825464677	0.9999146174698702	0.9999316749064227
cg14608454	9	137211631.0	-0.09299039673238696	0.022539553805259186	4.12559965018682e-05	0.02204398986239789	2.7722319991493765e-05	0.02274173564276055	0.00012887481576052989	-0.012876410662956559	-0.057128019048674705	0.015692635809330353	0.0002916660071904381	0.015517707944639305	0.0002492278187337901	0.015236957350577588	0.00039650680622856115	-0.008034145009617319	-0.049104382639911334	0.0142964802517235	0.0006310741695200919	0.015870731661234292	0.0020597570391446265	0.01632157430024945	0.0038113069606672064	-0.007128543036020864	-0.002343383372304327	0.0006829758829723939	0.0006393141717405986	0.0007590990264082525	0.002107891290531649	0.0007803090652305187	0.003870696887771064	-0.0003403503713138971	0.08646393092601123	0.10143262613915165	0.17952824095476758	0.3966731111430291	0.5702761030898944	0.6089818891669874	0.37852995203740647	0.9999575136988024	0.9999560135595468	0.3805639829112864	0.9999146174698702	0.9999316749064227
cg06273422	4	105710306.0	-0.0856420599658295	0.03122757409384142	0.006247537841970632	0.03187299113420382	0.007375377460293235	0.025914298574616988	0.0015944206738421238	-0.0027437432107926853	-0.08858082795152389	0.03147417871977172	0.005020294201992265	0.03212153591115404	0.005968939631090895	0.026192482844440475	0.0012612345790903442	-0.002893272410446022	-0.10119500957979126	0.02982815119569595	0.0007345349499274131	0.032708797293623464	0.002061160209132556	0.028447633694913627	0.0007319347641477178	-0.003416563963405903	-0.0048205592390072795	0.0014250130740858953	0.0007607284357097405	0.001562774408274629	0.0021250218767514865	0.0013602198598936894	0.0007631408679430553	-0.00016284464076223048	0.44430105034239314	0.5464377235185931	0.38531007977303666	0.649169878101067	0.8573191498176632	0.7288112796553561	0.39122007978482637	0.9999575136988024	0.8975736820369667	0.39478197229730244	0.9999146174698702	0.8973002611650496
cg14679780	19	4059527.0	-0.05982150422183827	0.024467801098555887	0.01472595139803285	0.024561526116478178	0.015107984487350526	0.02528073586151374	0.02115907274399218	-0.008918199340563326	-0.047366654088818	0.017272876655279625	0.006253443008482877	0.017349153340483557	0.00648433387939577	0.017238918505171952	0.007881544007204784	-0.00720408785089149	-0.05309491319624912	0.01585098604115	0.0008562061916699415	0.017166635964309417	0.0020673505535775453	0.015277588541320086	0.0009455331499501633	-0.008004360706926292	-0.0025353355422647926	0.000757851666008318	0.000869064785146495	0.0008203634963534327	0.00208395547528059	0.0007306651127369535	0.0009616590503688443	-0.0003823326550935052	0.5318110610951586	0.6157711633515485	0.6300569282355678	0.6620005741721309	0.8573191498176632	0.8467010775793248	0.40951290212678265	0.9999575136988024	0.9504452336097909	0.4099232598499769	0.9999146174698702	0.9514528791080519
cg16797421	6	147107350.0	-0.14042528000881857	0.03204991707547913	1.352940651755994e-05	0.03325005839574291	2.7139441363954406e-05	0.030102660135559317	1.733166329136843e-05	-0.009100147555594499	-0.07860920577547822	0.027851244759819788	0.004897041280568933	0.02878624386155814	0.006472840888006523	0.026878758367645764	0.004836245752662523	-0.005027479056783639	-0.09572577904514477	0.02724354409400298	0.00047270477502472843	0.030957030708631365	0.0020721504349323367	0.03103658546993929	0.0030641230850254907	-0.0059734229019567965	-0.004589839590477105	0.0013014883177657692	0.0004506730399838154	0.0014795396851577463	0.002004454770536232	0.001484702522094752	0.003001304603330072	-0.0002865031631491561	0.06290121642427098	0.10143262613915165	0.09375383830821095	0.6460471590387942	0.8573191498176632	0.8326897594526024	0.36311468581727885	0.9999575136988024	0.9999560135595468	0.3611066915644718	0.9999146174698702	0.9999316749064227
cg27147718	16	58462638.0	0.08213954796555151	0.0308810574015696	0.007989829113249265	0.03384225898030985	0.015461439558032797	0.02937007914047659	0.006896285623336059	0.00978571864237818	0.09419679846252789	0.03092334193197854	0.002402648996953235	0.034426958728365605	0.006369730663875965	0.029577746675303364	0.002283032052702845	0.010966525215105796	0.11423897134123659	0.03131996560649835	0.0002861382313821712	0.03694488053335604	0.002072620323931664	0.03337665463338458	0.0011127195540960515	0.013134345569422964	0.005461092405526913	0.0014964654820664356	0.0002841307982924086	0.0017665999072461142	0.002078440877424235	0.0015967715901833688	0.0011217946465710946	0.0006276293225995703	0.47035950974329566	0.6182672530413302	0.5216333907206321	0.5915763193027502	0.8573191498176632	0.7991454618347013	0.32171334335694746	0.9999575136988024	0.9791520853601348	0.31944402778492104	0.9999146174698702	0.9831623634226687
cg09018483	6	32223719.0	-0.08999168808916505	0.024559235487202874	0.000266128425511178	0.02445381401129794	0.0002504566171770612	0.025323425833168777	0.0007401425084256533	-0.01349144720499982	-0.08093671299048451	0.024441775460148626	0.0009745937715469172	0.024719531338227956	0.0011102809150401395	0.02605499338437677	0.0028734300063044988	-0.012514458195195139	-0.07733763048106837	0.023368017064562686	0.000986323582505095	0.025015715228499262	0.0020766439057692447	0.025454977995463385	0.0035004980012048503	-0.012039791203651406	-0.0036882455066921936	0.0011169372922407324	0.001012426643542042	0.0011963812328797398	0.0021375965916494806	0.0012164647642834022	0.0035642196361265035	-0.0005744882590527152	0.18626677719811707	0.23120435923070792	0.3185325722664289	0.5136705607136404	0.7221039184026306	0.8163415783783448	0.41614877609678635	0.9999575136988024	0.9999560135595468	0.41874940575628344	0.9999146174698702	0.9999316749064227
cg20707008	6	159789580.0	-0.029131759049338693	0.02903920229087138	0.3161051966878854	0.028051445144500087	0.29937803075474084	0.02558063230549449	0.25923053797035445	-0.0016516960864226713	-0.03740764652137764	0.02864864256946628	0.1920584124784673	0.0277347071105978	0.1778360041255715	0.025179604591138105	0.14252640172350264	-0.0021146391756124865	-0.039764136650305495	0.013052685481605795	0.002409975573384977	0.012862843944207546	0.0020777911965584807	0.01216062557237255	0.0017711763223283346	-0.0021163246198030138	-0.001897229695410175	0.0006235567885256626	0.0024404936591721506	0.0006143809665041567	0.0021010837389598236	0.0005805601508811785	0.0017817310182626114	-0.00010094539429508965	0.881011687393107	0.907181714369539	0.8861267845351546	0.8720307026071429	0.9304337625130399	0.9225425838278171	0.5234735055005645	0.9999575136988024	0.9999560135595468	0.5254216666473274	0.9999146174698702	0.9999316749064227
cg21674704	8	130443003.0	-0.05986350828180946	0.01887190734745893	0.001577239799336844	0.020238923159551732	0.0031987904270386236	0.017453554341270158	0.0010884499064803582	-0.0071874537901814	-0.04201208556512842	0.015340819546983452	0.006323017777745517	0.016217235420288093	0.009775259399785454	0.016308294811829778	0.012428983422237716	-0.005034062042878125	-0.05080430689726626	0.015433194746119705	0.001049310747905803	0.016437089827341364	0.002081669389376386	0.017210346934995794	0.004476894772769408	-0.005983066050690898	-0.0024321281757559124	0.0007373244471998036	0.0010249914901278771	0.0007855630897924067	0.0020460484802446548	0.0008241229900000837	0.004486927189415991	-0.00028648403868614743	0.31292582469359925	0.4594804774407293	0.3555980778812259	0.6627265937672614	0.8712142145333529	0.8543623478239699	0.4222098931108893	0.9999575136988024	0.9999560135595468	0.419550569113843	0.9999146174698702	0.9999316749064227
cg07697465	16	1466048.0	-0.04613627118315302	0.015941141870545177	0.003915851442855573	0.0168076586538338	0.006201735703475645	0.016814675711867122	0.00796406790342957	-0.00515345058413009	-0.04066825597761753	0.015216383582493775	0.007695534021314613	0.01615029213779501	0.012014326915270908	0.015446507681134723	0.01071243892024799	-0.004577563503491798	-0.046601503172250175	0.01361150335581184	0.0006567770693993989	0.015082294755159383	0.002088713559796434	0.015260133052475587	0.0033466979756540806	-0.005291144636328961	-0.002224299414530022	0.0006503200991622328	0.0006648215909085168	0.0007208502177180246	0.002117678840716827	0.0007295954529285666	0.00339660282156006	-0.0002525753715345031	0.4001698951981395	0.5291250462039088	0.5360815671872194	0.6716468901828612	0.8713447978139436	0.8500055558327552	0.38260505249356536	0.9999575136988024	0.9999560135595468	0.38294520603855126	0.9999146174698702	0.9999316749064227
cg27414481	11	6321280.0	0.061771297065356404	0.02227037187690402	0.005684793762327593	0.0233438889261366	0.008318068508367199	0.023920589301917372	0.012228929216443394	0.007584440529363773	0.06271541011391468	0.02095549211931754	0.0028589437118121406	0.02216622247857358	0.004794476420540908	0.02251736483431298	0.00711666204091164	0.007689134475369508	0.07398921436601878	0.02110794642838147	0.00048763340265806933	0.023946348369320556	0.002088880268178447	0.024375872604542253	0.0035294720512158277	0.009108223615735524	0.003536768679623567	0.001008384519179533	0.00048390225671139447	0.0011453546042699892	0.002101850176448693	0.0011668187747467752	0.0035725955978467045	0.00043553597868845794	0.43394791391456744	0.5606081793244089	0.5784060159449133	0.603724561848377	0.8573191498176632	0.8426246214548183	0.36354686739864567	0.9999575136988024	0.9999560135595468	0.3613937401815653	0.9999146174698702	0.9999316749064227
cg15817705	1	209232718.0	-0.0792970045817995	0.023474448131909624	0.0007691198362806874	0.02433673182981376	0.001172967852097432	0.02457855565382484	0.0020181311894526158	-0.007292806654570919	-0.0726512667325903	0.021744916601338423	0.0008776342524616033	0.02258236486367191	0.0013525784778890798	0.02230470137245118	0.0018398906648296306	-0.006658493309838601	-0.06967290219644623	0.020147344526862152	0.0005795293299755334	0.02255104332692678	0.002090451237275971	0.022621269403216245	0.003102725676589812	-0.006415193338005764	-0.0033218557938086207	0.0009625743234743634	0.000594826154142376	0.0010782297956499372	0.002151741227560854	0.00108323016742306	0.0032250718844015207	-0.00030606010182708125	0.25840626008555384	0.36357182411289757	0.41341356136649704	0.4995320990494329	0.7418709675005086	0.7690547419510269	0.36986309823868946	0.9999575136988024	0.9999560135595468	0.3694248447779572	0.9999146174698702	0.9999316749064227
cg18968920	2	152716034.0	-0.09127826328984251	0.02840100755949394	0.0013673936619976576	0.030316877578216574	0.002696031215651512	0.033098277268992185	0.007667911024600644	-0.013038588618249016	-0.09354314583997822	0.027749500982621387	0.0007889795581059235	0.029495362769478724	0.0015811400730078146	0.029822029083336376	0.0026296349921247136	-0.013502553968015307	-0.09739465224041662	0.02819231113161611	0.0005869968850439347	0.03152640317658293	0.0020922560676380074	0.03080783103212926	0.0024459485651699146	-0.01401554878216231	-0.004653525377096699	0.0013467373778890549	0.0005853881138924823	0.001506531991060896	0.002095069181453431	0.0014718743990072786	0.0024439911436313954	-0.0006696979664599164	0.30579983905215347	0.4423622227665448	0.5310556608107431	0.49843160660967445	0.765572514560194	0.8155307789769407	0.36986309823868946	0.9999575136988024	0.9999560135595468	0.3694248447779572	0.9999146174698702	0.9999316749064227
cg10087556	7	116592765.0	-0.06944422052349042	0.036079121627351766	0.05464840131011878	0.03596405503752527	0.053880775889616955	0.041505611733410226	0.09942343602411724	-0.004547467452007403	-0.07266736070473666	0.02738890072496323	0.008149814092977601	0.027112300137254117	0.007525269757817163	0.03283921659965653	0.03066215935323681	-0.004842120677614127	-0.0828514941589838	0.02625986778805275	0.0016790510011255105	0.02682029558816695	0.002093436145628196	0.030485415222232033	0.008544263008267902	-0.00533310093348289	-0.003966088076106576	0.0012553729263587439	0.001655240682438124	0.0012828032191023059	0.002075448316703182	0.0014595792991785343	0.00855484868435871	-0.0002555992311643719	0.6824722123508333	0.7509112134257785	0.790548033902915	0.6752245010328631	0.8630155769926795	0.8869810588221004	0.48099879786878097	0.9999575136988024	0.9999560135595468	0.47906233068983767	0.9999146174698702	0.9999316749064227
cg19335195	7	152134031.0	0.04355556504905657	0.024874168167607513	0.08036259469296404	0.025573735328329524	0.08897109000149699	0.02478563935128896	0.08388592679216296	0.001367233217257808	0.04133238561699472	0.025156752854043198	0.10082084652200175	0.02552186994528175	0.10578000426609167	0.024749386901162487	0.10003630945539459	0.001318250991625971	0.07131004796792721	0.022995458837382965	0.0020121981664286645	0.023094968480666403	0.0021035024098386883	0.021347392771494198	0.0014312261872163595	0.0021909959503640525	0.0034112554343443437	0.0010985119278822389	0.0019836451759835086	0.0011033846394176892	0.0020761842879371863	0.0010204886367161448	0.0014212133299875735	0.00010480207319680298	0.7258275245465351	0.7985770255930389	0.7742347016419854	0.8313180322536026	0.9190490375644776	0.9117931832516438	0.5009211953704824	0.9999575136988024	0.9999560135595468	0.4991656466963682	0.9999146174698702	0.9999316749064227
cg25799994	2	165794189.0	-0.03097712910951246	0.0155776266738022	0.04712473381682952	0.01637425398899526	0.05891332965700237	0.014776414354085146	0.04020268029252605	-0.0015890102580127011	-0.03328256590982509	0.015718477585389922	0.03456673046891645	0.016630184809231317	0.04573116691915136	0.014676095834139417	0.026894336557007507	-0.0016872363478043614	-0.04933398049294416	0.014355690171462336	0.0006269094718512412	0.01598139045175867	0.0021085526180875903	0.016061144121122303	0.0031786018639035516	-0.002417814502250733	-0.0023461449869606505	0.0006858495549449566	0.0006636897918739197	0.0007632198695580064	0.002200902896436858	0.0007680411902483007	0.0033379659743856707	-0.00011498097007068951	0.6657113800730268	0.7598351045566649	0.6996323652988063	0.7724835802611745	0.9094091507938535	0.8819906978615947	0.3776224653933943	0.9999575136988024	0.9999560135595468	0.38294520603855126	0.9999146174698702	0.9999316749064227
cg21488474	19	14572054.0	-0.03332621395369949	0.027154122444069975	0.2201087775822159	0.026538271335338554	0.2096005165865453	0.023475447506239942	0.16080874642432372	-0.0007160865891744439	-0.039417024815828414	0.02743167494463726	0.15117613045059378	0.027081847313406824	0.14597291870450113	0.02353672019624205	0.09911242247022128	-0.0008172873112107495	-0.06976367995522641	0.02140847652724295	0.001177856954592458	0.022606981923325085	0.0021157561490321784	0.021884175989607856	0.0022619178568985287	-0.0015342353294309457	-0.0033326560264046556	0.0010227168489901246	0.0011781185888329446	0.0010805833246358084	0.002128469110053864	0.0010463019315458894	0.002279944113890825	-7.330318630389133e-05	0.8388052946121831	0.8750405612374383	0.838044084009821	0.8560362649008908	0.9279798699930375	0.911487583601704	0.4419605563403379	0.9999575136988024	0.9999560135595468	0.44268380671955593	0.9999146174698702	0.9999316749064227
cg01686348	3	181713221.0	-0.07310990802429092	0.03017590858602041	0.015645794962659026	0.03333367167301132	0.028604448183404418	0.03606286075245852	0.047008460452761885	-0.0044200943019363954	-0.07875535728808628	0.02775863191775787	0.004679811140781756	0.030284298809870876	0.009498834451014087	0.03211182532502064	0.017061144579023045	-0.004995326779137093	-0.09521354275155598	0.02726959293227567	0.0005128710673801581	0.030857835046236987	0.002118423865275382	0.03151110888420353	0.0036717092173562645	-0.005973295341960564	-0.004537907901128904	0.001302803591356068	0.0005288849735601846	0.0014742766457377548	0.002171655270525838	0.0015054326903454682	0.0037485914097683546	-0.0002848052991517704	0.5374978685359932	0.686382971665362	0.7174535252103862	0.6418015989940438	0.8712142145333529	0.8621266328071441	0.36674113269969094	0.9999575136988024	0.9999560135595468	0.36614582086141695	0.9999146174698702	0.9999316749064227
cg05883269	5	109997524.0	-0.08498816243312472	0.02747726892494779	0.002057238775886582	0.02738037389684973	0.0019836002776305044	0.028613039205140446	0.00425073186149835	-0.004570011067751336	-0.10057709572019573	0.025281601495910317	7.644005491955048e-05	0.02601472723861928	0.0001205602648650175	0.024132372670907818	9.86481507613966e-05	-0.00590640314939416	-0.08070118922821637	0.025171428007885854	0.001411906340431991	0.02616186435610205	0.002124516387563952	0.024270286506380145	0.0014995034750748632	-0.004767719867364215	-0.0038678705062829112	0.0012025030346466585	0.0013622527312393635	0.0012485038522299255	0.0020326769237580616	0.0011587242165906311	0.0014417653715346295	-0.00022842106494323794	0.3355822549746976	0.4063832642003064	0.47975192293621133	0.2925289478900569	0.5388731217446908	0.40871243040288235	0.46144263183004275	0.9999575136988024	0.9999560135595468	0.45684900357022645	0.9999146174698702	0.9999316749064227
cg12461677	19	58350723.0	0.10106319625410418	0.03656710267952899	0.005858714103617265	0.03692223975902509	0.006348480714274003	0.03602771633509997	0.00673859765209094	0.011487745699083708	0.09936656514569543	0.03660315542376466	0.006792456619552663	0.037432587631928665	0.00811690905299205	0.03692868705141849	0.00918515018265686	0.011269491660092544	0.11875859850534518	0.035283587713097905	0.0008082826613872453	0.03850344621417049	0.0021268059703817665	0.04087658059990803	0.0051052672725886	0.012880621892000118	0.005679190937957197	0.0016854076011110532	0.000797428924306178	0.0018412350503296709	0.00212621691756062	0.001956854834839508	0.005149679620233144	0.0006163155704460204	0.43833349632298496	0.5312534282176247	0.5193582965358581	0.6649616256017806	0.8705324847075997	0.8467010775793248	0.4038032467366373	0.9999575136988024	0.9999560135595468	0.4010763197351859	0.9999146174698702	0.9999316749064227
cg07400503	10	132296718.0	-0.1074634902457946	0.029459156685236663	0.0002833594241859401	0.03073149267792594	0.0004994672507709485	0.027705976369608833	0.0002598994106872178	-0.01798453695429711	-0.08673273880795437	0.02562751737323587	0.0007521019687712542	0.027641687378331482	0.0017719012714400473	0.02677710521311042	0.0019425579266914446	-0.014534262827912297	-0.08891538643976565	0.025604212226779145	0.0005496157858557944	0.02882934738694336	0.002127974574839476	0.029935842814848287	0.004251476128256341	-0.014825934969941739	-0.004240963785987942	0.0012231900110547577	0.0005608806235398097	0.001377337893129277	0.0021641651115602224	0.0014290249523994298	0.004281327430070952	-0.0007070768976226314	0.1883400292286657	0.2875901168830965	0.23780466117636803	0.4925946839903084	0.7787301602441881	0.7733639888192736	0.36986309823868946	0.9999575136988024	0.9999560135595468	0.36614582086141695	0.9999146174698702	0.9999316749064227
cg23025459	1	3217856.0	0.0630182570662155	0.025377534932954925	0.013244726091172741	0.026762106281711304	0.018800491819702687	0.026588915474543295	0.020961111747116772	0.010661469804392249	0.08659132247332121	0.02426252684456168	0.00038221884943642856	0.026082795393829326	0.0009459880201057046	0.025442418940636067	0.0011807665899788357	0.014671411968376206	0.08927096287220881	0.025413882676191487	0.00047448888453448414	0.02894571251357413	0.0021287822807779908	0.028261863139754536	0.00246512380016002	0.015121263682055597	0.0042677857930181265	0.0012140656565769578	0.00046995544626230877	0.0013838074828169274	0.00212873401357786	0.0013514975820637513	0.0024715733813397856	0.0007229642041723106	0.519122544367998	0.6392991897984687	0.6282080138776638	0.42976581258729407	0.7152483846604266	0.7170771964132374	0.36311468581727885	0.9999575136988024	0.9999560135595468	0.3611066915644718	0.9999146174698702	0.9999316749064227
cg27132535	8	20312877.0	-0.11966895299331191	0.032464423285435584	0.00024465058629502675	0.037935544826829475	0.0016739372930065601	0.040003780011010674	0.004002192829653707	-0.014418204696765243	-0.12411779476761844	0.03265491977324434	0.0001563763439541206	0.03891739120313527	0.0014881591299495227	0.04181241848458247	0.004272701707449348	-0.014911682060539106	-0.1259950114410205	0.03286382741348275	0.0001384782837193755	0.04086881475657459	0.002137040136753521	0.04259661888074974	0.0044027594837436675	-0.015116333531640352	-0.006019992132534093	0.0015700141209403808	0.00013820068368080722	0.001954599517746874	0.0021583823520194877	0.002037505407734249	0.004443755906596134	-0.0007221857334238151	0.18097224184333377	0.396212758964964	0.47331098642292	0.3352968820688399	0.7510017267708389	0.8310989397767151	0.23443080154847812	0.9999575136988024	0.9999560135595468	0.233529251191925	0.9999146174698702	0.9999316749064227
cg10972392	7	76255921.0	-0.08652132410771485	0.025488065986771516	0.0007247421218905816	0.02713894793149862	0.0014937072924896717	0.027571272451131383	0.0026189880417416167	-0.0113406590965999	-0.0871498430882499	0.025466199478365682	0.0006563286241811065	0.02714910883629751	0.0013860608179292837	0.026475074219014228	0.001658449779499016	-0.011719974011075246	-0.07473589629198946	0.020311655546686472	0.00025318749371151323	0.024242545122235743	0.002137556175011772	0.025591197238476575	0.004893813239510829	-0.010290509410390593	-0.0035758091470532516	0.0009702559529976822	0.0002474451668030484	0.0011584783873069854	0.0021107990715095067	0.0012228650188607106	0.004842513235743152	-0.0004925139013030444	0.2535799183318121	0.3846562752317434	0.43483258264983465	0.483218292106041	0.7446510124887507	0.7652861386080396	0.30962535730219776	0.9999575136988024	0.9999560135595468	0.3061087395155013	0.9999146174698702	0.9999316749064227
cg02060443	6	158313730.0	0.04763280583357957	0.023728772150436013	0.04507924146393137	0.0229425387614155	0.03822926998059449	0.023441915491533485	0.04652014478025002	0.001598951692484845	0.054394319017656956	0.023715538477921485	0.02209982501574545	0.023217922066348092	0.019412409678114216	0.023871945798918173	0.026205641184431687	0.0018386655033235096	0.0713702830868852	0.02223969517400746	0.0013971226870579689	0.023156932364572995	0.0021433220116489787	0.023553339177104286	0.0035825147097854294	0.0024552877214110026	0.0034059579177199346	0.0010624374353591995	0.0014131961975543908	0.001106541714010692	0.0021719201579201387	0.0011263168645624033	0.0036466063249921883	0.00011714343860665913	0.6615238922799752	0.7170536011967025	0.7162603365691474	0.7460911984444113	0.8860940047215415	0.8813259429289713	0.46144263183004275	0.9999575136988024	0.9999560135595468	0.46206607143348866	0.9999146174698702	0.9999316749064227
cg12900649	17	76498131.0	-0.04938781238341542	0.020283906271984467	0.015139079742912674	0.019912405982440394	0.0133548577507401	0.016833193644746208	0.004710366188217237	-0.0033629274582513344	-0.06185826845171412	0.019800902980432317	0.0018555809148434843	0.019455414766898414	0.0015385432264028325	0.016684207593259566	0.00045362235650851833	-0.004372448782289731	-0.055756488053447094	0.017173782902124148	0.0012281954154972127	0.018102074937585408	0.0021569184490112013	0.016760181416163995	0.0014921529136142021	-0.0040202936841212695	-0.0026678838744699993	0.0008203903399821166	0.001205619623970992	0.0008642323793088086	0.0021083145280428634	0.0007995919837080907	0.0014482867268939214	-0.00019242070513391166	0.5336266262435583	0.6050070095579573	0.4878083064338514	0.5702764657932831	0.7613400278887748	0.6186065970840329	0.44700690210234645	0.9999575136988024	0.9999560135595468	0.44497379369603157	0.9999146174698702	0.9999316749064227
cg08417702	2	128233478.0	0.13689278936687932	0.048371125699498085	0.0047827955164801905	0.049493286579807956	0.0058213004747294786	0.05545294422379068	0.016380614175702784	0.0011918996718717277	0.14610252290730946	0.04880725183494226	0.0028527684551034583	0.05052984397659541	0.0039507245178706995	0.05674988095801255	0.012481429758897121	0.0013076615209803178	0.15579768958689755	0.04629741089849159	0.0008102486881652262	0.05059109685968523	0.0021609773490519663	0.054921904007224	0.006178074549209945	0.0013709506064814403	0.007431213361284563	0.0022117583448758595	0.0008256259268608263	0.0024173102183495747	0.00219976264870812	0.0026235432503547876	0.006250148453320781	6.544188373268439e-05	0.41765068924787946	0.5200537342887712	0.6056313927201118	0.603724561848377	0.8348808230001029	0.8545789211934461	0.4038032467366373	0.9999575136988024	0.9999560135595468	0.4055817227578955	0.9999146174698702	0.9999316749064227
cg12899747	3	25350036.0	0.14627409649626358	0.03639120011365903	6.442488750139951e-05	0.04204011977323119	0.0005325923943538659	0.04295409928886305	0.001173769958829964	0.01625189857156375	0.1539461133633212	0.036373489475044006	2.6115315272893326e-05	0.04270424516073152	0.0003337570692119205	0.04359322300087204	0.0007937435181445153	0.017201478119402334	0.14312623969573682	0.03738672065598179	0.00014158719145143078	0.046495627917267246	0.0021701058276070886	0.04800361574241586	0.004116264642002564	0.01575768355160636	0.006840396421939402	0.0017867909887810533	0.00014155929007697715	0.0022244218759933333	0.002192737040726234	0.002295168953234593	0.004130651432779682	0.0007525873612494749	0.10475286469639344	0.2945141354695914	0.363831540052001	0.21860083758152343	0.6285672724134701	0.6707596712006082	0.23597073460682122	0.9999575136988024	0.9999560135595468	0.23535671484297177	0.9999146174698702	0.9999316749064227
cg07177789	16	87636881.0	-0.058969158824792936	0.020945723319294313	0.005004948067111308	0.022208444255776182	0.008098765151452117	0.023271388501299985	0.01386178943758439	-0.008456302152852271	-0.06310808178735401	0.020539946106009486	0.002203088908188678	0.02190630240455406	0.00408435482181918	0.02366612459457533	0.009796450095741583	-0.009036176759922382	-0.07124476336095986	0.02027381972569944	0.00047196989840828844	0.023144482612813013	0.002170190907064146	0.023523559539497512	0.003597979684140444	-0.010122930058588815	-0.003402784626713105	0.0009685247444827518	0.0004732921714009649	0.0011058871274070101	0.0021794553793428313	0.0011230571762499014	0.003584837085666639	-0.00048353636239411256	0.42237742649388216	0.5578799597845707	0.5870848235704568	0.5779474643702771	0.8383759623937287	0.8467010775793248	0.36311468581727885	0.9999575136988024	0.9999560135595468	0.3611066915644718	0.9999146174698702	0.9999316749064227
cg09560294	4	37891341.0	-0.04875013311134928	0.026615602137323648	0.06741560049035827	0.02668934072429464	0.06817446502095961	0.02262539530063927	0.035145503160737876	-0.0026036348340241983	-0.05973798014252332	0.02640029499480587	0.023946539734044685	0.02683818046407513	0.02633253297227719	0.023074367578272657	0.012020715705515113	-0.0031169931463814484	-0.06141405782155442	0.018865053421426428	0.0011912141706483983	0.019958334122077686	0.0021784425529180686	0.01756488308615074	0.0008855376978226488	-0.00319687833898464	-0.0029293134725799784	0.000901238374010925	0.0012125165692401182	0.0009536808487179361	0.002218579266604708	0.0008386123206676311	0.0008948670058130411	-0.0001525275398107324	0.704999948392328	0.7742525099321251	0.6841891025572482	0.7527955832288048	0.8999932531887502	0.8535019870764532	0.44318313018159067	0.9999575136988024	0.9482820262903313	0.44497379369603157	0.9999146174698702	0.9453805653783303
cg05527996	11	33870378.0	-0.0413639408441826	0.019895126560949994	0.03795923086733996	0.02104042836487583	0.04968828931258344	0.021169851131324725	0.055301393612039514	-0.0028391054144033465	-0.054062092595732573	0.01931555021315693	0.0052650632408337604	0.02028310168238782	0.007862599612486488	0.01866138119490598	0.005225141340028765	-0.0037376099624480052	-0.06369662499514685	0.01852141572825025	0.0006211749165913102	0.020701412310163057	0.002179823589013303	0.020885351509229638	0.003385379928600849	-0.00433603908810866	-0.0030419584239386936	0.000884790910738006	0.00062349119821445	0.000989438553216954	0.002197854947293695	0.0009986204019819555	0.0034213023675392835	-0.0002070649737165347	0.6411027750143135	0.7419086836055506	0.7303029921941886	0.6508930242166987	0.8681523892365297	0.8326897594526024	0.375285143675493	0.9999575136988024	0.9999560135595468	0.37472820077625335	0.9999146174698702	0.9999316749064227
cg22161874	9	74888126.0	-0.09977005153402803	0.022688182884236296	1.2594376834581426e-05	0.022850589730407118	1.4483591101188812e-05	0.026244040479474054	0.00033455286563353805	-0.010368345139608453	-0.07044119799359613	0.018026166369212806	0.00010195675526479046	0.01808877935309595	0.00010769102380027112	0.020486077981758204	0.0010598857105480813	-0.007316266144460686	-0.0561981618184267	0.017063490874042683	0.0010434973178556771	0.01827449469256337	0.002192089724134804	0.017927140574105025	0.00264434937969283	-0.005906221457975739	-0.002683667049961736	0.0008151551084599795	0.0010480964717736897	0.000873289498187523	0.002207847371196984	0.0008568532838883749	0.002666175615984798	-0.00028209397324912037	0.06113271420145375	0.0811097174903521	0.2609273846045095	0.31265425201778546	0.5189199755054316	0.7045213841346508	0.4222098931108893	0.9999575136988024	0.9999560135595468	0.42130251651834105	0.9999146174698702	0.9999316749064227
cg20252443	19	12938499.0	-0.06828127469908687	0.0425615701419366	0.10908474773405472	0.04381200090069306	0.11954969104240408	0.03827683044693902	0.07941721056388927	-0.0020213843088364688	-0.09261672752327954	0.04214081097765758	0.028281616430427356	0.042243709375559324	0.02866721118785594	0.034113858517249254	0.008609118917725544	-0.002538848287781323	-0.1203420275186908	0.03462435480932091	0.0005436947134974107	0.039134963895708	0.00219333870604928	0.03739273913771344	0.0020664188613983892	-0.0033843104713298655	-0.005738106045033742	0.0016541272564888731	0.0005571463470749651	0.0018699750605712863	0.0022409449259969227	0.0017857748294419348	0.0020979709851101243	-0.00016135984649652733	0.7587344758575051	0.8232468777625485	0.770317594318166	0.7619071750912455	0.9017718173961681	0.8467010775793248	0.36986309823868946	0.9999575136988024	0.9999560135595468	0.36614582086141695	0.9999146174698702	0.9999316749064227
cg17345741	14	69005935.0	-0.033794468285413215	0.018447008813376197	0.06736515294259654	0.01857287679817718	0.06923829468684989	0.02087309078790922	0.11059692437388356	-0.005343548319148912	-0.03586119672532193	0.014703649643440226	0.014971311054413752	0.014490884098578632	0.01356250691467449	0.016106953161516595	0.029687979397421328	-0.005727528194244864	-0.04005192614006044	0.013236502399002896	0.0025775805247200394	0.013025185428109837	0.002194000443684693	0.015030172756994045	0.009844256478148194	-0.006409932712206979	-0.0019106509152217186	0.0006326530406716009	0.00262681686183972	0.0006226114548893074	0.0022393011977006666	0.0007188579424276803	0.01002548828180118	-0.0003057904245458195	0.7049495521048758	0.7751782201928373	0.8002655063790864	0.7233207015137245	0.8774551407386096	0.8869810588221004	0.5334268972442747	0.9999575136988024	0.9999560135595468	0.5306547004741153	0.9999146174698702	0.9999316749064227
cg25532099	5	128538773.0	-0.12514862959145456	0.045917768028167806	0.006575424139272469	0.047542330534247716	0.008659809461932845	0.053045260936531766	0.02152785308629396	-0.0058208496532002035	-0.12114578149476642	0.03953946478658937	0.0022660796715951053	0.041156231232009614	0.0033490207288795794	0.04505973599496923	0.009239548897284847	-0.005960947467737782	-0.13146454271738706	0.039547891963783575	0.0009368164494477458	0.042753559175425074	0.0021941611869270906	0.04832885212004049	0.008487757240220014	-0.006123279227788519	-0.006281440696520087	0.0018892944008128821	0.0009349391533239686	0.00204162447571733	0.0021815111975863454	0.0023116774827784837	0.008555228441746067	-0.00029263351407555094	0.44806378797446383	0.5628633265416622	0.6327438418804855	0.5853672799663571	0.8276112937654644	0.8467010775793248	0.4138603026837606	0.9999575136988024	0.9999560135595468	0.41196313051845795	0.9999146174698702	0.9999316749064227
cg09176995	5	69094022.0	-0.05583415661705629	0.02744655345274301	0.042286187724968866	0.027486662198863015	0.0425870162283459	0.025816534887647326	0.0344914286962791	-0.0017173510946651032	-0.05838873239986846	0.027443105176061366	0.033707077142575835	0.027808334580261856	0.03610405333829525	0.027700011078271716	0.039156812816312864	-0.0017435017240244248	-0.07407530542593982	0.022791591050750706	0.0012133759875090047	0.024092729679098854	0.0021966731707266777	0.02794320178629595	0.010212553806416162	-0.0022134831147219204	-0.00353967535028917	0.0010887748464809706	0.0012094062317994166	0.0011511231691935218	0.0021938903892517935	0.0013343607642785282	0.010164280984535376	-0.00010576460041411781	0.6535214455292505	0.7266389918665437	0.6829534693055519	0.7724835802611745	0.90366880157135	0.8930487039193722	0.4454050545115412	0.9999575136988024	0.9999560135595468	0.44497379369603157	0.9999146174698702	0.9999316749064227
cg20897026	13	63842683.0	0.017846497458176763	0.018021182942154053	0.3223546419327168	0.017813509277935142	0.3167493991172351	0.015669226466192416	0.2591762650686029	0.00173011700344659	0.028258860719909865	0.018055713920315106	0.118000628121378	0.01781574546145748	0.11313904965187772	0.01599201901237891	0.08222031689525347	0.0027246381838415515	0.04231981054360625	0.013046103530746688	0.00123987360880706	0.013764397294276219	0.0021967208348014937	0.012576221818959545	0.0013278889078158806	0.004244099618487309	0.0020191580400189422	0.000623246170412349	0.001257641897367593	0.0006574398427238931	0.0022210922625758513	0.000600571741174393	0.0013401221610158528	0.00020247438084265473	0.8831210627369626	0.9126026740538653	0.8861267845351546	0.841939825065387	0.9203264483551924	0.9063153572271708	0.44700690210234645	0.9999575136988024	0.9999560135595468	0.45289722302860247	0.9999146174698702	0.9999316749064227
cg07600193	5	1228328.0	-0.07774167251329242	0.0277132672698133	0.00516300494051599	0.029516680552281	0.008623032530921778	0.030967765975820575	0.014726852790379065	-0.01164463827571317	-0.07890230355869782	0.028034367719795453	0.005018934194731501	0.030019514908607117	0.008762461659098332	0.031608043341441475	0.015268652699950315	-0.011792415392321856	-0.09768903212094915	0.027699675798485174	0.00045048479519058993	0.031784247054404066	0.002204574288058161	0.030963207085865453	0.0024921349367995516	-0.014594206213820194	-0.00468476575229154	0.00132310635556038	0.0004276597663418876	0.001519484481749691	0.002135518474571419	0.0014805958923862226	0.002426230913397679	-0.0006999761409782843	0.42470454891729165	0.5628633265416622	0.5926784526223638	0.649169878101067	0.8712142145333529	0.8604657951705282	0.3599193278402209	0.9999575136988024	0.9999560135595468	0.3596112357220312	0.9999146174698702	0.9999316749064227
cg08014964	17	10469655.0	-0.06946978579378965	0.02717059764062188	0.010766558538683324	0.027415922496864604	0.011488874674540343	0.031611458893099194	0.03178315455149731	-0.008602693819319204	-0.08008534819448578	0.02341778767523666	0.0006618744067983551	0.02436586716178265	0.0010625474898880037	0.02893428931157	0.007461566893660692	-0.010183056506646172	-0.08201436094004755	0.023641248418891186	0.0005568237348592997	0.0266845712106234	0.0022047908340511093	0.031214730022559485	0.010866577821518156	-0.010514498790361052	-0.00391609356734202	0.0011296154696436558	0.0005616694418682489	0.001275072874262003	0.0022208973081569404	0.0014906278179480587	0.010874630278238859	-0.0005021110175858571	0.5026078741455948	0.5883731221387227	0.6736101706277153	0.483218292106041	0.7199909017862371	0.8467010775793248	0.36986309823868946	0.9999575136988024	0.9999560135595468	0.36614582086141695	0.9999146174698702	0.9999316749064227
cg06365108	6	30136849.0	-0.044441673391020134	0.016628321056750918	0.007694646797227968	0.016534780218318678	0.007358123934982404	0.01580696315949848	0.0066217619600222166	-0.0032618470620255904	-0.04005251254947322	0.015985810569870803	0.012447365504018898	0.016073656576312226	0.012933286374420396	0.016491510683883798	0.018116777027238084	-0.002993828373277646	-0.048454870156075615	0.01549912250708505	0.0018495463980205073	0.015765743404399173	0.0022051359313495	0.01751916970446921	0.007502570876266316	-0.003577613448551918	-0.002314066503409468	0.000740543187565717	0.0018587017417558088	0.0007539051684086221	0.0022343539623897518	0.0008384984409220311	0.007626821768969245	-0.0001708100269704436	0.4673839907960014	0.5464377235185931	0.5185416633414069	0.714374572265126	0.8743309698233249	0.8621266328071441	0.4942995158866696	0.9999575136988024	0.9999560135595468	0.49368776565271333	0.9999146174698702	0.9999316749064227
cg20300794	2	233451059.0	-0.06373711001952517	0.017570079798880603	0.00030613882262378237	0.017708707164207773	0.0003409231439383116	0.015570296263205044	0.0001269163106151339	-0.010589540547960052	-0.03493619165147997	0.010912451300135528	0.0014272385001314202	0.011280282932894995	0.0020301171919221038	0.009318557253849055	0.00039677302776793005	-0.005852636833562819	-0.03414743051668198	0.010300313197506074	0.0009669872616900508	0.011111990304136763	0.002208065100165206	0.010604019562110193	0.002054716640275798	-0.005739744760740386	-0.0016390949577186197	0.0004920139809462138	0.0009132743126380671	0.0005308747600860549	0.0021045595858582905	0.0005071750684937364	0.0019850471611352672	-0.0002754685658467062	0.19332260692374806	0.24999980611011158	0.17952824095476758	0.5435448782071003	0.7941016117646281	0.6089818891669874	0.41574477347695715	0.9999575136988024	0.9999560135595468	0.41183476495251586	0.9999146174698702	0.9999316749064227
cg15440868	2	19365464.0	0.05968141915426974	0.019803440541476713	0.0026708672590636	0.02081026848410343	0.004252279192670195	0.02195152506966618	0.0085203852190212	0.008742791210403519	0.06363424407796248	0.019768765541739244	0.0013444208856521784	0.021088223027267934	0.002638340871304967	0.02213618886440743	0.005561046920240851	0.009233751706683231	0.0643886338279213	0.01874441326895529	0.0006302385873243856	0.020956733354149513	0.002212224402854757	0.02064138667442177	0.002766344911442928	0.009348515198073597	0.0030865905855310613	0.0008952111339650895	0.0006016153422709268	0.001000650470649179	0.0021252473851083543	0.0009847740833887405	0.0026481923762731426	0.0004480907064102757	0.36001387336847857	0.4874146669319206	0.5407643738618098	0.537745770115559	0.8223114149954608	0.8326897594526024	0.37852995203740647	0.9999575136988024	0.9999560135595468	0.3694248447779572	0.9999146174698702	0.9999316749064227
cg15978565	2	11754338.0	-0.05328933009765617	0.031344021322850905	0.08953285232393805	0.0318570446355324	0.09480510484671222	0.03342941366890793	0.11608579124566978	-0.0022919542696989517	-0.06443808413102381	0.030561167006301147	0.03533301801160293	0.030703769858238285	0.036190865490976665	0.03190446966977987	0.04781136780871833	-0.00268094769598952	-0.09444587843547957	0.028413666008320536	0.0009375638244714044	0.03074467196968547	0.002215972142140928	0.03041942487235103	0.0028867891967623927	-0.0039216197136504	-0.004514092474898112	0.0013573542613859245	0.0009319751510590348	0.0014695922773652157	0.0022180197731843316	0.0014540433534868872	0.0028891300974796183	-0.000187430704621145	0.7378061002058175	0.8043537488600897	0.8046609614374637	0.7732991949922259	0.90366880157135	0.8966818093697856	0.4138603026837606	0.9999575136988024	0.9999560135595468	0.41196313051845795	0.9999146174698702	0.9999316749064227
cg25117062	2	10302710.0	-0.016298597875158097	0.021580803593075192	0.45035271940623944	0.020921335835083807	0.43620921846149907	0.021546885528766425	0.4523061248323693	-0.0010625206736916346	-0.026062340086500588	0.021671226263046163	0.22951713189012835	0.020899409548064816	0.21278937360546124	0.020796316595999457	0.21490845030113423	-0.001523546232000658	-0.047809415869169716	0.015195306486035001	0.0017292208234205803	0.015566087491264069	0.0022200722810392557	0.016975382025254473	0.006533716732612891	-0.0026724453952341317	-0.0022870929314120067	0.0007258901842593161	0.0017036915363722181	0.0007442735569619546	0.00220883674874079	0.0008127429020223975	0.006576135149998245	-0.00012775737739527916	0.9190558870954129	0.9371465477425588	0.9373556199174901	0.885454945469332	0.9368697452683113	0.9351203130033975	0.4853606337547927	0.9999575136988024	0.9999560135595468	0.4820899876171286	0.9999146174698702	0.9999316749064227
cg13878360	3	64083471.0	0.01899931523743714	0.02644288001004027	0.4726780637585316	0.02789979827835081	0.4960990731733108	0.021763943762862642	0.3861018303963817	0.003074141345700991	0.061456718607401414	0.01633214705950506	0.00018160068388792052	0.017415563274660026	0.00044390530893889327	0.015052003543840604	0.00013152022511575675	0.009569531644365865	0.05337796019753601	0.016004381739530026	0.0009010625456294777	0.017380526134257925	0.0022218823805467457	0.014074471841138936	0.00034460476071775147	0.00833531436355853	0.002550069545325319	0.0007645572427313638	0.0009005992054748865	0.0008302594109582145	0.002219852181710856	0.0006722017628236195	0.0003434066295237698	0.00039821692126955485	0.9236296652559881	0.947030149098415	0.923936501645892	0.335656938932439	0.6778045318043078	0.4640693249411814	0.4133112835842905	0.9999575136988024	0.7630718135971118	0.4109890058508917	0.9999146174698702	0.7625269688073317
cg04540406	16	46621763.0	-0.07079485693280549	0.020539732920652334	0.0006001431687196709	0.022078918474914243	0.0014028484916098218	0.0237643397524211	0.004146045651450023	-0.007227724712019995	-0.0560793274074038	0.01903544747622677	0.003322516399040152	0.020640985629997038	0.0067480870076066755	0.018962709891414183	0.004409201003686002	-0.0055333660670863274	-0.06375999937528418	0.019156796345911557	0.0009232470665346396	0.020761242057238383	0.0022220940910126657	0.02004582360688308	0.0023102302425842256	-0.006319810668942884	-0.0030491281365672895	0.0009154427253740855	0.00091530922573939	0.0009928116465498988	0.0022213763930654974	0.0009582047921713364	0.0023006002954837055	-0.00030205279035504847	0.23708520774591926	0.3829978259177837	0.47795504774173064	0.61264842247476	0.8573191498176632	0.8326897594526024	0.4135724589767187	0.9999575136988024	0.9999560135595468	0.41183476495251586	0.9999146174698702	0.9999316749064227
cg01825818	2	130796445.0	-0.03910954302582797	0.011572519053061342	0.0007649866973730097	0.011956303231474459	0.0011222241153157045	0.009881626974031665	0.00020005184743228689	-0.006295072107378539	-0.027096467769464463	0.009820354121854866	0.0059412209242197785	0.010236907944083279	0.008299972957520978	0.009235950515516084	0.004712355801088283	-0.004323392498186128	-0.033385593706779085	0.009732153483139253	0.000640921653432517	0.010871286021462364	0.002222965032702681	0.009399922334055176	0.0007448235296067467	-0.005339070143596231	-0.0015987854813914932	0.0004649414152021237	0.0006220725192265372	0.0005195320240499304	0.002176689456259745	0.0004492060937320627	0.000727576901514312	-0.0002556652193824839	0.25840626008555384	0.3593301676877987	0.2147946603691867	0.6586726499892048	0.8705324847075997	0.8326897594526024	0.3809824182547248	0.9999575136988024	0.8975736820369667	0.3747088996280884	0.9999146174698702	0.8973002611650496
cg02493376	16	88442623.0	-0.10886473167858678	0.03060842885431505	0.0003999717625413278	0.030399918662678427	0.000365005506643905	0.03018804648267414	0.000627031216425733	-0.010022148889097998	-0.11028779636421451	0.030901954126124533	0.0003821814906279003	0.03067662116361515	0.00034629497378170737	0.0318839290124987	0.0009946029754432139	-0.010088299381008182	-0.08184077306796983	0.027983816069554485	0.0035699755176076117	0.026651635050847465	0.0022246421124132634	0.027322117874869323	0.003957224273252878	-0.007787125359065549	-0.0039079464107746615	0.0013368414690551628	0.0035847943741708185	0.0012742998311857997	0.0022543353628233214	0.0013047823875445795	0.003960717462978658	-0.0003717938026816588	0.21002687127132458	0.25740073866871044	0.3021890920052132	0.42976581258729407	0.6423026294314805	0.6989555142514416	0.552714683939557	0.9999575136988024	0.9999560135595468	0.5525757125514038	0.9999146174698702	0.9999316749064227
cg02967616	1	212697788.0	-0.10349459713099905	0.03437355721378488	0.0026954051304991376	0.034683333786256224	0.0029407899929851135	0.037613340270465465	0.007799103836962393	-0.005206601704292935	-0.10833480818320373	0.031568762063898664	0.0006340498775728469	0.03209570067092788	0.0007767121957711832	0.032682139485634754	0.0015470191919668816	-0.005471983109919898	-0.09706664323355384	0.030058042869433983	0.0013036923677495974	0.03161456469194824	0.00222791766973033	0.03208808674506101	0.003635875102579162	-0.005104394553165588	-0.0046280777900876095	0.0014361279991153065	0.0013340646686719993	0.001509793111471458	0.0022645226778099784	0.0015332782820025577	0.0037051900743268673	-0.0002435799043071044	0.36167866476519617	0.4493114153448494	0.5335610476907364	0.4810130516610991	0.7081078665334388	0.745484606645155	0.45649870907853396	0.9999575136988024	0.9999560135595468	0.4563614402773356	0.9999146174698702	0.9999316749064227
cg03246914	20	59021058.0	-0.11239056754958228	0.028456840428210037	8.595552939753018e-05	0.029955884138604567	0.00018954215667190959	0.03469827582983718	0.001942448310498805	-0.015409390161746963	-0.10039878992106953	0.0282344209985854	0.00040132953552346766	0.030073421675976125	0.0008858024450312559	0.0341468312681903	0.00462803434622357	-0.013958799702112416	-0.0996156283343799	0.028768773001630384	0.0005701767300890433	0.03246404325173916	0.0022413567520659814	0.03600178394136215	0.007479276419383299	-0.014020942913327684	-0.0047606824112694165	0.0013742760243720333	0.0005670480798776109	0.0015512260003832917	0.002237741372942733	0.0017220144243433497	0.007527478078507125	-0.0006701388319559575	0.11739449608167388	0.2148131034762249	0.4097290539179978	0.4414439493961843	0.7132152365915807	0.8326897594526024	0.36986309823868946	0.9999575136988024	0.9999560135595468	0.36614582086141695	0.9999146174698702	0.9999316749064227
cg08080195	2	37648693.0	-0.10556701595819074	0.03208161169785121	0.0010481966006278766	0.030975987821486146	0.0006904928019487871	0.030078241028248034	0.0008494446205523925	-0.003901658205325775	-0.09151830441591136	0.03154724180892647	0.003833280437033039	0.03134403043289151	0.0036119474538361114	0.030412248129735003	0.0038036687034479393	-0.003400491304871316	-0.09494275441475147	0.03039991542617471	0.0018692938204792093	0.03094189282452441	0.002241874978229144	0.03161471710974925	0.003871015384251305	-0.0035643746666557184	-0.004537628699622075	0.0014521753422570211	0.0018593980095693288	0.001478730037678313	0.002240563433691307	0.0015123365614240617	0.0039010909467110826	-0.00017026455094405865	0.283617757080183	0.3204936396790779	0.33194693514631196	0.6325444772581694	0.8276112937654644	0.8250227633225801	0.4942995158866696	0.9999575136988024	0.9999560135595468	0.49368776565271333	0.9999146174698702	0.9999316749064227
cg02336128	4	70993313.0	-0.04331314003057761	0.01933774710364625	0.025404697636421815	0.0200269494728846	0.03088722856985116	0.020005412320938235	0.034303434229551726	-0.0015378763815104054	-0.04615030099685084	0.01948855109801224	0.018144265566966362	0.020154063888507767	0.02231693767998785	0.01953935651409419	0.02138852573172564	-0.0016155060319752845	-0.06140948827338334	0.01849228253746979	0.000948002977315462	0.020015974068546067	0.002244812547324864	0.021756716546521712	0.006424008324860569	-0.0021693078079819167	-0.0029277137795046867	0.0008834188343920631	0.0009707745109486104	0.0009565943613027116	0.0023007018670996434	0.0010396742017299177	0.00654100327271394	-0.00010336528891381675	0.595137846848946	0.6937704620467691	0.6826084166861054	0.7319336882803953	0.8925382390686024	0.8707662023137236	0.41574477347695715	0.9999575136988024	0.9999560135595468	0.41572795203162727	0.9999146174698702	0.9999316749064227
cg09414264	11	3092479.0	-0.07975448012723158	0.023452726380319273	0.0007090972881375106	0.02342647220847109	0.0006994307128596237	0.0210709047475629	0.00035309873572367424	-0.007122998251795482	-0.05983650159431783	0.022960692273739095	0.009348903792911803	0.02274454780360439	0.008700426464521923	0.021661876060643525	0.007574780235322856	-0.005493487574811235	-0.045936682767271295	0.01463946298530632	0.001779140599009106	0.014977482877875105	0.0022520364682168813	0.015967572300795502	0.005527045527057731	-0.0040870753588580395	-0.0022003396552813755	0.000699397980561615	0.001730850684039882	0.0007153102524191746	0.0021860168236893917	0.0007636037363971831	0.005455954785051554	-0.00019584989723287003	0.2523420433531238	0.32129484181532036	0.2625124412059607	0.6845044658886158	0.8712142145333529	0.8467010775793248	0.487917255480151	0.9999575136988024	0.9999560135595468	0.4820899876171286	0.9999146174698702	0.9999316749064227
cg19636672	12	56487337.0	0.06942048104148889	0.027943657557660213	0.013205267007423459	0.02900743483115056	0.016955704125489707	0.02738619094403975	0.013829870065198105	0.007357108822415517	0.0764756946177335	0.028148909689890488	0.00674941401872675	0.02969572569705139	0.010213459427341516	0.028102180461309117	0.008461855242114322	0.008136731113491516	0.09428682436781502	0.02687710455529553	0.00048263489273339986	0.030742163674714915	0.002252257763543683	0.024479153860352414	0.0002840086390344074	0.010103860695568135	0.004505140971692195	0.0012839502503848663	0.00048131845542478485	0.0014698732989590904	0.0022674067821876974	0.0011712437753338694	0.0002889506216346989	0.0004827065646988987	0.5188974316674152	0.6278930849161652	0.5870848235704568	0.6649616256017806	0.8712142145333529	0.8467010775793248	0.36311468581727885	0.9999575136988024	0.7630718135971118	0.3611066915644718	0.9999146174698702	0.7625269688073317
cg02745262	8	26048120.0	-0.06450054907340944	0.017819609030826616	0.0003155312081945178	0.019345088276989587	0.0008989242847441805	0.019125770853699955	0.0012983146529786799	-0.010964019985591272	-0.06589779665390685	0.017916444581393742	0.0002525205890130643	0.01990749644726209	0.0009787486721327021	0.020524176758069848	0.002113555532329927	-0.011196468245321726	-0.06473869064527744	0.01803813792148947	0.0003570637897785345	0.021109525219962566	0.002253890808448285	0.022307591194671076	0.005151281435452866	-0.010997467171100013	-0.00309554232401161	0.0008617866933537016	0.0003530366766472709	0.0010093853661715022	0.0022541901006766603	0.0010661468804273335	0.0051312255959611395	-0.0005258613910562158	0.1967976410579376	0.3327039118921718	0.3706756411138109	0.37206937463405376	0.7152483846604266	0.7870573588253035	0.3386648305853446	0.9999575136988024	0.9999560135595468	0.333886086643253	0.9999146174698702	0.9999316749064227
cg18674643	4	153792596.0	-0.047541882072661294	0.026600741165626565	0.074316508846707	0.02898646457047436	0.10140967149776216	0.0297118770098581	0.11474407715922058	-0.0041467129594809134	-0.04919031290964536	0.02480830134050257	0.04776753241828632	0.02699327071649613	0.06882147681576761	0.029313535676503234	0.09844925870895518	-0.004298003781874112	-0.08050225443827035	0.023698010389482833	0.0007230200477777925	0.026253190651418887	0.0022570143364986305	0.029403199398994575	0.008092910059321556	-0.007078195729574728	-0.0038484926962002574	0.0011327670900559696	0.0007219267776752503	0.001254763112877679	0.0022516104516181316	0.0014062103208465075	0.00811679474096372	-0.0003386217625101654	0.7165956759742189	0.8109387988280815	0.8037764985982627	0.7886703423988168	0.9139282608034774	0.9113596165969423	0.39079359721882073	0.9999575136988024	0.9999560135595468	0.39427657462521937	0.9999146174698702	0.9999316749064227
cg24768463	12	6934513.0	-0.0529611677944023	0.019643009288165248	0.0071766202293507015	0.019544100887102542	0.0068908538713606995	0.01888401192539393	0.00674970594380303	-0.004466812887240837	-0.05087369515798376	0.01617712049899909	0.0017303722087152998	0.01558728297564616	0.0011512479411528392	0.01521637523821615	0.0014186874674240971	-0.004287183045233425	-0.04818925681673765	0.01484798033521892	0.0012328549073331626	0.01571578478160165	0.0022576339750819464	0.014286194485546409	0.001295569208263081	-0.004088911976914127	-0.0023063873159227667	0.000709329627761133	0.0012075657323198587	0.0007506492727397053	0.00221173096590063	0.0006822370732016683	0.0012662364217774233	-0.00019563608793935752	0.4587161542974812	0.5395165382226302	0.5195491951736061	0.5635837878802016	0.723123937957146	0.7395670397022769	0.44700690210234645	0.9999575136988024	0.9999560135595468	0.44497379369603157	0.9999146174698702	0.9999316749064227
cg24773560	12	56338939.0	0.06787047457700598	0.018506125077917508	0.00026289197248407007	0.019991985512565775	0.0007239548240134137	0.016125310087905315	8.568871363292341e-05	0.01105479437785429	0.056854955433222526	0.016725182965908546	0.0007126487861700225	0.01863743483982175	0.002367863530885841	0.014364383674809177	0.00019988796091495616	0.009305724649744617	0.06014596943040432	0.016550049206284185	0.0003009879878579024	0.0196242048664465	0.0022681463506202	0.016212764280320497	0.0004504271419735888	0.009900269688519566	0.002877955992202227	0.0007906531898266614	0.00029443819099791497	0.0009383083183968139	0.0022511041327840818	0.0007758498491353334	0.00045095968530789167	0.00047367230295025637	0.18624011046522554	0.32273634970112514	0.16017073633340703	0.4922296646046067	0.8143009462248806	0.5120965093863209	0.32489285517089417	0.9999575136988024	0.8103344435977564	0.3229907161699431	0.9999146174698702	0.8111412540488049
cg17279652	5	181195276.0	0.12244385376546037	0.05252482395726309	0.02001806040702438	0.05413083854013887	0.023992815455426753	0.06060667748555733	0.047749084739179604	0.004776125199012694	0.1354751108120256	0.05282083728417411	0.01052497167246323	0.05440451302362762	0.012993546085427379	0.058455438559840714	0.023843185070654745	0.005061428925815259	0.17766495527173398	0.052273133246588624	0.000718422422754191	0.05796971874509942	0.0022688786455756123	0.0642092271945342	0.007479163606456675	0.0063935502631646095	0.008474640231788486	0.002497637649841368	0.0007333202339443507	0.0027717385716793867	0.002323837746196809	0.0030709940144236104	0.007630938195031406	0.0003048892356997502	0.5668354823978807	0.665550932352034	0.7188610766533766	0.7003665310693216	0.8743309698233249	0.8768569685799025	0.39079359721882073	0.9999575136988024	0.9999560135595468	0.39427657462521937	0.9999146174698702	0.9999316749064227
cg00227093	5	150600276.0	-0.10208442325150432	0.023063053652959187	1.1060360154726711e-05	0.023892750757377	2.1896911307047113e-05	0.02011422738373846	3.8927527820212955e-06	-0.01721866885331403	-0.06360053153737694	0.01902860827103109	0.0008736129496911804	0.019775943664389114	0.001357758754263003	0.01631928100439556	0.00024448271378206635	-0.010706632558383599	-0.0589759280563638	0.017793970760154557	0.0009697344192065191	0.019244513015539744	0.002270605342259681	0.015253268168281913	0.00027060114542240776	-0.010002633572775439	-0.002814642619792868	0.0008504578232740944	0.0009862845565181129	0.0009199211855385962	0.002307549067137183	0.000730126560712774	0.00028096146722923223	-0.0004773471318297504	0.0581434514871525	0.09573218984088694	0.06565500622353858	0.4995320990494329	0.7426995430092447	0.549791368515812	0.41574477347695715	0.9999575136988024	0.7630718135971118	0.4161341749377317	0.9999146174698702	0.7625269688073317
cg12775742	1	22643579.0	-0.0771947832530478	0.02403507264271296	0.0013775381032375188	0.02507861541769974	0.002161688948389881	0.025656644673562053	0.003809050829918037	-0.010984996175808082	-0.07765970449080446	0.023843032723023773	0.001178243860599695	0.024937439125024666	0.0019176779638307598	0.024722863618319282	0.002595185410253923	-0.011167512861951218	-0.0612463738081715	0.018999154504060735	0.0013293585043549344	0.019985813067578826	0.0022710962392480495	0.02159143093768887	0.00617991008483924	-0.008689260757466115	-0.002924550904246075	0.0009076302811932125	0.0013360140142810023	0.0009548713332264568	0.0022840212156097885	0.0010311586478476953	0.006187185896782938	-0.00041500352793882807	0.30581269189460975	0.4174242029682265	0.4701374107852093	0.5284679729626925	0.7887565349398284	0.8130703838380912	0.45809246308145374	0.9999575136988024	0.9999560135595468	0.4563614402773356	0.9999146174698702	0.9999316749064227
cg25417529	19	11178680.0	-0.07251615985062537	0.018062265399787395	6.569443246861359e-05	0.018219930257119463	7.583442746941817e-05	0.01682611845621625	6.0559015746072524e-05	-0.00952833396485078	-0.052083202112877716	0.01708529655499608	0.002384698295171008	0.017524789394681054	0.003057561248399579	0.017782990183613897	0.004778941829296845	-0.006962947877536102	-0.051922017085728606	0.015048569155172536	0.0005963779997045955	0.01694449775056108	0.0022729820161583366	0.016374764568106194	0.002378447259447179	-0.006932421702232708	-0.0024847344541680627	0.0007188865912454479	0.0005833486265594424	0.0008097833616000314	0.0022420743696004507	0.0007835183407277295	0.00237566593903521	-0.0003317380740520777	0.10594418110734188	0.1527188410664353	0.1349235053927026	0.5905702149428732	0.8276112937654644	0.8326897594526024	0.3700565030790091	0.9999575136988024	0.9999560135595468	0.3694248447779572	0.9999146174698702	0.9999316749064227
cg26017679	4	148015553.0	-0.08145124752247909	0.02055497019051971	8.146740357921033e-05	0.020222028830042232	6.222639075780792e-05	0.018619917384047703	4.837385815281981e-05	-0.0031547740011365517	-0.07912447611409257	0.02077308063999241	0.00015144027701868756	0.020539494171123406	0.00012744272339858828	0.018806713503825685	8.618738423088319e-05	-0.00306131196388446	-0.06193239983748462	0.019363319202479395	0.001449170609598291	0.020215196267617863	0.002277365890631562	0.018952544178628537	0.0017826285289957217	-0.002387609100801564	-0.0029529844912339794	0.0009250446801190358	0.0014800302834617602	0.0009657955596417806	0.002323463490735189	0.0009048196187373833	0.0018049357185687493	-0.00011388745165606966	0.11523858077629903	0.13542035016192344	0.12521311248495146	0.3352968820688399	0.5388731217446908	0.39705172750179496	0.4628183377493848	0.9999575136988024	0.9999560135595468	0.4653748144764151	0.9999146174698702	0.9999316749064227
cg24164254	9	134437495.0	-0.06317822807342588	0.02110151512768227	0.002846997168653931	0.01869775622394044	0.0007666272370875262	0.01777701079271351	0.0007395948176765727	-0.005775846057014191	-0.05480487188534571	0.021019292093065606	0.009313288116018689	0.017955477530374058	0.0023547706747864116	0.016877619296648234	0.00189593853170554	-0.005101600526643865	-0.06343220838598447	0.020274217203545518	0.0018346382320519328	0.020705079541924805	0.002277737313664475	0.01995078003836572	0.0023189662181893806	-0.006376701186559058	-0.0030275828050730044	0.0009685452779970847	0.0018519657376726126	0.0009896628871602906	0.002310968877162659	0.000954110354007169	0.0023620551837907223	-0.000304464094890088	0.36556852887996366	0.32544512082765137	0.3185325722664289	0.6845044658886158	0.8143009462248806	0.7713001876174509	0.4929227442050039	0.9999575136988024	0.9999560135595468	0.49368776565271333	0.9999146174698702	0.9999316749064227
cg19028706	3	42117273.0	-0.07767625559283564	0.023673243375073007	0.0010832049886291462	0.02397147980556984	0.0012482975488042434	0.02213672525065173	0.0008516106694824786	-0.01328489743524625	-0.043368730941326095	0.016234528857240436	0.007724514098525938	0.016482671447967105	0.008691181907027251	0.015315533942157624	0.006264434163129478	-0.007411702659671724	-0.05587372273114378	0.016099276847678937	0.000553876889344309	0.018242336216482247	0.0022833411177334236	0.017248104000463487	0.0019405335911832323	-0.009509347068248663	-0.0026737516926401105	0.0007690888820132544	0.0005419629697560454	0.0008715976261124489	0.002247623128562444	0.0008252242543579332	0.00193695538082135	-0.0004550509462662205	0.28827282374245344	0.36860751865328356	0.33194693514631196	0.6718885250153566	0.8712142145333529	0.836144898118913	0.36986309823868946	0.9999575136988024	0.9999560135595468	0.36614582086141695	0.9999146174698702	0.9999316749064227
cg13912478	9	133347994.0	0.047935327436779765	0.017075056879026707	0.005129584998559027	0.01856657849768149	0.010023577371975479	0.016496808344968496	0.005099026903734815	0.0031043542331164555	0.05513387546523312	0.017045770837023175	0.0012743896601947779	0.018440985832690354	0.002887233200159833	0.016670320503896614	0.0015824769837419707	0.00363805075561116	0.050212317162835446	0.014586024364984318	0.0006135241837431592	0.01639458660994251	0.002284261874919074	0.01570839978411655	0.002204604487204734	0.003337342953238216	0.002402142997285083	0.0006967795203442674	0.0006024852021310723	0.0007830705821074759	0.002247994100782138	0.0007496234712149188	0.0021533010314898912	0.0001596820698323137	0.4240949355538641	0.5743286531886515	0.49595177822136016	0.5343197224622397	0.8259355573115673	0.7589570863862869	0.37396344251631763	0.9999575136988024	0.9999560135595468	0.3694248447779572	0.9999146174698702	0.9999316749064227
cg25054294	11	126404165.0	-0.08536606404848851	0.031661911935448143	0.007176806845065006	0.03082142873408393	0.0057543201824314435	0.028070415428758398	0.0034711316846442915	-0.0028490081065092876	-0.08855546920223903	0.03167914793599883	0.005321827959746811	0.031014819920758503	0.004423853075435034	0.02962225866832037	0.004024500201285496	-0.0029195794953128717	-0.09859727490992609	0.03158342823563687	0.0018775781641183866	0.032202144802059206	0.0022911497408397274	0.03227558104925996	0.0033365766584184547	-0.003333506451439653	-0.0047018457384831675	0.0015088458602486275	0.0019131690569045702	0.00153811486048775	0.002328651390833917	0.0015443654810171226	0.00343755107396482	-0.00015893886162990129	0.4587161542974812	0.5196872635626355	0.46264573483877847	0.6516823296753169	0.8505633422498482	0.8272637487752884	0.4942995158866696	0.9999575136988024	0.9999560135595468	0.4945263687407509	0.9999146174698702	0.9999316749064227
cg09551613	5	97142810.0	-0.06862536118922795	0.027503901258364973	0.012813024500143102	0.027612964245923716	0.01317012837517522	0.02331316575287023	0.004583540403512984	-0.010053774702038352	-0.043706408226527424	0.02533452670086073	0.0849256445438127	0.024772967173354553	0.07810912557051301	0.021992037789135912	0.051375852440446325	-0.0060958924467980815	-0.06477999472311917	0.020383816619995308	0.0015535439291372536	0.02116111035470722	0.0022952825862112692	0.02011457833371327	0.002052791832787359	-0.009175606780026345	-0.003101341234818621	0.0009740928604154973	0.001523153532639138	0.001011281050546914	0.002254298107164749	0.0009610031330173957	0.002012584185615727	-0.00043931935560744873	0.5157397832242991	0.603747283139554	0.48548923060773874	0.822135562314049	0.9153826230617821	0.8968805198020288	0.4719831652435755	0.9999575136988024	0.9999560135595468	0.4681447656812971	0.9999146174698702	0.9999316749064227
cg24508095	11	838487.0	-0.10083756966865003	0.026262533589941666	0.0001340067724514382	0.026013482342654784	0.00011565020405521132	0.02389276026195326	8.23821415121787e-05	-0.01465413689764135	-0.058507923515235434	0.019973217797166667	0.0035044273794527627	0.020291891178447038	0.0040524880022605	0.017896652649381034	0.0017748938530693008	-0.008773382675251937	-0.05034563715991157	0.01458773886480806	0.000594355909782322	0.016446416027381307	0.00229591572415081	0.01563543583103109	0.0020563341225969625	-0.007590568498850372	-0.0024113133316833076	0.0006968720587975139	0.000575263059746807	0.0007851896043776991	0.002222917071570034	0.0007463794236012712	0.001991763036953081	-0.00036349530135393825	0.14696811266557053	0.18074608705822626	0.15655817083438606	0.620769088757991	0.8376721488367371	0.7690547419510269	0.3700565030790091	0.9999575136988024	0.9999560135595468	0.36614582086141695	0.9999146174698702	0.9999316749064227
cg17904367	19	14444422.0	-0.06534665794795737	0.0219676392104751	0.0030303758366485426	0.0223678170609653	0.0035922392988343454	0.020273483997732718	0.0020363090794148406	-0.008598811621434093	-0.04428802125764003	0.020959895890538045	0.03494528371746556	0.021058001602168443	0.03579958077602887	0.018514757126670004	0.019851944977261275	-0.005858689355322009	-0.04465771163166732	0.013428205412410597	0.0009319437436722289	0.01458863746205557	0.002296386487229341	0.016479545933577304	0.008726533860784463	-0.005736158526462384	-0.0021373183896983734	0.0006415860196543552	0.0009135796549854108	0.0006968256759507479	0.0022507636759914523	0.0007872414745081917	0.008608732880726805	-0.00027460005289785483	0.37363527940484526	0.4692624249559494	0.4141103296993133	0.772844020860793	0.90366880157135	0.863511669589924	0.4138603026837606	0.9999575136988024	0.9999560135595468	0.41183476495251586	0.9999146174698702	0.9999316749064227
cg04875514	12	53103363.0	0.036711526952593256	0.013375150948108516	0.006205461375672899	0.013334491434359198	0.006050644666736435	0.011009781820662819	0.001457596532785073	0.00629849970001005	0.04231242588137506	0.012048095892248058	0.00047256321144622013	0.012488309976035604	0.0007419132167037365	0.010364191782854991	0.00013169805655341587	0.00725921527906794	0.03713529893595993	0.01130983489237704	0.0010806786359819067	0.012131296967879021	0.0022964953382633765	0.00969419656646193	0.00030428150631565655	0.006362315594056707	0.0017742303597780655	0.000540258249312599	0.0010784587529837917	0.0005795009390019995	0.002292439698450307	0.00046288836495633247	0.00030201797085328716	0.0003039730806286956	0.44387087330429453	0.5249031504791201	0.3791922846763318	0.456528769496027	0.6997202897659299	0.4640693249411814	0.42663732636634855	0.9999575136988024	0.7630718135971118	0.42560375301092296	0.9999146174698702	0.7625269688073317
cg17807001	17	79041883.0	-0.0763763150793588	0.02304963863746296	0.0009669248646730555	0.023939070992940525	0.0014817348711073932	0.021306691571744422	0.0006714002078338066	-0.004212811304728722	-0.0784357229345792	0.022428070100253054	0.0004990076544751909	0.023893534135709216	0.0010777620578008512	0.01954153844754202	0.00016595691115044582	-0.0043503564508011495	-0.0740121663823013	0.021381832965584612	0.0005726348962965622	0.024182839277904992	0.0023009672587089923	0.020609978530029115	0.0006578124589817538	-0.004100444046652102	-0.00353890166149607	0.001021489915018375	0.0005664018399406642	0.0011563616130169767	0.00230208809900096	0.0009865791974679038	0.0006662718928860009	-0.00019606045570811986	0.27540896255042385	0.38427982369425906	0.30699331370445493	0.45782603081251955	0.7199909017862371	0.49649630768414976	0.36986309823868946	0.9999575136988024	0.8841943631929055	0.36614582086141695	0.9999146174698702	0.8813579595361898
cg16636468	17	80826774.0	-0.040894209636198456	0.01598536690826261	0.010722855054769973	0.015711574584554976	0.009435354068767178	0.017193379601290224	0.02053062275957931	-0.005310012154890208	-0.042844602363736606	0.015427261232343338	0.005625532230266283	0.015409409237114285	0.005570686098004562	0.01699739529380723	0.014344819725037506	-0.0056305141141435935	-0.04995819611613795	0.014970667023394115	0.0008951465708826231	0.016326267098474203	0.0023050247416095864	0.017861866096018645	0.006892308227672731	-0.006551295293748028	-0.0023897781953978745	0.000715187249127283	0.0008813178266186009	0.0007807536029596989	0.00229841908470214	0.0008542243349906848	0.006879470493258956	-0.0003134088324121798	0.5022306490051114	0.5701714200988013	0.6265695386673978	0.6577446107359571	0.8573191498176632	0.8600750954995368	0.4131586253153715	0.9999575136988024	0.9999560135595468	0.4099232598499769	0.9999146174698702	0.9999316749064227
cg16965936	21	41835368.0	-0.09282369619964387	0.026413400513950216	0.00046835526416310523	0.026818593726930386	0.000569347697061295	0.028499228614027084	0.0018407600073788194	-0.0029731054005035784	-0.08583408203763429	0.026646316886884035	0.001333795683362163	0.02704563463608676	0.0015692467299046914	0.029417505453153716	0.004929490147666436	-0.002775806291465281	-0.07597054192209816	0.023493364519259322	0.0012841128764417421	0.024829881650040898	0.0023076594772189385	0.027054779268413317	0.00668565724497455	-0.0023875394625498345	-0.0036272950995620717	0.001122326515510924	0.0012919170799036888	0.0011858577285055393	0.0023141007060774313	0.001292399632897979	0.006711217471819214	-0.00011402204580770114	0.22084113259308077	0.3019540744735065	0.4027612746307139	0.536366814330028	0.7625502990048147	0.8326897594526024	0.4521632078473974	0.9999575136988024	0.9999560135595468	0.4559250840058019	0.9999146174698702	0.9999316749064227
cg13279927	20	62364360.0	-0.03111389874874497	0.010340142458453324	0.0027115657038173963	0.010235092719591131	0.002451543010041956	0.011079765453851314	0.006682972523669466	-0.005356564029970312	-0.0257170819748107	0.009613041435571297	0.007637461289217376	0.009437782140325889	0.006588092461761947	0.009700587594255574	0.010208201358662178	-0.00442359735135105	-0.02966510886280887	0.009114219033651994	0.0011937922018463764	0.00969722402404434	0.002311516706454847	0.008840024220366671	0.001366055789975379	-0.005104552547671014	-0.0014180825961489295	0.00043550305680340335	0.0011881068665335552	0.00046335969669685845	0.002301637398412877	0.00042264920421625067	0.0013683414949867674	-0.0002440105910142585	0.3618444388286131	0.43079274535440787	0.5189329906547941	0.6716468901828612	0.8573191498176632	0.849394644459085	0.4437344250137573	0.9999575136988024	0.9999560135595468	0.44268380671955593	0.9999146174698702	0.9999316749064227
cg07058998	18	54958134.0	-0.0848904136333119	0.02035454268945537	3.406052112655184e-05	0.021701479733130895	0.00010024948137438508	0.02077231957471179	0.00012986555899416135	-0.008176353737905387	-0.06718388923709981	0.01871769125396859	0.0003540160250939689	0.020206618498743167	0.0009294982750312735	0.01821285529862308	0.000481827422717988	-0.006655773158090371	-0.06641391307194454	0.01901769337663089	0.0005116429848310011	0.021713547867822577	0.002315281672911995	0.021370770557756217	0.0028624076682920454	-0.006754401229069352	-0.0031804995667732996	0.0009084728209915512	0.0004955067789968556	0.0010371936937815694	0.002256514147872444	0.0010218793407436892	0.0028234063937405385	-0.000323524618696568	0.0820661900188633	0.17566790397908102	0.17952824095476758	0.41675694361552984	0.7152483846604266	0.6211323237262909	0.36674113269969094	0.9999575136988024	0.9999560135595468	0.364015826719935	0.9999146174698702	0.9999316749064227
cg03636183	19	16889774.0	-0.09385392404072176	0.030173098429716317	0.0019407959697214504	0.02774587895500773	0.0007565188141748953	0.02552800413101985	0.0005012169799936802	-0.013231688737837265	-0.09323835777976264	0.029953317646263276	0.0019266245167139742	0.027739372235325282	0.0008169341338939768	0.026660767830284607	0.0008833303740819172	-0.013200935106532193	-0.08164622364596119	0.02749470949382375	0.003093019525873583	0.0266977794461154	0.002318894771282836	0.023755288783473414	0.0010648751828142176	-0.011462417671108463	-0.003908340464739959	0.001313363746789846	0.0030310367729189276	0.0012754752334939849	0.0022731139078147823	0.001135622854972547	0.0010498096578207428	-0.0005487426240345357	0.32880388054499365	0.32544512082765137	0.2866845161820208	0.5702764657932831	0.7095480377215632	0.675132990640565	0.5396571462038429	0.9999575136988024	0.9643028436802851	0.5373360242127913	0.9999146174698702	0.9571316436958736
cg26500914	6	33320546.0	-0.07255063867879898	0.019098558179586098	0.00015761957523665915	0.018793481564855583	0.0001232988440704867	0.018287913134674243	0.00019393520726130814	-0.009488423664202297	-0.04590730186669588	0.016115938479356648	0.004516972888658017	0.015949074272946052	0.004115853332829316	0.014711832163451058	0.0027579568738415974	-0.006114270134908275	-0.045924970919860454	0.014650908008469861	0.0017986694354627868	0.015018827128404013	0.0023214786886582503	0.01304112003697523	0.0008186666563199151	-0.006188754639103449	-0.0022021503337295643	0.0006998622617704473	0.0017279382169897773	0.0007176582412160268	0.0022411260695028795	0.0006242064651625095	0.0008025043390292024	-0.0002968135133970362	0.15275812291943203	0.18622864178874557	0.21102600806681207	0.6416055881840527	0.8394414853781444	0.8163415783783448	0.48989180384442904	0.9999575136988024	0.9208277802196353	0.4820899876171286	0.9999146174698702	0.912199963251607
cg04793268	11	7706823.0	-0.0734695835899499	0.03568115347657553	0.03984528587262433	0.03925818322544962	0.06168573594328352	0.038501208405419186	0.06106917386327219	-0.011662400287881309	-0.09715175965884876	0.03389414166361813	0.004273816982568546	0.03883044506589498	0.012571968246500394	0.0375959128450035	0.012173085204830363	-0.015343408598803891	-0.12898680000881194	0.03327422371085365	0.0001167927874590181	0.042184358525499184	0.002322503043059943	0.04690317116834621	0.007830316390183686	-0.019956038848679445	-0.006159046141221054	0.0015896099752342465	0.00011769328017340191	0.002017929878415402	0.002365109764744718	0.002242436970998121	0.007904453459822294	-0.0009526195211456331	0.6469800525312428	0.7640448544879769	0.7421292170435092	0.6367200808446978	0.8724359716652099	0.8535019870764532	0.2255672927596425	0.9999575136988024	0.9999560135595468	0.22436131391470449	0.9999146174698702	0.9999316749064227
cg05246110	11	68471475.0	-0.029675022573573424	0.012047142179122344	0.013999966000872565	0.011895336326339689	0.012828663633993244	0.011446234350007937	0.011907453024864626	-0.004733781485797926	-0.030115438355989618	0.012027856019858842	0.012506669734610875	0.012034267257722308	0.012553479313604305	0.010973414980124573	0.007951362728597656	-0.0048378225002355755	-0.03200070149918699	0.009766285271907076	0.0011066080535924046	0.010467658276827538	0.0023270160322381795	0.00802768951262463	0.0001819395751060327	-0.005125514913120902	-0.0015319327869609736	0.00046649924683281704	0.0010790233339577448	0.0004998984700455131	0.0022711308778241074	0.0003835978513091072	0.00017755850074227097	-0.00024537079630557033	0.5241992995920375	0.6012301669281797	0.5767089209216482	0.7147964358489001	0.8723001663878643	0.8467010775793248	0.429747516181155	0.9999575136988024	0.7090128517007029	0.42560375301092296	0.9999146174698702	0.7046339471172418
cg05764238	1	16210495.0	-0.056747034308347925	0.017683453362686005	0.0013903962637111318	0.018638504588837417	0.0024141226487297716	0.017754404940326825	0.002206589785133431	-0.009158581798185258	-0.044904561357687195	0.015393318323203493	0.003642455849949693	0.016112278815357553	0.005460364902444834	0.016134460665618317	0.00715671361099031	-0.007259838072554853	-0.051118750711582124	0.014883231924933847	0.0006312214634143463	0.016726206575480528	0.002333874649917795	0.017050973322186535	0.003928060287432352	-0.008279333722610046	-0.0024416399407090924	0.0007110818332843336	0.000633412235036934	0.0007996495559176841	0.0023555992644985458	0.0008155405088966213	0.003974327510268153	-0.000395485867404564	0.30581269189460975	0.42818607739694825	0.42331281184628705	0.6266634951821924	0.8573191498176632	0.8432580934886073	0.37852995203740647	0.9999575136988024	0.9999560135595468	0.3792818117380995	0.9999146174698702	0.9999316749064227
cg22533762	2	212832325.0	0.09644261142750563	0.033267528804599274	0.003856626826127015	0.03384896817766069	0.004507148552332843	0.03508293834771907	0.007853187497031353	0.0029482085747432676	0.10430498409787804	0.03313862166295426	0.0017144429389384392	0.03409677964770066	0.0023024874714135295	0.03606722046236255	0.005299307677055698	0.00314014526855474	0.1067607044673174	0.03202852716529232	0.0009071611321761261	0.034932597510325236	0.002333994756885092	0.03755872718596577	0.00608008215036128	0.0031214140322310454	0.005096643140665293	0.0015300465560718832	0.0009144399780941069	0.0016664649853895658	0.002317441213502387	0.0017922357564449216	0.006059371531143207	0.00014907796206409577	0.39809440713582855	0.4914436555820292	0.5344241402440801	0.5633218950877152	0.8143009462248806	0.8326897594526024	0.4134612970550654	0.9999575136988024	0.9999560135595468	0.41183476495251586	0.9999146174698702	0.9999316749064227
cg15579745	19	43827239.0	-0.038797359278562295	0.01805810190501784	0.03200672075802371	0.018105156015675455	0.03245419573845265	0.017864148924736773	0.03376840810230332	-0.001990447151755102	-0.04322425852470064	0.01791486952783561	0.016081189364440165	0.018316175351931786	0.018545951112121355	0.016878236326735952	0.012928562824088465	-0.0022064912305610144	-0.054763800240669985	0.017371255093671288	0.0016933218612999006	0.017928390614357144	0.002346346818323961	0.01660422470382173	0.0016266750995721103	-0.002739096272356454	-0.002612449371342148	0.000829924967005424	0.001720587574407284	0.0008570156967477217	0.0023951906470844756	0.0007940731807373991	0.0016676420149763895	-0.0001306903935445025	0.6230154726158372	0.6995861227728807	0.6813926602168826	0.7275498430960621	0.8860940047215415	0.8575829943388813	0.4818976356998475	0.9999575136988024	0.9999560135595468	0.4820899876171286	0.9999146174698702	0.9999316749064227
cg21023834	15	41493230.0	-0.046947779591253076	0.02252995534698335	0.03752858477413317	0.02261504976065006	0.03825019106682562	0.021974569167930138	0.03666208383748086	-0.0028284143932023912	-0.059348811747709056	0.022221906577291534	0.007739425242734019	0.022047930101675297	0.00727162777927871	0.020755635235329223	0.005801977198975518	-0.0034895949758841976	-0.06855358538589701	0.021489497291208016	0.0014909841499190094	0.022447630537777416	0.0023513728011613755	0.021495417586394998	0.0022528393791659824	-0.0038760022077744326	-0.003269839419993339	0.0010266208244198638	0.001516817052919127	0.0010728821595704546	0.0023998656621831284	0.0010284358162022385	0.0023190022721388992	-0.0001847980769398171	0.6389725385138364	0.717130484256456	0.6901345376292138	0.672111780561441	0.8608058608332698	0.8326897594526024	0.465556222653425	0.9999575136988024	0.9999560135595468	0.4672616112113873	0.9999146174698702	0.9999316749064227
cg11870455	3	187773507.0	-0.10123254195956784	0.0322728039097705	0.0017772422969413058	0.033907054972368275	0.002925609564011514	0.030801405016877746	0.0016843734866127781	-0.01268540817450191	-0.11306454168372984	0.03061624876054921	0.00023843310519869847	0.03265932614759766	0.000567974523221649	0.03111130607487474	0.0005737176021372454	-0.014183976529287889	-0.10176571902504283	0.030109148113540728	0.0007687239292959684	0.033324365115434434	0.002352461959590917	0.03303540076465009	0.003097942915029585	-0.012712640054855697	-0.004863328898354714	0.0014383929142011004	0.0007654564168605927	0.0015926755956337045	0.002354272425493729	0.001579601023765388	0.003112994150836387	-0.0006074720589957258	0.32258242424891787	0.4493114153448494	0.3916907691760621	0.36837277718185024	0.6875814646099725	0.6398553132680356	0.3965789680200669	0.9999575136988024	0.9999560135595468	0.39571359487366703	0.9999146174698702	0.9999316749064227
cg23817637	10	127893165.0	-0.06152136953182545	0.055134030014358376	0.2648555690234402	0.05258402781672748	0.24240029816683836	0.0422170027748259	0.1501721243691143	-0.00632612730475984	-0.08991801975341618	0.05102623260035657	0.07846114647389364	0.04901301701265345	0.06698124856872315	0.04098428214100673	0.03205752804575173	-0.009866210840883894	-0.08074094612717254	0.025687094199470767	0.001747231219484612	0.02644768206043958	0.0023597204640394033	0.026152897346813593	0.0030377496591514645	-0.00850700565645653	-0.0038576445924016437	0.001227206043334887	0.0017461307117358415	0.0012620640806092415	0.002330743231907786	0.0012477347483977144	0.002998704986371765	-0.00040647300406368756	0.8607753263594519	0.8876863217911894	0.8315529536711915	0.8179386406313794	0.9139282608034774	0.8869810588221004	0.4865256021887458	0.9999575136988024	0.9999560135595468	0.4834500874750815	0.9999146174698702	0.9999316749064227
cg09561830	13	99354862.0	-0.13576043951415898	0.03437150885551818	8.585504985489418e-05	0.034839523967586467	0.00010652539689155575	0.03042950147728943	3.566783190163776e-05	-0.022877123624089363	-0.07970718520753348	0.026241778360501265	0.0024723730166190234	0.026185353579623566	0.0024198891948980224	0.02247125677957476	0.0007557060884718588	-0.013421406974507073	-0.08289887963915538	0.025668085583753046	0.0013021630314404198	0.027155030096850215	0.002360147942484299	0.025215887056888396	0.0016795891538802865	-0.013898522122771725	-0.003960007686704577	0.0012265464291770203	0.001306940479058256	0.0012977083485897105	0.0023699418361306634	0.0012060336503566427	0.0017002890630153443	-0.0006638774822155637	0.11739449608167388	0.17678013442343107	0.11737993496455804	0.5945383820036434	0.8143009462248806	0.6621146701513082	0.45635797260220556	0.9999575136988024	0.9999560135595468	0.4563614402773356	0.9999146174698702	0.9999316749064227
cg18523979	3	12967624.0	-0.027207613950519086	0.024018913307579097	0.25769040686587835	0.02264149196428362	0.2298835777104812	0.023246293565200516	0.2463896930250013	-0.0009704602225307017	-0.03805118831685807	0.023898212290068378	0.11177440624188822	0.022484391975995065	0.0910142151143018	0.022205029762394937	0.09167492435598217	-0.0013893549749670936	-0.05941623279963429	0.01815681260120795	0.0011231287079140025	0.01946859146733606	0.0023671193825208587	0.017804408793842007	0.0014456170278849606	-0.002223434728473227	-0.0028430247917899873	0.000867355767611058	0.001102158162733817	0.0009302412753810288	0.0023337523131236565	0.0008523803965659793	0.0014534070367420643	-0.00010629444059362095	0.8575972503464703	0.8825292542090724	0.8806774140843622	0.8386081977136826	0.9172407665693547	0.9085239272578342	0.4341742847554344	0.9999575136988024	0.9999560135595468	0.42897585344796413	0.9999146174698702	0.9999316749064227
cg02531439	7	99103603.0	-0.057489238980556696	0.032365081680123066	0.07610715367614179	0.033146403603147676	0.0832715471218084	0.03254038646512282	0.082280519608535	-0.003941072361844676	-0.07294665311802907	0.02359304615089611	0.0020657532137773756	0.023589514607252497	0.002062577144282143	0.02248186217742268	0.0019101800624865748	-0.005219121624295353	-0.07541969604307697	0.023552020776775737	0.001430383035665449	0.0247179647497511	0.00237250496238337	0.023859976031440553	0.0024490546307895066	-0.005415948462185027	-0.003601026533801722	0.001125288846413692	0.0014410216496314604	0.0011817278539840658	0.0024034887346910624	0.001140008713223422	0.0024646636558462993	-0.00025875666755647664	0.7199945256501633	0.792539258724483	0.7726779647637142	0.57353134205223	0.7941016117646281	0.7724359802532499	0.4620328213815672	0.9999575136988024	0.9999560135595468	0.4630165528446443	0.9999146174698702	0.9999316749064227
cg17091733	15	41486196.0	0.06992946840825562	0.03223281048438809	0.030368027694775635	0.032735564349287004	0.03299800370187631	0.02792928777781083	0.014977743044982466	0.00401370241156971	0.07295498302653841	0.032415082990295344	0.02470873082375465	0.03367636471951063	0.030611437475654205	0.027888022745133946	0.011198232010956521	0.004208456525728649	0.09821192935744716	0.029669302943044207	0.0009840054764836165	0.03219028214700678	0.0023742899296536556	0.028835953385954953	0.001171873516265673	0.00528305893558728	0.004692444755625871	0.0014174199576407998	0.000982854050825051	0.0015370770018796993	0.002359866200710502	0.0013762181273012813	0.0011583323205963069	0.00025244913042066545	0.6167199154311843	0.7021430008284971	0.5951443764579502	0.7536868485649537	0.90366880157135	0.8515537951552269	0.41614877609678635	0.9999575136988024	0.9905930636798045	0.4161341749377317	0.9999146174698702	0.9875445325110325
cg02494066	1	1048006.0	-0.07625360494948234	0.022130474154184218	0.0006025274669787644	0.021810349194226218	0.000500647212759455	0.018424844956378604	0.00010891769310059538	-0.010106696184199807	-0.0536968379171799	0.021007570445488958	0.010790355963607046	0.021356299998394033	0.01214273178244597	0.017974096404585534	0.004047886352641848	-0.0073170415370908135	-0.05811138836519625	0.01745444084129472	0.0009200087583478817	0.019047258237258315	0.002374874645903094	0.017308239384644847	0.0013591281933986897	-0.0078512322361061	-0.0027808795073966408	0.0008341977793728477	0.0009062100088778623	0.0009105924236990567	0.0023514558384698206	0.0008273014257777494	0.0013428781413559138	-0.0003757797479402794	0.23708520774591926	0.28786005784433305	0.17564952416867846	0.7020621772899013	0.8713447978139436	0.8286064615650648	0.4134612970550654	0.9999575136988024	0.9999560135595468	0.41183476495251586	0.9999146174698702	0.9999316749064227
cg09338148	16	87325510.0	-0.08379179507267516	0.019164376054336994	1.4096249848435156e-05	0.019615958476703478	2.1992644413791286e-05	0.021548245184370183	0.00025159663259121003	-0.01120264765594233	-0.05699513815951736	0.01620753828409125	0.00046454783170719156	0.01644874816367269	0.0005616230351852943	0.01618617464464315	0.0008195064687087615	-0.007264253404785993	-0.053401214310556236	0.016737932297803754	0.0014892910351911991	0.01750370747276575	0.002375296123524538	0.018658065755841138	0.00575881212338062	-0.006774531758644113	-0.002555899122527025	0.000799726273035911	0.0014614459231684805	0.0008366890455800264	0.0023448638891438098	0.0008920281554657909	0.005708355357280597	-0.00032428371907681906	0.06290121642427098	0.09573218984088694	0.23476055194491938	0.453748264263174	0.6875814646099725	0.675132990640565	0.465556222653425	0.9999575136988024	0.9999560135595468	0.46433945456664605	0.9999146174698702	0.9999316749064227
cg10213658	7	26143961.0	-0.08257504853400394	0.02563669450868863	0.0013346120209537277	0.0252311061350851	0.0011155637698367458	0.02123605785054299	0.0002517054311670574	-0.009598187758207255	-0.08135495128560939	0.023130337800327982	0.0004634171799316844	0.02329083771191468	0.0005068067707523757	0.020766814012876732	0.00022863344058061537	-0.009458927725698524	-0.06941572162181542	0.021870761466421817	0.001575342412123635	0.022757281748547787	0.002379880388973246	0.02331913440903832	0.004172844942201932	-0.007899621716724266	-0.0033235470241814273	0.0010449229841198956	0.001539617393621781	0.0010872722977572156	0.0023295193544963073	0.0011140180801733058	0.004095062753311686	-0.00037836721392181787	0.30305417434479287	0.358381944004625	0.23476055194491938	0.453748264263174	0.6794304623686471	0.5421617924523999	0.47469341175407304	0.9999575136988024	0.9999560135595468	0.4707031325093697	0.9999146174698702	0.9999316749064227
cg16448525	5	93582366.0	0.1973572659300947	0.05594249298963081	0.00044533555328911536	0.062349662131614574	0.0016138662593250693	0.06089928584140627	0.0019329953534256226	0.013070926775581502	0.21014568673622047	0.05631596153726288	0.00020529886541611198	0.0635386007881471	0.0009885392354243186	0.06235714991789076	0.0013079011117838669	0.01384838867294484	0.2058626676912744	0.058067603152087685	0.0004205750354041703	0.0674951861205787	0.002381672617091398	0.06537956538752891	0.002538511698286405	0.013808713142157189	0.009854030170038004	0.0027738708447433763	0.0004094114983040632	0.003227057270338449	0.0023542235364469744	0.0031235737895503766	0.002494145832193606	0.0006610787112037023	0.2171858569482265	0.39472243265763113	0.4092561252510581	0.35974671272610415	0.7152483846604266	0.7288112796553561	0.3599193278402209	0.9999575136988024	0.9999560135595468	0.35547147764716697	0.9999146174698702	0.9999316749064227
cg20585830	22	21644096.0	-0.08270736540963997	0.024458909287418538	0.00075962516644476	0.02474303636014362	0.0008724191830247562	0.019757880740926773	9.266956296215647e-05	-0.008527188097940662	-0.06345113810038536	0.023201407256901223	0.0063954024684903035	0.02315959661788838	0.0063011202192245095	0.01929617864409953	0.001676004683397161	-0.006579541317578711	-0.0705667854087827	0.020743490425379176	0.0007104789552773034	0.023142716802939552	0.0023882014577248016	0.02159295090240076	0.0017811015146525146	-0.0073944249255929045	-0.0033632600590443903	0.000990883421370651	0.0007303245943855338	0.0011056123137350613	0.002445331346309153	0.001031106911750212	0.0018148192539666989	-0.00035253557997271434	0.25840626008555384	0.330656780309958	0.16524697667185279	0.6635606832114592	0.8573191498176632	0.7652861386080396	0.39079359721882073	0.9999575136988024	0.9999560135595468	0.39427657462521937	0.9999146174698702	0.9999316749064227
cg20639396	6	128518761.0	-0.08607856175522988	0.030575526444503853	0.0050057980920611145	0.03440913778699287	0.01258201995123029	0.03201361057101121	0.009233331659592798	-0.014042776569595851	-0.08980549615397321	0.0299434562697171	0.0028004964231585576	0.03403781545479778	0.008509732305751144	0.0316837113879335	0.0062170060444553	-0.01464614980942706	-0.10254032966949511	0.02922497490199345	0.00048160007025440646	0.03363065756782894	0.002389667612372712	0.0305531838554764	0.0013645852680639196	-0.016939515827903807	-0.004915047417291687	0.0013961145482431262	0.00046094830151801556	0.001607122101667602	0.002317934820138296	0.001460154934044854	0.0013236482264596995	-0.0008119466454059115	0.42237742649388216	0.6003150264954219	0.5475414547123063	0.603724561848377	0.8712142145333529	0.8352960674135594	0.36311468581727885	0.9999575136988024	0.9999560135595468	0.3611066915644718	0.9999146174698702	0.9999316749064227
cg06664258	12	103496125.0	-0.07223881218077068	0.0334033266741071	0.03089646042860957	0.03322452149220428	0.03000820640729474	0.03015352566336598	0.0196720790343853	-0.0029369099847202785	-0.06931762141206972	0.03350136638899244	0.038893152296006026	0.033428376900951705	0.03846998051298329	0.03039267824741873	0.026070375044298173	-0.0027898577401347952	-0.0903381544429659	0.027268265945968567	0.0009746430504432483	0.029631470511711812	0.002391944071571119	0.028287244899967052	0.0022238009989130514	-0.003577718257086637	-0.0043135756307028286	0.001302592795476828	0.0009794867579755984	0.0014160529878433446	0.0024118480105312897	0.0013527132055147872	0.00225541605010015	-0.00017089865626727967	0.619307433784556	0.6901153937231048	0.6220753941477398	0.7790241652083758	0.9068821487553437	0.8813259429289713	0.41574477347695715	0.9999575136988024	0.9999560135595468	0.4161341749377317	0.9999146174698702	0.9999316749064227
cg10427868	10	79177041.0	0.05165933017075788	0.014325087443686295	0.0003319978285327007	0.014276255139729462	0.0003168387463123959	0.012923712745217265	0.0001753999538184543	0.007412960085572341	0.03663347557439185	0.013267583354149324	0.005906925856165651	0.013071661953259388	0.005206955752353542	0.011995805872056942	0.0033462165742759267	0.005217270511147805	0.039663614370219265	0.012312142350391448	0.0013391338639676957	0.013010607555145538	0.002393227849907047	0.011476532368325234	0.0010038207560721585	0.005681451710614408	0.0018932994854017357	0.0005881947506256628	0.0013514778019378536	0.0006216869956577996	0.002417976082223281	0.0005488694916132436	0.0010245718252256573	0.00027122586264435834	0.19825383084564904	0.24475369894765373	0.2022761239501293	0.6586437717395066	0.8573191498176632	0.8237939144125507	0.4581928403860516	0.9999575136988024	0.9504452336097909	0.4563614402773356	0.9999146174698702	0.956235101380295
cg03498038	14	73103429.0	0.11415919611880154	0.0392148665376465	0.003711829930862784	0.03661556331615078	0.0018942357764768329	0.0331768601971372	0.001051936108147497	0.0012629482596062391	0.1075518737047489	0.03965975965492576	0.0068502269261024136	0.037432154955502506	0.004182367434613498	0.03323851211158879	0.001961804543879958	0.0011212340848300115	0.12247504559217474	0.03894246609043925	0.0017368199330396108	0.04018125752682711	0.002397122616865524	0.037321224575097796	0.0017097851783442074	0.001359018823930398	0.005855405591248964	0.0018603180540558931	0.001722237984942375	0.0019197461646901514	0.0023812127900010157	0.001784658987135599	0.0017132858697985504	6.496984117336231e-05	0.39500640670848264	0.4032675101798635	0.3524555668902047	0.6659874873267236	0.8394414853781444	0.7759493752875232	0.4853606337547927	0.9999575136988024	0.9999560135595468	0.4820899876171286	0.9999146174698702	0.9999316749064227
cg02020879	5	886937.0	0.02600585755761667	0.025598314249695855	0.3100060514151212	0.0248575236374653	0.2958189260200903	0.024838103461938814	0.29922387182199045	0.0005956823740018713	0.028138888733904122	0.025847713525044416	0.27667634517463613	0.02461319329265554	0.25331722532085005	0.02475744071573937	0.2601580019814208	0.0006393900548587904	0.07217027435069506	0.022844914647373926	0.0016560862729355604	0.023678164740875217	0.002397882433286002	0.02214217670869035	0.001827882916676472	0.0018067538338309864	0.003455998372135634	0.0010913024556735759	0.0016134223060951518	0.001131141113162128	0.0023406873998211976	0.0010569602711894648	0.0017720083097117758	8.645722093545056e-05	0.8793535237599754	0.9062524609565609	0.8999072670183359	0.89856336325117	0.9422033418475242	0.9400171335032409	0.47974943908211437	0.9999575136988024	0.9999560135595468	0.4766599248491247	0.9999146174698702	0.9999316749064227
cg11665333	3	52278941.0	0.17930800792294238	0.052228703612019735	0.0006305470064826946	0.052489263213460154	0.0006706866099932631	0.05193264780130045	0.001014318000634625	0.00184905499121033	0.19169608113854958	0.052566666634772066	0.0002847502208175284	0.052656648970910165	0.00029160309926803	0.052264764972463115	0.0005154030079395077	0.002030412874687795	0.15754061801590621	0.050822620085609296	0.002020489633147455	0.05169026039968476	0.002399345205598497	0.04745365195815533	0.0015234004725243186	0.0016258922089716441	0.00750885504771739	0.002427959181402688	0.0020690803811542592	0.002469043451333208	0.0024516534099580847	0.002264659410544114	0.0015429761841452652	7.733230143926188e-05	0.23939064166635154	0.31604486385669733	0.3455091130460529	0.3908229044843193	0.6068254757162524	0.6308551232038334	0.5014468762564845	0.9999575136988024	0.9999560135595468	0.5042315255417005	0.9999146174698702	0.9999316749064227
cg16638540	19	58059100.0	-0.06193249117419657	0.026353783193596683	0.019038483212564784	0.0269764371119462	0.021971877561631117	0.03181996914008409	0.056223751820015044	-0.006168950216724693	-0.06481689489596498	0.02139716386762038	0.002539493501153162	0.022543185914709156	0.0041564760052347684	0.022914250710720677	0.0063166513144314995	-0.0065272103832005254	-0.07286707510295327	0.02171815828323091	0.0008396686426605682	0.02390980494897655	0.002400920722613677	0.02467504199468069	0.004462925847962361	-0.007421617565777137	-0.003472842248194233	0.0010383318662065175	0.0008714962175635248	0.0011409399701799992	0.00243052242232262	0.0011762169224027313	0.004469436514000683	-0.0003538593886168567	0.5606732884853846	0.6551334322586074	0.7327951046130642	0.5955876100879599	0.8394414853781444	0.836144898118913	0.40802352002649794	0.9999575136988024	0.9999560135595468	0.4099232598499769	0.9999146174698702	0.9999316749064227
cg00985388	3	184234424.0	-0.05380037311910099	0.016310799399155283	0.001019662921698382	0.016497508573329017	0.0011616328930243677	0.01350564713573254	0.000183613033303848	-0.007861415714329308	-0.0358006957846881	0.013610772084877617	0.008712746097946195	0.013801113959688902	0.009678308338794999	0.012652166826630446	0.006300339722488181	-0.005128812506215795	-0.044525735893069615	0.014001383107021238	0.0015425843399469968	0.0146103545788303	0.0024011944716545008	0.014003004876357293	0.0023169649591837198	-0.006469886003053807	-0.0021264410831766632	0.0006691307555615057	0.0015540474332385226	0.0006986929834603062	0.002433609799839818	0.000670231416830517	0.0023655637954854143	-0.00030896059719646047	0.2802051706950687	0.36220440913907964	0.20474775333286915	0.6809333339866338	0.8712142145333529	0.836144898118913	0.47054402176093835	0.9999575136988024	0.9999560135595468	0.47297141516435254	0.9999146174698702	0.9999316749064227
cg25065518	1	5480075.0	0.06917288295013378	0.028101058012681316	0.014064598013724961	0.029653696105636236	0.019937149003953374	0.024821120929188215	0.007084595864156484	0.007051313155854298	0.07542636016064291	0.02816720390191908	0.007579483688709247	0.029715401323799122	0.011349095699187779	0.024591554754359552	0.003219994016425161	0.0078092417885963685	0.09178584816871165	0.027452281400028717	0.0008751075522926284	0.030118731875738318	0.002401819362338519	0.024168720649240142	0.0003388469866626751	0.009568566503267605	0.004392531844546012	0.00131140130325269	0.0008566121415731859	0.00144032910608974	0.002384507331314706	0.001155273991612342	0.0003339766328301659	0.0004577552958204769	0.5249280019924971	0.6459059624702511	0.5229171947748057	0.6703973785096398	0.8712142145333529	0.8195552799705476	0.40951290212678265	0.9999575136988024	0.7630718135971118	0.40991393384164243	0.9999146174698702	0.7625269688073317
cg25135457	17	42563226.0	-0.08500818364374803	0.02672992252854434	0.0015340542245999595	0.027307498379784356	0.0019247690200416927	0.025099099471926536	0.0012421372802532706	-0.006203985978333354	-0.08096579881673585	0.02654948794055587	0.0023753485186463856	0.027131125903054453	0.0029390503731704983	0.025966835146743313	0.002777262867951999	-0.006325087284213649	-0.0817773512538471	0.02459329248291215	0.0009335082955566579	0.026836496265909515	0.002403578538692262	0.027462288372893374	0.004160592990218134	-0.006444228450079198	-0.003905824261982321	0.0011750068278873777	0.0009371447886073098	0.0012821936782318308	0.002411783941789764	0.0013110629720782547	0.004144979046069354	-0.0003078995309449483	0.312319129884607	0.4044246714011853	0.3684246419692652	0.5905702149428732	0.8259355573115673	0.8163415783783448	0.4138603026837606	0.9999575136988024	0.9999560135595468	0.41196313051845795	0.9999146174698702	0.9999316749064227
cg18194850	3	67648881.0	-0.11110807080270751	0.02651370773056107	3.125724249008954e-05	0.02766999585582799	6.550846254646634e-05	0.02472508060821196	3.183816372394126e-05	-0.012246562053994523	-0.07832488035379159	0.021821292778060594	0.0003539454568919939	0.023629545472820555	0.0009633607736010861	0.02249192904968534	0.0009251563650325193	-0.00858139003978282	-0.07533727307585271	0.021700262041605637	0.0005515566535820428	0.024723516735347104	0.002403997511754229	0.025446824332531943	0.004369066984438116	-0.008437705850747927	-0.003600172228651579	0.0010368202426862482	0.0005503505409286114	0.0011800962436060215	0.002376130795846899	0.0012153116522821083	0.0043472321714846515	-0.00040333129660152827	0.07840392478526456	0.13883095285312191	0.11109954678162169	0.41675694361552984	0.7152483846604266	0.6798362688175023	0.36986309823868946	0.9999575136988024	0.9999560135595468	0.36614582086141695	0.9999146174698702	0.9999316749064227
cg00308594	2	221969822.0	0.07539487257492172	0.027916198141284786	0.007079677307650504	0.028189106747061262	0.007650239994493687	0.032762975420827026	0.024810201439177938	0.008106725922875861	0.07934797988309808	0.027923138066521143	0.004614879189662784	0.028101625487362836	0.004879827152772817	0.033799451115163096	0.022154625293232068	0.008380860479336187	0.08341095801494139	0.025236091071101335	0.0010014136047344642	0.027375233576296315	0.002405899504368394	0.03079119602986922	0.00874916951682472	0.008648710372032995	0.00399191663159047	0.0012055520695961964	0.000980359849938286	0.00130915943033995	0.0023880402005442255	0.0014724130403229578	0.008697247274269859	0.0004139866713369576	0.4565718280304564	0.5500793388391046	0.6467700589310412	0.6416055881840527	0.8573191498176632	0.8740964335002155	0.41832322308073333	0.9999575136988024	0.9999560135595468	0.4161341749377317	0.9999146174698702	0.9999316749064227
cg22603542	1	166975997.0	0.07571381952882039	0.04569868741630299	0.09799153974284285	0.04598480467686795	0.10009495004433916	0.03263718863342209	0.023710850108679002	0.007048956706664264	0.09764213791196719	0.044687763502911704	0.029211531464710852	0.04543387864496705	0.031958837581941166	0.03741019158945774	0.011374705614185635	0.009854858279200778	0.06690381993648173	0.0212319688139716	0.0017017024453648282	0.0219600646239185	0.002408556074766253	0.01914601444562101	0.0008911083596203922	0.006939549641751055	0.0031925500661974526	0.0010143073446872595	0.0017223067618190398	0.001048727956487089	0.002427587608243707	0.0009138601774515673	0.0008936713107992195	0.0003313888720005841	0.7475459888093056	0.809798587481501	0.6428078209733692	0.7647270312118085	0.90366880157135	0.8518116570038998	0.4820295457957392	0.9999575136988024	0.9504452336097909	0.4820899876171286	0.9999146174698702	0.9453805653783303
cg02283485	10	79243263.0	0.10917969703797573	0.03212347712587715	0.0007139567606388439	0.03304409457423436	0.0009997755871580967	0.028568146822976096	0.00031331190712852186	0.006107234205415588	0.09932123465571967	0.03212265955631882	0.0020653005324754326	0.033152480147850175	0.00283039472894257	0.027132812646854826	0.0005274544857023692	0.005744989615228216	0.08845125811371246	0.025860937216547288	0.0006649409975920729	0.0290351065764407	0.0024105905405169795	0.023345070745585752	0.00034875052933415116	0.005148857725390607	0.004232902058212367	0.0012352596408352122	0.0006495866284407092	0.0013873954832495183	0.0023743729375050276	0.001117131335403569	0.0003485015161935071	0.0002464973598675746	0.2523420433531238	0.34618662232388014	0.2515100715428719	0.57353134205223	0.8248348952955799	0.6342135536805698	0.38396121516164344	0.9999575136988024	0.7630718135971118	0.3821825933431912	0.9999146174698702	0.7625269688073317
cg14242735	2	241947548.0	-0.10982467619263041	0.027800212390834616	8.560892595978507e-05	0.028830652387245918	0.00015116906486418029	0.024938271558231164	4.364945391311788e-05	-0.008165158204038198	-0.10730128692897005	0.028058269623307767	0.00014254916551095708	0.029170563492157266	0.0002521830769896243	0.024281571312679728	4.139204567561131e-05	-0.008076265760868569	-0.09415172478312218	0.027715048081802498	0.0007226854086959942	0.030914871684386742	0.0024172371088666275	0.025460974660451694	0.0004680050768166259	-0.007340671426258065	-0.004497005169534763	0.0013240052120840004	0.0007242891296341164	0.0014771572194416925	0.0024263726862739977	0.001214409794494068	0.0004603178089953679	-0.0003507475873552426	0.11739449608167388	0.200719074676229	0.12318438072026401	0.3352968820688399	0.5702761030898944	0.32220762355213406	0.39079359721882073	0.9999575136988024	0.8106217262010138	0.39427657462521937	0.9999146174698702	0.8111412540488049
cg22057899	11	65188646.0	0.09417067149605113	0.04025293348617499	0.01958150196093635	0.04104196973951123	0.02204692025049104	0.04571591998545866	0.04368086536229824	0.0016556701457975317	0.10209566330939453	0.040650440810971716	0.012237979217833244	0.041038504194145224	0.013078703474498363	0.04551564052454768	0.02853430597598399	0.0017405023044218828	0.11741408418594709	0.03590226410485416	0.0011310174775975494	0.03856212190002238	0.0024228854299741245	0.03828726507596975	0.0032246884437185704	0.0020106527722753755	0.005604767300897993	0.0017151238738195432	0.0011410133756537303	0.0018425854154373164	0.0024468812666455244	0.0018280920569613162	0.0032316980606600584	9.598634544537733e-05	0.5651650942213458	0.6554045379749825	0.7092562227415294	0.7122539096667425	0.8751202813279523	0.8847519836905731	0.4354385110320859	0.9999575136988024	0.9999560135595468	0.4378829191640166	0.9999146174698702	0.9999316749064227
cg03848580	17	78117632.0	-0.06118597339244361	0.019077718195366373	0.00139924904432897	0.019888164880001422	0.0021732448396207817	0.019408295648920902	0.0025100474174816877	-0.010429429977643519	-0.04590379649878941	0.016885077292536566	0.0067136719270973096	0.01791711977433772	0.010609315802916257	0.018585979705430182	0.016331781384906728	-0.007799911383652261	-0.05840268715251895	0.01739558905336166	0.0008331145291598417	0.019183213944919855	0.002425548273302132	0.020222100156616084	0.005357304023313448	-0.009940179808656703	-0.0027997288454857236	0.0008309692306416324	0.0007985434611456232	0.0009160740891999195	0.0023337344407853397	0.0009654542593073447	0.005182863606006169	-0.0004765340061554618	0.30581269189460975	0.4182689479426915	0.43247969133053016	0.6649616256017806	0.8712142145333529	0.8621266328071441	0.40694335615816457	0.9999575136988024	0.9999560135595468	0.4010763197351859	0.9999146174698702	0.9999316749064227
cg05834639	16	87851602.0	-0.04671610542996378	0.019229412463779922	0.015365365801273664	0.018537947930146327	0.011948319544964522	0.015649938303682755	0.004075533663947748	-0.004005473959443943	-0.05514223189060094	0.018360185471399434	0.002762699897869542	0.017508765025590116	0.0017036477019830222	0.01732256281243177	0.0022928951387871533	-0.0048879767607343085	-0.05127687166095543	0.016475492535749526	0.0019380824030719676	0.016847384691655667	0.002432377760862146	0.01687930973552838	0.0035041133417660253	-0.0046617949168427895	-0.002447635218160934	0.0007872229841422036	0.00195829281113734	0.0008056791073674774	0.002477643114759229	0.0008071529012124404	0.0035591754354682404	-0.000222635718685404	0.535743727568192	0.5932441960413273	0.4758441771953122	0.6028116505723614	0.7771153132444778	0.7999377431333892	0.4975879068232418	0.9999575136988024	0.9999560135595468	0.49723591328931527	0.9999146174698702	0.9999316749064227
cg19597545	8	88087378.0	-0.07742649869035777	0.018780275611239246	4.176648003424685e-05	0.01891883340981406	4.7455779989044604e-05	0.02118175915392699	0.0005363214694956201	-0.004490487102957144	-0.06368857899445701	0.018295883192096418	0.0005296065491768383	0.01812981119730881	0.00047088703003589133	0.02010818920090509	0.0024035484077990672	-0.003718598906844811	-0.056598926914239116	0.01794739256280795	0.0016873417656978014	0.018598192747945785	0.0024352595021643656	0.019397333513963243	0.004928351859334381	-0.0033498839635940983	-0.002707976192825896	0.0008574018617725737	0.0016605030762318477	0.0008886335860324756	0.0024027549823863337	0.0009257010750411815	0.004826191617412914	-0.00016029645635481286	0.08646393092601123	0.12005808119565901	0.29254512295489876	0.4594954865504436	0.6778341116247854	0.8027541769115134	0.4816799530014567	0.9999575136988024	0.9999560135595468	0.4795044952895546	0.9999146174698702	0.9999316749064227
cg17733746	12	12266818.0	-0.11973635240879732	0.040024122585207	0.0028692782900254315	0.04227147209318804	0.00474589056408341	0.04207826126476892	0.0060288081965891764	-0.003398312975696318	-0.12217622081757985	0.0397233528020541	0.0021797361984889135	0.04218246341044537	0.00388947531731072	0.04239917487935152	0.005455187881215491	-0.0031698754185291904	-0.1249607661350674	0.03759923047799701	0.0009391082751076654	0.04107047699484037	0.0024404919538989307	0.0408415572989858	0.0032907395006470355	-0.0031584871291421776	-0.005967137157901817	0.001796243820567453	0.0009440327964656593	0.0019613828661348967	0.0024427489484026878	0.0019503506521170134	0.0032919495469214562	-0.00015091110615822977	0.3661442020679985	0.49834406922935054	0.5111602276488745	0.5764224012280998	0.8348808230001029	0.8326897594526024	0.41409048466547504	0.9999575136988024	0.9999560135595468	0.41222246203025464	0.9999146174698702	0.9999316749064227
cg20418725	2	201257751.0	-0.027521378665731677	0.022279361856936908	0.21712431380959044	0.02285805763846219	0.22897783218139783	0.022715134520738502	0.23034281718851982	-0.0010206113415149997	-0.03463536377265344	0.022274855517413275	0.1204072714556682	0.023040405844615273	0.13321447611329473	0.022041923301590282	0.12127664381494692	-0.001241449305018458	-0.06592304144355245	0.02066444909107192	0.0014906302886032758	0.021670429740445165	0.0024446510959005457	0.021335556743667727	0.00301529008018126	-0.0021687773165557623	-0.0031433487778152	0.0009872017905852581	0.001521732261047796	0.0010349257376046736	0.002483386398396225	0.0010193781482682434	0.0030703002948278533	-0.00010341367965936998	0.8372915600706735	0.882300299920509	0.8730852088607604	0.8432429060551048	0.9276862077996769	0.918740251577375	0.465556222653425	0.9999575136988024	0.9999560135595468	0.46806333573230247	0.9999146174698702	0.9999316749064227
cg23332827	11	15730578.0	-0.082572148214691	0.02312507377138142	0.00037956112612457557	0.02617096429304721	0.0016707057165797747	0.025122214524816028	0.0016833738978116227	-0.012816925673948515	-0.0879244305230254	0.023343567494009516	0.00017904746563671942	0.02667938039513201	0.0010302652392186339	0.025514526135727654	0.0010354011132590445	-0.013694287982508659	-0.08765810948046454	0.023182368054272325	0.0001704938189530348	0.028816796983916468	0.002445959035123	0.028101284011012022	0.002766600665165387	-0.013750816411782099	-0.004190866029540724	0.0011074722456755884	0.0001685398609323739	0.0013776543077165014	0.0024449981618831084	0.0013437258531775423	0.0027708318524209312	-0.0006574947204582122	0.20636139975511256	0.396212758964964	0.3916907691760621	0.335656938932439	0.7152483846604266	0.7018133280038732	0.261269700542078	0.9999575136988024	0.9999560135595468	0.25856307114705557	0.9999146174698702	0.9999316749064227
cg02273041	11	6320614.0	-0.03769098010092743	0.02796645201538124	0.17816905201789857	0.029437969342090288	0.20083064135333428	0.02747116595332081	0.17508214515784687	-0.003104613183850028	-0.05169806844626563	0.02780900671651446	0.06342918711748366	0.029057463594260827	0.07563424353227989	0.025430681240607246	0.04642099634225972	-0.003959149818556367	-0.07479051105085006	0.02131519005353708	0.00048136002017282496	0.024586996989222	0.0024462608948249494	0.02566199790670873	0.004975972210168943	-0.005580011705819688	-0.0035758954094736416	0.0010182951676128793	0.00047630672382241457	0.0011750389335240898	0.002435533533376072	0.0012279240914995335	0.005008174971987731	-0.000266751824884342	0.8153952880471094	0.8710848585459022	0.8460519183281023	0.8053345615233658	0.9153779856699878	0.8964692125537542	0.36311468581727885	0.9999575136988024	0.9999560135595468	0.3611066915644718	0.9999146174698702	0.9999316749064227
cg06139908	7	54546927.0	-0.09956975157094432	0.04671025243380721	0.03337154802471148	0.04864281652132273	0.04102232578761229	0.05540366080887578	0.07725922535850593	-0.006351291915569487	-0.11570068360757765	0.039647610332156434	0.0036300164220400624	0.04152632199516028	0.0054733220989683406	0.04324590136297502	0.009569340446739917	-0.007492986307858197	-0.12235773275919354	0.037206801028570886	0.0010614837241631708	0.040226388713735496	0.002447419032718865	0.044961288208637075	0.008460533174128688	-0.007586233396626529	-0.005844241389470973	0.0017786598156777367	0.001072024995836958	0.0019239030559826307	0.002479890761500468	0.0021537042690073067	0.008640484672731255	-0.00036289205907230127	0.6253226800453415	0.7245911797477055	0.7679106337425176	0.6262163805329863	0.8573191498176632	0.8467010775793248	0.4245756584169375	0.9999575136988024	0.9999560135595468	0.42560375301092296	0.9999146174698702	0.9999316749064227
cg04776231	7	77538796.0	-0.09462306265147354	0.034765859207870106	0.006650138821966731	0.03614858355131102	0.009039364231256189	0.03249235771266705	0.0050079406730348195	-0.015762803522915564	-0.05062413687232955	0.019348941886778524	0.009073161921551326	0.019947028295321283	0.011360768847234014	0.01847730071891402	0.008050862254251903	-0.00841075464662842	-0.061425338074258394	0.018252069158582664	0.0008095526222068011	0.020198049479556605	0.0024520392532888	0.01922756698561544	0.0022169000045650237	-0.010132086076711826	-0.0029390624126034697	0.000872008947244674	0.0007950858555788071	0.0009646606278001539	0.002407616973648011	0.0009181062892193428	0.002174124109808762	-0.0004849222594968724	0.44924284759214944	0.5665138230609597	0.49514637260699884	0.6845044658886158	0.8712142145333529	0.8467010775793248	0.4038032467366373	0.9999575136988024	0.9999560135595468	0.4010763197351859	0.9999146174698702	0.9999316749064227
cg03706951	17	41309266.0	-0.04519812744716466	0.021538286018759022	0.03620626473022033	0.02150615889293106	0.03592962718647957	0.020659345104278245	0.0325269354322848	-0.0019341996989805177	-0.048330035363636004	0.02169663904516781	0.02621981246605965	0.02166173988758314	0.025980068532014275	0.02118229661479134	0.0260144922653219	-0.0020446368155775645	-0.06261329523415055	0.019293098778944872	0.0012334367095083352	0.020595189763172192	0.002459770960315968	0.019423492059667407	0.0020343182076823845	-0.0026018298723760416	-0.0029891861693497647	0.0009216691769551078	0.0012425947247037266	0.0009834257698258931	0.002464812789864926	0.0009291507762062097	0.0020738687568822647	-0.0001241925504657335	0.6350496246693839	0.7110142256225692	0.6777361512260915	0.7576599917043884	0.8999932531887502	0.8813259429289713	0.44700690210234645	0.9999575136988024	0.9999560135595468	0.44892407703323034	0.9999146174698702	0.9999316749064227
cg05259506	6	167980260.0	-0.061436963120849605	0.020247453754573336	0.002497070533154608	0.020972613754727504	0.0035028896284751204	0.0175096194545566	0.0008520808694282207	-0.00570464845683195	-0.06007110447577266	0.020421549506334378	0.00337050433663291	0.02127979136379121	0.0048902283886097095	0.016839161969197183	0.0007090063702131162	-0.0055895016517701086	-0.045809502880101896	0.014197766794417655	0.0013162098732250422	0.01506972629147796	0.002462621199460366	0.014198936464784479	0.002018160718864286	-0.00439004036489214	-0.0021801597749125097	0.0006783526208110878	0.00137451054515819	0.000720247272550656	0.0025684281655025273	0.0006787272493104576	0.0021048476350705955	-0.00020914942705409093	0.35342591064695	0.46854970402284196	0.33194693514631196	0.6132968609983575	0.8573191498176632	0.6566608231887391	0.45809246308145374	0.9999575136988024	0.9999560135595468	0.45798831374682336	0.9999146174698702	0.9999316749064227
cg10104252	12	3454733.0	-0.14683695844622363	0.04817207695940109	0.0023860448108706505	0.0532105929401056	0.005934288767813018	0.051950618401542754	0.006355059977587997	-0.018966941052055444	-0.1509937826021181	0.04848752496151878	0.0019183600567483858	0.05407662274997249	0.005373634669834671	0.052204318176447495	0.005293371478764424	-0.01957895748170351	-0.18041858550321976	0.04981550741657085	0.0003155498998665592	0.0593521605616649	0.002462930013122939	0.05425319790054319	0.0014977330677410413	-0.02313450015293383	-0.00863262855690813	0.002379686681749034	0.00030857277735743234	0.002836634874054951	0.002435138548802745	0.002594036724352943	0.0014869539976206114	-0.001106858998643574	0.34928154832934905	0.5217594971115854	0.5152053360520734	0.5702764657932831	0.8573191498176632	0.8326897594526024	0.32822431346820896	0.9999575136988024	0.9999560135595468	0.3252734753569623	0.9999146174698702	0.9999316749064227
cg26542792	12	52209783.0	-0.07333124085919025	0.019726898011579983	0.00021686331942037454	0.020186949848358206	0.0003003557468599469	0.02002902439847574	0.0005262915693480743	-0.010031519498618073	-0.026344764368961382	0.009855423142997017	0.007685066635351336	0.010647899693697666	0.013583868512958766	0.010927884358268839	0.018946389229288856	-0.00347031842376191	-0.03278192540028597	0.009759184442992036	0.0008279260451154354	0.010785865749832002	0.002466616050507026	0.011483883699958628	0.0058797888189033535	-0.004318720003457311	-0.0015662099317482678	0.0004665186899527797	0.0008334067785433169	0.0005161517074055427	0.0025068088420929966	0.00055012647042019	0.006004895441641646	-0.00020631206124943605	0.17168147114375457	0.24250860382351902	0.2906328517263596	0.6716468901828612	0.8774551407386096	0.8624520559145407	0.40592423732599225	0.9999575136988024	0.9999560135595468	0.40644445305915594	0.9999146174698702	0.9999316749064227
cg12255774	11	61921672.0	-0.05167716237749852	0.01705537039601671	0.002532783139747146	0.017797748380838117	0.003801343865792601	0.016392889107527817	0.0025111894976048523	-0.006532235778587855	-0.04903475267224812	0.015072821125173348	0.0011944343915404293	0.015931496182166015	0.0021641168430702133	0.013447902241973661	0.000552057119253063	-0.006266423980039861	-0.04648412921406294	0.013636897780104212	0.0006932451924672036	0.015296615736782385	0.0024705787081627175	0.012593714151640753	0.000478375107266458	-0.005940953635342901	-0.002221425100680644	0.0006517257053628841	0.0006936819587369356	0.0007311761775068417	0.002476223264282143	0.0006016423465873798	0.0004765201232378202	-0.0002839841467483477	0.3546273115379692	0.4769218240198087	0.43247969133053016	0.5284679729626925	0.8046515521732485	0.6398553132680356	0.39028354484346606	0.9999575136988024	0.8170384432263235	0.38797748637896173	0.9999146174698702	0.8207967874237215
cg14940405	8	141308784.0	0.08508658579482956	0.028926867655633244	0.003371030892647984	0.028873739171556355	0.0033132836020536307	0.02646700213257659	0.0020880947451059023	0.004674377872810354	0.08974791691541781	0.028881053753157547	0.0019609540169313227	0.02838466227913275	0.001633492610506125	0.026788485439877205	0.0013892571676791014	0.00487647375480048	0.07346791885628787	0.023215806039312413	0.0016259864487625042	0.024179032981933857	0.002473438294267334	0.02531136161150936	0.005144444374619809	0.003952488409751598	0.003497858860137927	0.0011091059621654935	0.0016864157558172047	0.001154867447428406	0.002553085084671283	0.0012095637236678794	0.005301166816374209	0.00018831686227709833	0.38493501831008137	0.4638514447186213	0.41718916841471004	0.5702764657932831	0.7741428217400501	0.7361268569582715	0.4786697666024892	0.9999575136988024	0.9999560135595468	0.48070097465253386	0.9999146174698702	0.9999316749064227
cg05397886	7	140292653.0	0.04591214215405126	0.03272537743657735	0.16105917084098254	0.03575552700835296	0.19953212899360998	0.03430146206482007	0.18570454224055943	0.0018736226735818623	0.0628213026901759	0.032424686292440226	0.05308075842168729	0.036007180666578265	0.08146583507058254	0.03591549156474616	0.0852963770999857	0.002467450298041916	0.0986230318379075	0.027324161696180783	0.0003306624464573966	0.03245803521160961	0.002473590463490003	0.030511846982246005	0.001982245443834498	0.003960634421460161	0.004720580431446038	0.0013052466394355405	0.00032172243929872845	0.0015526440026942202	0.0024584891065410775	0.0014588880670124273	0.0019619343798272476	0.00018953071572125227	0.8037133777617909	0.8707064377897235	0.8511224738477292	0.7943648516652401	0.9160688765668602	0.9064454635638576	0.3296079935394571	0.9999575136988024	0.9999560135595468	0.3265909238923665	0.9999146174698702	0.9999316749064227
cg09323400	12	113097557.0	-0.08317067641371755	0.02198703657298983	0.00016792001293872358	0.022874925733966316	0.0002966249103689486	0.02027784945159173	0.00012350899460743673	-0.006835639828027075	-0.062082126709133295	0.01989007127974645	0.001872763693339315	0.020661373485827084	0.0027503155522343335	0.019236265312894844	0.0020116450412810826	-0.0052192521238547	-0.06087062659713241	0.01807941706459829	0.0008053634613335151	0.020035860126297083	0.002476782080519266	0.01773568061594866	0.0010810048675802568	-0.005056858850643645	-0.002914221597388802	0.0008636275715881364	0.0007839691300894193	0.0009576862038093898	0.002437390730692958	0.0008485303001149189	0.0010732450611588076	-0.00024211799565733677	0.15501414143536985	0.24250860382351902	0.17952824095476758	0.5702764657932831	0.8235487652046981	0.7803702451005576	0.4038032467366373	0.9999575136988024	0.9659434730987618	0.4010763197351859	0.9999146174698702	0.9634554530279216
cg10250776	8	20250146.0	0.035059222384258945	0.02231532750644981	0.11659976263589975	0.02250379231322084	0.11968740113741771	0.022211422672110435	0.11963855426782029	0.0014421765710659028	0.03180850003496563	0.02240077076624441	0.15604824476335066	0.02245211786085934	0.15699555652782599	0.02360167564710689	0.1827320204135052	0.0012999477447861506	0.05561297700419119	0.017201207699595725	0.0012868426179958195	0.018305893997809387	0.0024776085930732585	0.019661055473549387	0.00631815350227737	0.002171127806657021	0.0026588144038253085	0.0008217178347212359	0.001275399312480693	0.0008741605204427011	0.002448740643852608	0.000938494590172537	0.0062406248542177965	0.0001037580169835989	0.7672559761111327	0.8232745166674774	0.8079624430610147	0.8572512608453488	0.928070640753028	0.9298049659180972	0.4521632078473974	0.9999575136988024	0.9999560135595468	0.45365550079426387	0.9999146174698702	0.9999316749064227
cg14616345	9	131025880.0	-0.060071443545457404	0.015623980269812246	0.00013123929528146725	0.016050502772682353	0.00019649630449791963	0.014917033955423275	0.0001587531346988697	-0.010084289390967461	-0.03734541718077263	0.013234685101716168	0.004907364787296202	0.01380700415207866	0.006995728555868424	0.012401757530839708	0.0037815080771129964	-0.00623330070032896	-0.041609363701088614	0.012365863308508862	0.000811091481245839	0.013697436406655352	0.0024795038150963677	0.012016385214990537	0.0009833266358808968	-0.006965447133808983	-0.001992539213557594	0.0005907183497290294	0.0007876655708667718	0.0006534791456444722	0.0023887983675553465	0.0005741397379158336	0.0009599384408009652	-0.0003335887400292298	0.14632531629085657	0.2173179333977634	0.1953208818322571	0.6460471590387942	0.8586270442783773	0.8250227633225801	0.4038032467366373	0.9999575136988024	0.9504452336097909	0.4010763197351859	0.9999146174698702	0.9514528791080519
cg24582007	6	155461824.0	0.040604477946462755	0.020959200434841826	0.05309549700589386	0.021569589992048964	0.06017011890238485	0.026075432411938125	0.12459818937703847	0.005767239120182179	0.059212782406536726	0.020557727381716857	0.004090776193613402	0.02146300964347918	0.005948159301890007	0.024828747039622855	0.020209505760212954	0.008418394490623954	0.06229905945316012	0.019666239555932635	0.001608180973339118	0.02051364513178437	0.0024859283309534084	0.022426930917182432	0.007260483013230396	0.008769083728961648	0.002978676284664362	0.0009395963720107259	0.001595439641578506	0.0009802401538900895	0.002471626629143537	0.0010721512015084466	0.00725344378834273	0.0004194304281676531	0.6796065398522452	0.7615116248683367	0.8121128289753631	0.6357824854112676	0.8573191498176632	0.8656702330328557	0.4776528193903751	0.9999575136988024	0.9999560135595468	0.4763006273680994	0.9999146174698702	0.9999316749064227
cg20748397	17	18159658.0	-0.055762869435947916	0.02024500808765397	0.006027357919364499	0.02008625989021589	0.0056422181230008205	0.023438666057446468	0.020499556925194604	-0.007747649033844613	-0.04721916227814441	0.0163451789184715	0.003982358448440996	0.016038140270290144	0.0033423916683561995	0.019612407171474524	0.019096728082966596	-0.00672989512445228	-0.04720718843176287	0.014680405597435654	0.001366259843782877	0.015545390852451312	0.002487757255021186	0.016282539239891754	0.005192385697531492	-0.006781462394633685	-0.0022582539286075294	0.0007014653668677508	0.001349129441605752	0.0007429790008000682	0.002465667884703051	0.0007779893259760918	0.005142817272155621	-0.000324442221858124	0.4409554762273996	0.5170684143565712	0.6264041016406592	0.6345829750561321	0.8276112937654644	0.8625312943451976	0.4581928403860516	0.9999575136988024	0.9999560135595468	0.4563614402773356	0.9999146174698702	0.9999316749064227
cg04742397	14	95520217.0	-0.04689522403809188	0.01377121348378464	0.0006972956869064842	0.01403228955981619	0.0008745922795486174	0.014886116716223977	0.0025270905269897076	-0.0069682178350348066	-0.03815900421546331	0.013588479163942178	0.005117030117464134	0.013891254733349042	0.00616501377613574	0.014914892169149187	0.013012494007776008	-0.005588073893747899	-0.04098830645985709	0.013009664075815667	0.0017044832172820462	0.013501985020037136	0.0024959672135435214	0.01374616117114673	0.004113593664223457	-0.0059666366579900765	-0.0019578685184425087	0.0006222398541038804	0.0017283045363924161	0.0006459534559637445	0.0025350016993705374	0.0006570549649841078	0.004137491867054977	-0.00028498496601610734	0.25145045777997327	0.330656780309958	0.43247969133053016	0.6497932208819084	0.8573191498176632	0.8575829943388813	0.4821741290259506	0.9999575136988024	0.9999560135595468	0.4820899876171286	0.9999146174698702	0.9999316749064227
cg00947878	16	57798093.0	0.07047513004401891	0.024544818527272257	0.004207319535428268	0.02557441460670301	0.006003927229825676	0.025675242340968435	0.007941313789515689	0.010195822744612304	0.07942401343779995	0.02445902265971241	0.0012193696965309977	0.025825097887329163	0.002181317196691992	0.02517701848487012	0.0024949232155087697	0.011542186410441553	0.08266462539048178	0.025267953393542864	0.0011265445662619721	0.02723070535681794	0.0024960551562359812	0.027111236232776486	0.0033925322556560395	0.012103306551626187	0.003948379680058243	0.0012071565003074006	0.0011293311679500184	0.0013014851005664985	0.002512130750380803	0.0012961530877886765	0.003420626912059385	0.0005780099432357154	0.40790350559435645	0.5236242844360763	0.5355644669511167	0.5284679729626925	0.8049107280032693	0.8053200506685676	0.43470551874663477	0.9999575136988024	0.9999560135595468	0.43495153012018295	0.9999146174698702	0.9999316749064227
cg02116416	7	158143335.0	0.022128204626185102	0.020194412025224644	0.2735482020378007	0.01945762046458649	0.25580895501088147	0.016326637192555678	0.1803055676369826	0.0015225143890454512	0.02372772503061077	0.020329597098440445	0.2435354820754274	0.01960351757147692	0.22652992646543335	0.016323138323009696	0.15117597964059779	0.0016198862459066536	0.049047789020027	0.01558066136218334	0.0017195588497362323	0.016157809923805447	0.0024974170013492736	0.014220980599433447	0.001026091923542932	0.003232015670058711	0.002347929300568919	0.0007443001120904285	0.0016819710808276933	0.0007722609008065269	0.002458632391344533	0.0006794946420905716	0.0010058667870112706	0.00015467505552664042	0.864525927502088	0.8928794601567711	0.8489810084955536	0.8897180360603701	0.939229498824692	0.9255988821716947	0.4840469511516331	0.9999575136988024	0.9504452336097909	0.48070097465253386	0.9999146174698702	0.956235101380295
cg27238079	10	32958345.0	-0.015746816537749883	0.024831451834989263	0.5261842428533303	0.02409184183299693	0.5135663883914715	0.02038236417477972	0.44275969995929143	-0.0008694861303328494	-0.027592281163925494	0.024950044585153958	0.2691387180366763	0.024460111019025146	0.2596736407516695	0.020827105326044003	0.19017069619882962	-0.0013810110460051339	-0.055268645377005314	0.017183985616372188	0.0013633196867588997	0.018207509136003323	0.0024979110024094366	0.016731035392472518	0.0016014573704287275	-0.0026022312189362255	-0.002641784972750177	0.0008208566634388053	0.001353818103374531	0.0008695809966978176	0.0024774824821237737	0.0007991649862875405	0.0015902702666043148	-0.00012432049865192333	0.9356089259118187	0.9496925071125613	0.9354470604756013	0.8968564348903098	0.9425105177901272	0.9308943954493689	0.4581928403860516	0.9999575136988024	0.9999560135595468	0.4563614402773356	0.9999146174698702	0.9999316749064227
cg22833065	17	39939438.0	-0.07947119616318685	0.022031420780880256	0.00033079242257939617	0.023497911220510898	0.0007580713391483161	0.024519253851012945	0.0019303436791275966	-0.007175887645086296	-0.06960488300691568	0.020235909252095924	0.0006159820386525591	0.021936032141628578	0.0015724029322131496	0.02325582150960633	0.003984343658235423	-0.006386495374012514	-0.06828851033148933	0.020602011014707957	0.0009687950025287377	0.022498568937609466	0.0024999400050490657	0.024540834391277317	0.007166443138279752	-0.006224291607994472	-0.003256671288845954	0.0009842626632927166	0.0009891274494996916	0.0010751810539539938	0.0025517966725093866	0.0011730453959137325	0.007292508146773165	-0.00029699603945372295	0.19825383084564904	0.32544512082765137	0.40909440076874654	0.47703705721750767	0.7631678370623926	0.8272637487752884	0.41574477347695715	0.9999575136988024	0.9999560135595468	0.4161341749377317	0.9999146174698702	0.9999316749064227
cg04563953	1	160343139.0	-0.110350266055638	0.04744723183793716	0.02030699584456261	0.047803654339465596	0.02125704005660059	0.04458623523985515	0.0161187039277333	-0.002736807987795625	-0.10112925113238977	0.04796623786479604	0.035346300871692146	0.047871723433975256	0.034986848771501745	0.045479036727580774	0.029885761085318586	-0.002528534202010631	-0.14555258446137928	0.04634144706086436	0.0017612554540548224	0.04795476679951524	0.002500203077459495	0.04380040846384863	0.0015086888597255017	-0.0034679033821150966	-0.00695618410777005	0.0022137909672730787	0.001753383968810068	0.0022899302669503077	0.002479672375243544	0.002091448107927831	0.0014953691368816311	-0.00016575879876128816	0.5685756224591105	0.6522133031755554	0.6034965137388267	0.7732991949922259	0.90366880157135	0.8869810588221004	0.4865256021887458	0.9999575136988024	0.9999560135595468	0.4838036966917831	0.9999146174698702	0.9999316749064227
cg18469550	19	17172800.0	0.04358441914841099	0.029344856434554156	0.13791253939366993	0.02962775092213745	0.14170676826341458	0.031104002787928898	0.16620725072511647	0.0009997798253995882	0.05573775917490581	0.029585066090525844	0.059969980324007	0.029772749144191826	0.061597018823744853	0.03161938430292904	0.08294801125582613	0.0012802805662765295	0.08790511263946008	0.02665697045929936	0.001028390417211655	0.02896392383890532	0.0025019970131696895	0.032892455405798875	0.009643862817016057	0.0021080299039072884	0.004201206823424241	0.0012734379810677187	0.0010231268276966103	0.001384252782925611	0.0025018873503453607	0.0015732164240109371	0.00969646259666564	0.00010075420429054096	0.7857544768426598	0.8393529666935398	0.8410481460462035	0.8013842051786663	0.9125651697517301	0.9063153572271708	0.4217793499349857	0.9999575136988024	0.9999560135595468	0.419550569113843	0.9999146174698702	0.9999316749064227
cg13434975	2	11482643.0	-0.06604187407126391	0.029296863863719703	0.02447945029473046	0.03145252134329672	0.03609744640085267	0.030256483429170852	0.032914574216948295	-0.007535302021235258	-0.07086211620852004	0.029103422066279167	0.015140318529135947	0.030495637345563195	0.02042016107455795	0.02979031035300887	0.02051990063016765	-0.008061006173515746	-0.09232378275695001	0.026121829572779323	0.0004379136651756833	0.03042012723367263	0.002502235543885462	0.02873090935927593	0.0020969401772951064	-0.009998017790981972	-0.004409112914650344	0.0012478952790892501	0.00043972795777489086	0.001453072149667126	0.0025072990275297026	0.0013736719171537912	0.002119921364422487	-0.0004776507209526148	0.5894976101286143	0.7116926514748747	0.6780406510467707	0.7246790927795996	0.8877445076641888	0.8669188620631881	0.3599193278402209	0.9999575136988024	0.9999560135595468	0.3596112357220312	0.9999146174698702	0.9999316749064227
cg15250507	1	200891237.0	-0.07274834790130551	0.03518355054751115	0.039024292498320005	0.037686334476060436	0.053951443367655394	0.04308877376503864	0.09645328697397264	-0.006901468759430612	-0.08910343877791299	0.029674201826917372	0.002768399565679439	0.03216883811161512	0.005752358262706182	0.037600046787793266	0.020977982890126867	-0.008506130704244445	-0.10012480737427314	0.029203810322087343	0.0006454792730684895	0.03299594591920272	0.0025063220613016166	0.038446394883822045	0.011548102854846951	-0.009261868313350704	-0.00478369710292876	0.0013955698938468981	0.0006471419233926401	0.0015771077975409084	0.0025165726425974196	0.0018372389738826136	0.011564085376567806	-0.0004428062872009065	0.6443815856387153	0.7511652426887371	0.7874490835731451	0.6028116505723614	0.8573191498176632	0.8695422809296399	0.38248488112349033	0.9999575136988024	0.9999560135595468	0.3821825933431912	0.9999146174698702	0.9999316749064227
cg06502281	19	18248695.0	-0.08673830654677553	0.030654051048667058	0.004789669527109385	0.032004970948510195	0.006884230273827988	0.036168181524126965	0.01955042617332781	-0.005724471880175969	-0.09384810714503664	0.0308011976293904	0.0023966688861504896	0.03223991296039749	0.003714847127351577	0.03706995419993801	0.01394513439825993	-0.006134297179114031	-0.09676660183044289	0.030208066054499546	0.0014251307509575426	0.03190071671917767	0.002515266288626937	0.034951829874851244	0.007446662234170629	-0.006145888563979527	-0.004631294530687336	0.0014430388141734914	0.0013958580562432202	0.0015250786857022337	0.002487549067799643	0.00166955412903419	0.0073379965682610635	-0.00029403534829362853	0.41765068924787946	0.5394244909762386	0.6211697227316004	0.5905702149428732	0.8276112937654644	0.8600750954995368	0.46191159640949875	0.9999575136988024	0.9999560135595468	0.46030610911732756	0.9999146174698702	0.9999316749064227
cg04484984	3	122947001.0	-0.06334986857377264	0.026623591492104307	0.0175956257933078	0.02599124685040653	0.015034580157896372	0.025790113885529074	0.016897024633770717	-0.004566962059010273	-0.07129246788259329	0.022960650485839482	0.0019774912609108676	0.022269893826528178	0.0014282374757317196	0.021387843259468468	0.0014626009579960483	-0.005238642255751686	-0.07096872048353958	0.02236598999610973	0.0015798418915374023	0.023397958974968772	0.0025173360700224173	0.024388702512704474	0.005039812292564434	-0.005263598747295217	-0.0033834396192272856	0.0010685381804736876	0.001615814051582644	0.0011171518915802222	0.0025544760653876818	0.0011652463733823873	0.005129212175543278	-0.00025114363870465563	0.5514147272161211	0.6150386831129335	0.6084537249650042	0.5702764657932831	0.7447012718268113	0.7395670397022769	0.4751063450090522	0.9999575136988024	0.9999560135595468	0.4767157866193713	0.9999146174698702	0.9999316749064227
cg24112733	7	38215977.0	-0.11496298278325084	0.030295037864650525	0.0001601128912704272	0.03083041834357621	0.0002073339049161627	0.027834161506634824	0.00011204925405916716	-0.004582525579713766	-0.07406624177411603	0.02698500969534874	0.00620722077475925	0.028540266391830344	0.009647539918701762	0.029592201599170493	0.015012507016459009	-0.002855883104155712	-0.08679491993322658	0.026553134779663135	0.0011375444919925215	0.028621715117431196	0.0025225295065634803	0.03086864324437318	0.006617666101341226	-0.0032010543248141513	-0.004151308510958952	0.0012684781218711939	0.0011220536472106417	0.0013677417549102194	0.002500616244365643	0.0014759482663199402	0.006601549673166117	-0.0001531011153795593	0.15352802120817619	0.21830294647543166	0.17786522825816417	0.6611320276552085	0.8712142145333529	0.8604657951705282	0.43601201420640545	0.9999575136988024	0.9999560135595468	0.43338582926453834	0.9999146174698702	0.9999316749064227
cg09895325	1	24641691.0	0.07245016961138306	0.033328825486133466	0.030043107474290273	0.03421093527664949	0.03453610739657956	0.028086433597626637	0.012318632523179548	0.007193749337564659	0.09503103903612918	0.031945076180593696	0.0030296176878048683	0.03368133948772186	0.004912044207297356	0.028543700078682975	0.0014804605082873589	0.009372257419011917	0.1041477752461368	0.032652135871662706	0.0014934297989284487	0.03435026594172944	0.0025270638906853366	0.028442137330762344	0.0005254623093153526	0.010156156344858972	0.004975721525607445	0.0015599071524240852	0.001492723378174411	0.0016435909365828418	0.002565182060448097	0.0013604103982589246	0.0005326066784016664	0.0004852062566922953	0.616454643653675	0.7067330216665928	0.5800557467908748	0.6062050790338824	0.8573191498176632	0.7395670397022769	0.465556222653425	0.9999575136988024	0.8252485923974272	0.46550774051430854	0.9999146174698702	0.8260158203197767
cg20938286	3	98523081.0	0.06876351549225224	0.020521892593115012	0.0008477167778794246	0.020209451693333703	0.000704278380054161	0.017051487444178323	0.0001557657121513146	0.003110062111427768	0.06748087117873412	0.020786117876380152	0.0012227019520114897	0.020490729592865076	0.0010388068007131405	0.016888310997878363	0.00017630304409829391	0.003121423860936736	0.05638330315963894	0.018588547094050892	0.002516413306419189	0.018597069330164907	0.0025278641897503807	0.017353226965644616	0.0018848467519837105	0.002618276666941182	0.0026904610452950966	0.0008880203653135361	0.002545330332347704	0.0008889467880036004	0.0025716851103999203	0.0008298022816535851	0.0019239151443877188	0.00012497694185625993	0.2653838673630063	0.32129484181532036	0.19340893331823797	0.5284679729626925	0.7152483846604266	0.49649630768414976	0.5300417799170425	0.9999575136988024	0.9999560135595468	0.5306547004741153	0.9999146174698702	0.9999316749064227
cg01791034	15	42036303.0	0.054559374575195656	0.023689575117962037	0.021555620488874817	0.02339209511900361	0.019953269975847333	0.021130578284043397	0.012239705490369072	0.0046640524107681505	0.0603411841674851	0.02370496040473064	0.011119258283957923	0.023129660751555085	0.009273967123121361	0.020788769857840405	0.005144174092711766	0.005163029751813277	0.06806351361822538	0.022495528895220027	0.0025794552111044976	0.02245076502510133	0.002529177546874385	0.02029471248995764	0.001374472694410016	0.0058167199898293016	0.003252139880691779	0.0010746295923909405	0.0025740542430220744	0.0010725367040703827	0.0025249236298981533	0.0009703439630867929	0.0013838086409277317	0.00027785685888159106	0.5752850747246137	0.6460361926598472	0.5786159426084168	0.7059120886502575	0.8712142145333529	0.8326897594526024	0.5334268972442747	0.9999575136988024	0.9999560135595468	0.5306547004741153	0.9999146174698702	0.9999316749064227
cg17692230	4	102439421.0	-0.13121388309409382	0.04091810862521525	0.0014014180041026349	0.04103696292146762	0.0014466816367631247	0.038173251857737754	0.0010637088322486762	-0.021123278806979045	-0.061473492080958966	0.025784516148578247	0.017377888326783605	0.025761393268318476	0.01727789900134511	0.02822237562928664	0.03326768129456471	-0.009858592410944672	-0.07393033999710148	0.023532492287930983	0.001756786672906562	0.02438688989410589	0.0025301540398224936	0.026401972382600742	0.006830994322782092	-0.011886536649607999	-0.0035374820981469188	0.001124207744248251	0.0017273779855213095	0.0011636550089436674	0.00246150482115859	0.001259951683168741	0.00669288030646445	-0.000568836564494774	0.30581269189460975	0.38311237122888775	0.35296723644473205	0.7303097803895069	0.885369858622306	0.8869810588221004	0.4865256021887458	0.9999575136988024	0.9999560135595468	0.4820899876171286	0.9999146174698702	0.9999316749064227
cg11311053	12	124427503.0	-0.08172240831059163	0.020572908953193116	7.827913213806588e-05	0.020853616310289324	9.739148060423991e-05	0.021014474089946514	0.0002513513447242825	-0.009415063584848022	-0.05342913310953787	0.017350479951669155	0.0021530071591992456	0.018303125556521072	0.003619672990447944	0.017650674283005405	0.00361480501041041	-0.006211985102809528	-0.05355387831217299	0.016345022015810624	0.00110732580018663	0.017667680328495874	0.002533321389919595	0.01847437846309393	0.0051986832675920604	-0.006177549112248867	-0.0025624229399415447	0.000780822576523711	0.001087315117259187	0.0008443980297658881	0.002505035137630344	0.0008842532755126718	0.00521296328256005	-0.0002956769468956962	0.11236192178809476	0.1729053319887107	0.23476055194491938	0.5751316822438832	0.8276112937654644	0.8250227633225801	0.429747516181155	0.9999575136988024	0.9999560135595468	0.42781943175309267	0.9999146174698702	0.9999316749064227
cg09044186	11	116790672.0	0.1731946564813499	0.0488161262875883	0.00041332619756761265	0.05145544154865237	0.000803108003065426	0.057505719842976366	0.003776306245929294	0.010788673844928095	0.14610174000243822	0.046481207595124294	0.0017394343961125351	0.04910113241366649	0.0030227868916363784	0.05241834860570304	0.007077450518677651	0.009698718323032946	0.16208954373914275	0.048023610088484214	0.0007817078513056834	0.05347561159323805	0.002534023207489512	0.05692117207391556	0.00599469261942593	0.010042239761099697	0.007736228046561331	0.0022944344163166653	0.0007914456456140835	0.002556490992553685	0.002575541641991107	0.0027245824185343132	0.006132098702342832	0.000479151738571747	0.21231905866752657	0.3265997606490867	0.4701374107852093	0.5635837878802016	0.8259355573115673	0.8424523148494593	0.40104188742087254	0.9999575136988024	0.9999560135595468	0.4010763197351859	0.9999146174698702	0.9999316749064227
cg22603982	19	48589109.0	0.11141569992323613	0.033736258043008845	0.0010050936299196556	0.03084569108293848	0.0003247619538665018	0.02035689026342908	8.788934427464024e-07	0.0069231574340074585	0.11549593795996105	0.033944709519332976	0.0007047146614063457	0.03114629804239095	0.0002248079796000203	0.02120346474417192	9.69989189276771e-07	0.007280312172266249	0.09336143111018895	0.031078541294851325	0.002767061054136547	0.03080844543891218	0.002539891222418182	0.02521775031002129	0.00046154268121020376	0.006163525916972229	0.004453891958526742	0.0014846966744449287	0.00280479431311021	0.0014719015541490032	0.002576951142314297	0.0012034840566002537	0.0004635931676765381	0.0002939622014894423	0.2789590896603866	0.24571610835877422	0.023717408295681135	0.4922296646046067	0.5702761030898944	0.043422273424167754	0.5338891780049213	0.9999575136988024	0.8106217262010138	0.532867178599784	0.9999146174698702	0.8123577194442084
cg04609635	2	24175826.0	0.04273115606909218	0.02277695325985525	0.06104723821107758	0.022814683176476596	0.0614750847546545	0.021191198152445	0.048160905180543334	0.0019903064092622637	0.05178899336016207	0.022954443023485475	0.024359559664059335	0.02342261173705707	0.02734461639385386	0.021419160280639116	0.01861326176720806	0.002449429287515208	0.06776696783815947	0.02108502271291444	0.0013741213400503365	0.02236403514774688	0.0025416173356343323	0.020433956279353904	0.001539600812390853	0.003050539010789872	0.003241403120732873	0.0010072315912235611	0.0013547281742383817	0.0010685762606476084	0.0025151242601418023	0.0009760851359642397	0.001519087418658387	0.0001459334084972562	0.6941064639980511	0.7634555204099931	0.7194067004707112	0.7529563702329494	0.8999932531887502	0.8624520559145407	0.4585498420359401	0.9999575136988024	0.9999560135595468	0.4563614402773356	0.9999146174698702	0.9999316749064227
cg20508508	17	50396396.0	-0.11172592143284497	0.029526724999790657	0.000167142764845796	0.03009124144840121	0.00022061269698933105	0.02813020440786786	0.00019098280645259556	-0.01092074555865684	-0.05394090444734735	0.02220852686073965	0.015391083147320357	0.022279707837292124	0.015720807093879772	0.022804467334639734	0.021207288218014694	-0.005307360415684722	-0.0656151586114742	0.021024821771112846	0.0018836268454727604	0.021655613446360748	0.002543597402804427	0.022877127639766112	0.005662729865980763	-0.0064042078732631106	-0.0031328534456733126	0.00100485620549543	0.001903437512212702	0.001036058697363954	0.0025948682109412013	0.0010956261416575253	0.005801797599598668	-0.00030561933939150267	0.15501414143536985	0.22158875763134586	0.20837356696577086	0.7252259995758503	0.8831375140686103	0.8707662023137236	0.4942995158866696	0.9999575136988024	0.9999560135595468	0.4945263687407509	0.9999146174698702	0.9999316749064227
cg21173239	12	96193165.0	-0.051726784737576983	0.021201450679028414	0.014935010315661506	0.021317305250951858	0.015487387930807006	0.02404687541949156	0.03543958343992647	-0.00368043607388438	-0.06786839068806465	0.020720196070462507	0.0011053764531142453	0.021382756909265492	0.0015676400721096552	0.025122177484917036	0.008924297852833794	-0.005238386238960547	-0.07055130232142548	0.020413469568286383	0.0005838796443528654	0.023286773962461	0.002545798373068998	0.02470407707025237	0.005859388031625592	-0.0054381069181944335	-0.0033671902381618365	0.0009752165551411813	0.0005910522663719559	0.0011128818204556913	0.0025794288903976223	0.0011807065132401317	0.005924910031682881	-0.0002595375931486143	0.5324037685941343	0.6184062871771144	0.6849675022587397	0.5232338900454596	0.7625502990048147	0.8467010775793248	0.36986309823868946	0.9999575136988024	0.9999560135595468	0.3694248447779572	0.9999146174698702	0.9999316749064227
cg01487195	10	86769816.0	-0.05939250779086129	0.016537814654014896	0.00035121386091468087	0.017272117626091626	0.0006180707191588231	0.01785497657543172	0.0014936894112739666	-0.003986441742285053	-0.04860131014517482	0.01648558011704602	0.0033006880564764593	0.01737395779455495	0.005289693750517251	0.01766620007935545	0.0078086087352209075	-0.003301196696908505	-0.052170001259149196	0.01533623257604719	0.0007108058062807106	0.017221882879321915	0.0025490165088785386	0.01813684415205618	0.005533329665323488	-0.0035169757086494866	-0.0024898083662990575	0.0007326471233035883	0.0007194763893054046	0.0008226135264348405	0.0025705671540187766	0.0008657715183581096	0.005543183422949637	-0.00016787780442181028	0.2004858359299932	0.31146050002482073	0.380743124032563	0.611879525697571	0.8573191498176632	0.8467010775793248	0.39079359721882073	0.9999575136988024	0.9999560135595468	0.39427657462521937	0.9999146174698702	0.9999316749064227
cg05242523	19	51085493.0	-0.07077434541232291	0.02294211652141248	0.0021135242510734752	0.021573617738294273	0.0010854263738292074	0.025183183928622052	0.006642592701567715	-0.005398750237781417	-0.06597477110296977	0.022937158181164423	0.004142249524677776	0.021751797691934145	0.0025077759726064757	0.024865767994736835	0.010150165162846133	-0.005063161204976938	-0.07089240886057681	0.02281085217220136	0.0019672243757651213	0.023404482140359506	0.002551310335708786	0.02564711963051422	0.007536767338860465	-0.005616332857556267	-0.003394131581331154	0.0010897010716694998	0.0019224601483448728	0.0011182298753855287	0.0024996636227208086	0.0012242894443178834	0.007370903815386432	-0.00026888183526305827	0.3380408927199069	0.3553041666214495	0.5185416633414069	0.6357824854112676	0.8158429117012842	0.8492473102059188	0.49865550280793763	0.9999575136988024	0.9999560135595468	0.4945263687407509	0.9999146174698702	0.9999316749064227
cg08670530	4	7041167.0	-0.10171981979980932	0.027322959719645473	0.00021223985218769473	0.028605779396765806	0.0004011290577534173	0.03057749417451511	0.0014926036887309947	-0.004970361274847353	-0.10011546483788539	0.027262513018824788	0.00025820078479357885	0.02863231148163296	0.0005001527160234289	0.03156783468582043	0.0023743582640297595	-0.0050229395977171905	-0.08677949487453027	0.027147716311859818	0.001458459445853109	0.02865159444024549	0.0025531907623890437	0.03070952080237089	0.006366528426275498	-0.004443087126635896	-0.004159231028279422	0.0012968235391942007	0.0014062091175977255	0.0013691174285540028	0.0024783374884341414	0.0014683433536469904	0.006248583374683871	-0.00021294832622069837	0.16944986999623599	0.2682107971815865	0.3807402502006251	0.37595427435647205	0.6794304623686471	0.800146813440339	0.4628183377493848	0.9999575136988024	0.9999560135595468	0.46109765406513287	0.9999146174698702	0.9999316749064227
cg24574692	2	240987191.0	-0.042865904580126075	0.014361685529163332	0.002933639479817299	0.014530306257218227	0.003279010792092821	0.014110216827257173	0.0035033049362755645	-0.007327208143572483	-0.02511522212761129	0.00836604312991652	0.00277452168655509	0.008486419615072951	0.0031829288401001975	0.007517206543146531	0.001428730498977764	-0.0042873402944098495	-0.025241065979475584	0.007580974501751779	0.0009193282266722877	0.008333730279363778	0.0025531948927605985	0.0076358231838035305	0.0015906063173794442	-0.004293375302152102	-0.0012056095133036004	0.00036218150756603694	0.0009218753610021997	0.0003982856011886932	0.0025681152391936178	0.00036521454621579844	0.0016124290718168858	-0.00020507308364015072	0.36979559934820483	0.462872627794097	0.4634091159337289	0.6028116505723614	0.8276112937654644	0.7395670397022769	0.4134612970550654	0.9999575136988024	0.9999560135595468	0.4119623078798552	0.9999146174698702	0.9999316749064227
cg02304370	11	587926.0	-0.06372474195900668	0.01925327687032164	0.000979758065447329	0.020790209943337818	0.002256472462515788	0.020531634303875987	0.002895666893128588	-0.010930535661340574	-0.04423574968148168	0.018128689392264398	0.014923531031867998	0.019527730063865132	0.023791886372201147	0.019899898822179796	0.02993772935215497	-0.0075945751835070855	-0.06323204317960462	0.018003082899645577	0.00047518175134604596	0.02088374753276112	0.002561308748162277	0.022398757957011566	0.0064158354059655675	-0.0108395722269956	-0.0030180533412717202	0.0008600227014862862	0.00048050413482707033	0.0009981276030121672	0.0025957439526911657	0.0010696961808229766	0.006444220372957944	-0.0005173676083980234	0.27560070118552205	0.4208566143304484	0.44412550345885204	0.7233207015137245	0.8976137361183888	0.8869810588221004	0.36311468581727885	0.9999575136988024	0.9999560135595468	0.3611066915644718	0.9999146174698702	0.9999316749064227
cg23210521	4	94759263.0	0.08265935305032857	0.029364189500644764	0.00501050129554144	0.032161353843809415	0.010364171469854522	0.03314902201841517	0.015374359593704479	0.007917026199235549	0.08942813538273134	0.029289881056708662	0.0023474673845438683	0.032317888205707974	0.005800191370206783	0.03314867701086377	0.009014250059377567	0.00853393817230111	0.10572657576828481	0.0297655110360195	0.0004101214360089078	0.03491902024298864	0.0025616969553171358	0.03320274182000207	0.0022860457728063025	0.009996277537435191	0.005058069807562357	0.0014220283112842383	0.00040260824492118847	0.0016677389248503805	0.0025191886825012555	0.0015882673675270585	0.00228351983057953	0.000478135247256777	0.42237742649388216	0.5769792345021204	0.5983307714816161	0.5905702149428732	0.8573191498176632	0.8467010775793248	0.3562450326866818	0.9999575136988024	0.9999560135595468	0.35505222920246937	0.9999146174698702	0.9999316749064227
cg20612002	15	48178059.0	-0.034631702056565655	0.016741060686568072	0.03893117543981675	0.017880204517248754	0.0531489485424351	0.016082717731230788	0.03525322472996651	-0.002495359846479575	-0.04205505537937535	0.016743518576648787	0.012232128421683442	0.018142123914418145	0.02072382758218978	0.015144318680925894	0.007278625868696506	-0.002884960385053489	-0.05195537179083552	0.015600700560704742	0.0009167513479133352	0.017160067737851024	0.0025623179229753972	0.017078905600340828	0.003461766632200131	-0.0034533287061616793	-0.0024804662734132584	0.0007452465007719787	0.0009230483611650983	0.0008198087472929329	0.00257930159355974	0.0008162917330627327	0.0034955840190555604	-0.0001648459170729126	0.6438945366135612	0.7494462171637122	0.6844079647899297	0.7120654096287651	0.8887080694557365	0.843642490346456	0.4134612970550654	0.9999575136988024	0.9999560135595468	0.4119623078798552	0.9999146174698702	0.9999316749064227
cg09054528	16	88755134.0	-0.0934770150793245	0.023417033942506344	7.223691078558504e-05	0.024166451307648742	0.00011957872797612632	0.023922764875671302	0.0002363947338762537	-0.0095483779733617	-0.08553408492034015	0.02334097834744459	0.00026597624393828896	0.024238537548493706	0.0004438924739163317	0.02305968701850709	0.00045121584200911676	-0.008763899186002268	-0.07144782226179672	0.021460458874380337	0.000920141175984671	0.023609867961172443	0.0025749307276135666	0.02253822117669715	0.0023839402063089757	-0.007397638525287752	-0.003416427294829793	0.0010251560644993713	0.0009094333175260135	0.0011281335327020013	0.0025564837939256466	0.001077181864395873	0.0023729890156190046	-0.0003537109922886349	0.10826421933533818	0.18458169647746428	0.22946899175691032	0.38178248918465396	0.6778045318043078	0.6186065970840329	0.4134612970550654	0.9999575136988024	0.9999560135595468	0.41183476495251586	0.9999146174698702	0.9999316749064227
cg25744767	7	80134862.0	-0.09726138159750738	0.0532755266466341	0.06831728898543224	0.05370506829636799	0.07055028405733556	0.06349147742704377	0.13072197301898425	-0.009328561913174549	-0.12331676970440747	0.044749915217826515	0.0060049845174561176	0.04676669733608791	0.00854841981907486	0.055229775617508865	0.029242953059651987	-0.012303561854118938	-0.15001275268234843	0.04416599048503397	0.0007241567055746423	0.04958068626695048	0.0025796022594569124	0.05996729019496292	0.015063274591578309	-0.01473706412633565	-0.007144425618888992	0.002111926728117455	0.0007605186731812044	0.002370540363328478	0.002680524078582303	0.002868607109794758	0.01549288775586636	-0.0007029474843639159	0.7067643702291845	0.7773751775617377	0.8176127582724028	0.6596860479430592	0.8712142145333529	0.8860241081222442	0.39079359721882073	0.9999575136988024	0.9999560135595468	0.39478197229730244	0.9999146174698702	0.9999316749064227
cg10942056	1	222928506.0	0.02749025226297859	0.021601786579541066	0.20357096198172664	0.023037514833043112	0.23314928017173642	0.024758715288714497	0.2712161739529467	0.0016280180034425884	0.04598228204701179	0.020213052305946753	0.02320631478101077	0.021581126765138063	0.03345451781337581	0.0210176458280987	0.0325259501743164	0.0026401377404489945	0.06480618055874188	0.01917128696626752	0.0007673964264085125	0.021420161084865746	0.002580888729581111	0.020330087337038484	0.0022629988864576967	0.0036509424616474537	0.003102709082865632	0.00091579930067769	0.0007468020079829061	0.0010228916123297682	0.0025160475418688527	0.0009710356375564869	0.0022129093045602857	0.00017464727800109762	0.829691971632652	0.8837296103734629	0.8907583218321339	0.7505529112644691	0.90366880157135	0.8869810588221004	0.3965789680200669	0.9999575136988024	0.9999560135595468	0.3944408172847537	0.9999146174698702	0.9999316749064227
cg24862443	7	128256806.0	-0.06679649649147043	0.020732686350689283	0.001330827451663924	0.02087780242090281	0.0014370841071221602	0.023547399555771644	0.0061785978943019425	-0.002643907723594279	-0.06666110574354162	0.0206748883629438	0.001320015224113265	0.02086165309852596	0.001457360494817416	0.022928641702713293	0.005076282509566448	-0.0026251102863326633	-0.05973900865066123	0.019114483494400147	0.0018555694989321162	0.01974563298604288	0.002581283993894885	0.019976218404044233	0.004012869743470846	-0.0023539198333000153	-0.002853016450378289	0.0009131842339672286	0.0018622677038716757	0.0009435675989740101	0.0025963086699355826	0.0009540543519731544	0.004013938878602113	-0.00011248792403748269	0.3024725822084365	0.38311237122888775	0.5133804060571965	0.5343197224622397	0.7501632442810329	0.8326897594526024	0.4942995158866696	0.9999575136988024	0.9999560135595468	0.49368776565271333	0.9999146174698702	0.9999316749064227
cg19717347	12	128820411.0	-0.09143466621785636	0.031120561326901823	0.0034073301301162065	0.030892494435681307	0.0031790713179022712	0.03151861379019052	0.005167437261058717	-0.015509596042748496	-0.034567430338283786	0.011807219438868127	0.0035230415356580004	0.011786536587271556	0.003465956334936003	0.009180177294025227	0.00037631416109773193	-0.0058854825884038535	-0.03695057217961473	0.01154865165238258	0.001443649708478198	0.012214931952853602	0.002584617492884848	0.009282187054273881	0.00018530011083590903	-0.006282614463065353	-0.001765344028765976	0.0005517030440071782	0.0014424122559964553	0.0005837600723519016	0.002592558440054476	0.0004429950262418047	0.00018271253996839679	-0.0003001768709722417	0.38622784631690404	0.45827422552508373	0.49595177822136016	0.620769088757991	0.8276112937654644	0.6089818891669874	0.4628183377493848	0.9999575136988024	0.7109706694167777	0.4630165528446443	0.9999146174698702	0.709899985717773
cg20509869	2	219510883.0	0.1445827297141936	0.044106615253933334	0.001095205276328502	0.048450428317958656	0.0029393581749819413	0.053547345833184205	0.008958834108309496	0.023105297400495654	0.16082501407338212	0.04391421724578494	0.00026832361486149527	0.04874336888600401	0.0010165230755560144	0.05286177864958192	0.0034588769414773328	0.025699900871365484	0.16035173942774514	0.045585990890759376	0.00046600875086226545	0.05301434880948507	0.002587545473589082	0.05799945417654276	0.007525219523232602	0.025628289194881523	0.007666377290132479	0.0021778041386615503	0.0004614363190839842	0.0025342229889884454	0.0025837229079290107	0.002774703723164125	0.0075612506477040955	0.001225570711227288	0.2887402693184913	0.4493114153448494	0.5439232490098175	0.3837909462702496	0.7152483846604266	0.8237939144125507	0.36311468581727885	0.9999575136988024	0.9999560135595468	0.3611066915644718	0.9999146174698702	0.9999316749064227
cg16477611	16	50862163.0	-0.06714217129194325	0.029196707664322755	0.021751430595025517	0.030587504856035837	0.028473819218359137	0.03158582507518463	0.03758453716847884	-0.005079822537551661	-0.07666990304724769	0.025055215741006907	0.0022952794131977533	0.026254992196483473	0.0036073383379394623	0.026720032280618308	0.005643500757950442	-0.005957136301658007	-0.08182703654488882	0.024801690813271694	0.0010226022996846344	0.02705370454072017	0.0025881425236358104	0.026850511028780052	0.003408087600499793	-0.00635319191875788	-0.0039069960229104785	0.0011850579142070627	0.0010311263836844519	0.0012924134215398645	0.0026015990853294276	0.001282493892977926	0.003418895265396167	-0.0003034817225400774	0.5768941374647468	0.6856373281542908	0.6920926989658981	0.5876597638914777	0.8276112937654644	0.8326897594526024	0.4210905663003513	0.9999575136988024	0.9999560135595468	0.41955416498280984	0.9999146174698702	0.9999316749064227
cg20383299	3	115785117.0	-0.06535212278481074	0.032414356745753846	0.04415291406853908	0.030274511508196867	0.03120470969411407	0.03054650408169919	0.03641075287786603	-0.0031348832675922025	-0.0738480247141941	0.031459050237791775	0.019173131827191506	0.029706091890182296	0.013146153702878827	0.026804972851619112	0.007726024008691171	-0.0035173685373445854	-0.07639919494520336	0.024402461752546345	0.0018218548849523327	0.02526143564270211	0.0025904537342913525	0.025741725821964923	0.004279139189908896	-0.0036237654032038906	-0.003660497876248293	0.0011657056364239864	0.0017655027045986175	0.001207012779439188	0.002520824829277268	0.0012315030386778935	0.004225195354043603	-0.000173597022027403	0.6590099194471037	0.6947487884644868	0.6891253270770241	0.735685536395481	0.8751202813279523	0.8467010775793248	0.49195490987553275	0.9999575136988024	0.9999560135595468	0.485163259521753	0.9999146174698702	0.9999316749064227
cg08036333	12	115945181.0	-0.10109243943477735	0.0339451054273339	0.0029970090597519995	0.03365431682941633	0.002757681159485331	0.02922688697531752	0.0009950819837329376	-0.003560063571716461	-0.10958658604759025	0.033351093155349856	0.0010660365347276847	0.0326679980658947	0.0008365820321145386	0.03004726384885715	0.000550536391710071	-0.003917332956614969	-0.09875357685391635	0.031243831316233803	0.0016471627171860588	0.03265338723805253	0.0025908157724246587	0.028669568095480526	0.0010402473645024083	-0.003508134275381665	-0.004723048667397613	0.0014925561841058995	0.001626878138461194	0.0015589909407013115	0.0025467768398790766	0.0013696364982079198	0.0010279284307066125	-0.00016781889324077662	0.3728144800963717	0.4449376366973471	0.3450701054962304	0.5232338900454596	0.7095480377215632	0.6398553132680356	0.47953468565377605	0.9999575136988024	0.9569851361779199	0.47823719209930093	0.9999146174698702	0.956235101380295
cg19466590	7	148698961.0	0.14991288510081086	0.06039730833704468	0.013285996357349568	0.06075371357880317	0.013833996342981427	0.05767259688084608	0.01169698347870529	0.001954055233043112	0.15567132123086758	0.06079063010497369	0.010646581017713281	0.06145973647323429	0.011523581516331862	0.05901299209411603	0.010570014114389532	0.0021712052861320597	0.15100966936958127	0.046234503290945486	0.001147699121744446	0.04993596380637508	0.002592772923599367	0.05063538890493906	0.004107806530770853	0.0019370315847694285	0.0072037029575082925	0.002208734661387533	0.001166606808428872	0.0023861234274751876	0.002635918851500411	0.0024200956532903417	0.004174646007726591	9.243754887290182e-05	0.5196048230008125	0.6085744242451508	0.5743255778094085	0.7020621772899013	0.8712142145333529	0.8500055558327552	0.43785965466265986	0.9999575136988024	0.9999560135595468	0.4424630251320597	0.9999146174698702	0.9999316749064227
cg18693051	19	1161801.0	-0.11033271277637438	0.027031444358440897	4.968878333136902e-05	0.026535081066685708	3.594665696966386e-05	0.028407028875740432	0.00025541748670518334	-0.009616619555165115	-0.0823833343653614	0.024292680824502984	0.0007336516842210494	0.02385047150177857	0.0005843328989256726	0.024119148619098155	0.0011370990052082912	-0.007172712007714866	-0.07651510945677407	0.024089490361315975	0.001562668483194303	0.02530457271922728	0.0025953111334465454	0.025356224896989313	0.0037138367155814564	-0.006795265582715083	-0.0036740939360187393	0.0011507510960910422	0.001477421962715403	0.0012085751578117653	0.0024611334894112844	0.0012110774275600328	0.0035458085505167803	-0.00032635760784638097	0.09427783970696695	0.11032699765940257	0.2360471610068133	0.4925946839903084	0.6875814646099725	0.7168996195162033	0.47345930885691584	0.9999575136988024	0.9999560135595468	0.4653748144764151	0.9999146174698702	0.9999316749064227
cg16431787	6	1081985.0	-0.11615786531615349	0.02795972457378103	3.649184260944538e-05	0.02983811654157153	0.00010817390060585889	0.03220526320554931	0.0006258838867689312	-0.013311642854147484	-0.09918058603519211	0.027633017308335575	0.00035417591302930773	0.030583849741015492	0.0012377378217986327	0.03225719376351852	0.003150686342987183	-0.01136913860526621	-0.09421902458943508	0.02702873365151859	0.0005236790445755414	0.03116206685582926	0.0025974225108625995	0.036790455244446386	0.012927979026990177	-0.010960693410617287	-0.0045015864167843285	0.0012925252587488222	0.000529665797719632	0.0014915263680430814	0.002643574624396994	0.0017587258920895878	0.01297469178572189	-0.0005240444371580361	0.08374959079305361	0.17799575613390806	0.3021890920052132	0.41675694361552984	0.7261035430504271	0.8190901369798509	0.36674113269969094	0.9999575136988024	0.9999560135595468	0.36614582086141695	0.9999146174698702	0.9999316749064227
cg17822955	1	209354146.0	0.06164924083589953	0.023122577360180505	0.007842526656777662	0.023841196965780506	0.009908479293937877	0.02075081674353725	0.004242644029368529	0.009664963062352235	0.06931825257490953	0.02307745345556105	0.002759449931345762	0.023268697517039763	0.0029888196757199754	0.020213004004867	0.0010900825112309966	0.010871372388265646	0.07349476209632057	0.022832940999470697	0.0013516028775930904	0.024308479472876246	0.0025982330257649957	0.021507350858800626	0.0011318235450961326	0.011480228134775852	0.003516344317214743	0.001090737168783565	0.001328505199280614	0.0011617795542730126	0.002570707986003391	0.0010283864349690795	0.0011245634679932102	0.000549253132231997	0.46956788256406046	0.5729583549949374	0.47975192293621133	0.6028116505723614	0.8259355573115673	0.7084109771350625	0.4581928403860516	0.9999575136988024	0.9810341114660555	0.4563614402773356	0.9999146174698702	0.9831623634226687
cg22649991	20	50930706.0	0.07836124784173187	0.02883378067521029	0.006730926287750967	0.02767573906750924	0.004762816624263886	0.02577775293128862	0.003483753368057698	0.0035166330975820084	0.08998972862832369	0.02877180957239893	0.0018327411258019562	0.027548689333481355	0.0011401871725087915	0.024465751976056303	0.000498521916248181	0.0041503470429437896	0.08035024715627426	0.02680434245639211	0.002824915678685133	0.026577919088663658	0.0026001402815673913	0.022072283867414968	0.0005626296885330763	0.0035531310322582206	0.0038328019070199147	0.0012804595490075316	0.0028649857120735507	0.0012698017943637188	0.0026408393675830194	0.0010529546909455773	0.0005631295000621705	0.000169490647998259	0.45060531998757425	0.49834406922935054	0.4629969143634015	0.5702764657932831	0.7227754555524275	0.6296308622207254	0.5338891780049213	0.9999575136988024	0.8360103326260463	0.532867178599784	0.9999146174698702	0.8371657000803727
cg21045915	14	98163037.0	-0.12577549408018465	0.03278004361178173	0.00013542838020435099	0.034493381238761105	0.0002850036402319065	0.03438978413924778	0.000532886684247199	-0.006155499061310691	-0.13276156548431256	0.03277335080118076	5.656430051742022e-05	0.035017132138753085	0.00016239704583459203	0.03465902446581024	0.00030444901304870826	-0.006464252161559421	-0.11835869573346451	0.03254733385716443	0.0002983420644720436	0.03915087055537307	0.0026005822758197517	0.03513943013827798	0.001315008435616753	-0.005816224522219412	-0.005662032714558241	0.0015549050358393704	0.0002928420198328529	0.0018707603737442271	0.002571494070612438	0.0016781104820596617	0.0012919404810156543	-0.00027803896695277	0.14696811266557053	0.24102550217993432	0.2918856166571501	0.25960984175282353	0.5556138735200101	0.5913209338733587	0.32489285517089417	0.9999575136988024	0.9999560135595468	0.3221126937880481	0.9999146174698702	0.9999316749064227
cg12656815	1	156659208.0	-0.06068086677536458	0.015062561938080666	6.203485794894334e-05	0.015372427958232964	8.670595929110763e-05	0.016299263904316075	0.0004317771327040439	-0.010417066597798303	-0.042662882737376444	0.01259615983903579	0.0007450804767498815	0.012962505598927658	0.001046059354565218	0.013556424393118348	0.0025510014019334364	-0.007357088712162474	-0.04308884093309765	0.013018126217925363	0.0009850747197227615	0.01425303339838187	0.00260065530176037	0.014752013906005255	0.004886895720223652	-0.007441420059397935	-0.002059618445044471	0.0006220299855024414	0.0009808862482514596	0.0006814983316325306	0.0026086590489131415	0.0007058052571051796	0.0049250312448401124	-0.0003556942955901287	0.10349450607696001	0.16462338048261843	0.2783058011263392	0.4925946839903084	0.7152483846604266	0.8100358529526835	0.41614877609678635	0.9999575136988024	0.9999560135595468	0.4161341749377317	0.9999146174698702	0.9999316749064227
cg11691429	2	951948.0	0.09823339547877245	0.03696208825518313	0.008041381473239217	0.037777763296954175	0.009504026765384015	0.033545007504374724	0.004784534667237961	0.016861101372387534	0.10094414866691886	0.03706015168490278	0.00661014708689112	0.038857952547250274	0.00957481757582645	0.0346314451759361	0.004970867160072682	0.017295771535270007	0.12247779622005392	0.03804594313576234	0.0013497313137375323	0.04051801219965405	0.0026035039141015376	0.03515972714323448	0.0009219578652532461	0.020989688435892502	0.005832296361066091	0.0018176730884981683	0.001399413578790699	0.0019373140789145536	0.0027096938037828567	0.0016812423552590885	0.0009642333467017812	0.00099955597850475	0.4705780181172665	0.5701718716654176	0.48941012485003255	0.6647045328889729	0.8712142145333529	0.8326897594526024	0.4581928403860516	0.9999575136988024	0.9504452336097909	0.46039597492220247	0.9999146174698702	0.9514528791080519
cg13397359	6	42960737.0	-0.1610140551625428	0.05373283903878607	0.0028235564118936	0.05480270991160363	0.0034074556358570907	0.06146930141533616	0.011097872516708027	-0.010342119012102469	-0.16806847477065795	0.048858312964857244	0.0006154360217160499	0.05031886452448279	0.0008807520224486014	0.058773405943409573	0.005798861953953175	-0.01104989512042847	-0.16531012525743066	0.049956648381850786	0.000987983620431223	0.054690324614943	0.002604701236488063	0.06372503055205492	0.011859061901416857	-0.010400471716694568	-0.007911320197713973	0.0023858402790815606	0.0009643941022102881	0.0026119829471264416	0.0025525922499293075	0.0030452373308156953	0.011741316625162741	-0.0004975315450444444	0.365386072594478	0.46707933978300353	0.5693208605109467	0.47703705721750767	0.7132152365915807	0.8326897594526024	0.41614877609678635	0.9999575136988024	0.9999560135595468	0.4146686213314109	0.9999146174698702	0.9999316749064227
cg16832267	2	17878835.0	-0.09253232550031036	0.03943993816664314	0.019236487431160094	0.04301028309394813	0.03177433938364652	0.04826463432607166	0.05990068223455515	-0.005816680317838505	-0.10931402996891249	0.03649737678655216	0.002837472851976523	0.039854750563140515	0.006243008633573779	0.04120207300837099	0.010153317122740552	-0.0070265882661213535	-0.12489348343112355	0.03526448809586619	0.00042624816111729046	0.04132113392481251	0.0026059655973640463	0.04141262285291738	0.003732771866641926	-0.007713081054844136	-0.0059639388946923985	0.0016851406991552624	0.00043020793098433297	0.0019747028834580945	0.002625884753907109	0.0019776645005945745	0.0037347378626556202	-0.0003687657859308834	0.5623860288466939	0.6972531717994924	0.7399746520586806	0.603724561848377	0.8573191498176632	0.8492473102059188	0.3599193278402209	0.9999575136988024	0.9999560135595468	0.3596112357220312	0.9999146174698702	0.9999316749064227
cg04410448	6	143902477.0	-0.038270665712595714	0.03182718642742485	0.22958099906470764	0.031435721866161566	0.22383827127323	0.03371974844158313	0.26083093553414627	-0.0029393970873361833	-0.06453547876498189	0.02530887824863982	0.010980989970298501	0.02516950442750652	0.010548126390542811	0.022095993658273454	0.00488952844255198	-0.00600700278437801	-0.07910494953630115	0.025516731923302668	0.0020184225700518774	0.026172331204878815	0.0026063376730021473	0.02515324215613766	0.0025670778962504277	-0.007778293338219622	-0.003776518424282243	0.0012194786890017378	0.0020406262388420952	0.0012496903680170657	0.0026105984431789727	0.001200293826375141	0.0025564898334778634	-0.000371233006031066	0.8448018380725048	0.8805563570446513	0.8865822124912037	0.7038814196185131	0.8712142145333529	0.8326897594526024	0.5012411921308645	0.9999575136988024	0.9999560135595468	0.5029338501228287	0.9999146174698702	0.9999316749064227
cg00891995	1	153140786.0	-0.10032861733457045	0.029217007586991712	0.0006287646850810007	0.0322825305242934	0.0019582878531915373	0.029888305917209514	0.0013618470285653326	-0.01529346749770617	-0.09828580369693604	0.029340900123457987	0.0008508831806504865	0.03246763731597147	0.0025564369240906174	0.030685141162517457	0.0021624182673438495	-0.014895197250427672	-0.10438993361620323	0.02929226217906738	0.00039251675736186835	0.03455018480462462	0.0026153906217425077	0.03273875066219157	0.002257140180633739	-0.015778358905176197	-0.004982021329055384	0.0014000467374886306	0.000400319399767782	0.001652536040041719	0.0026723927563970834	0.0015684283155192424	0.0023395579324913124	-0.000752880468397318	0.23939064166635154	0.40581728119071375	0.3744277580478393	0.4995320990494329	0.8177695823135754	0.7907047457183789	0.35151351901594946	0.9999575136988024	0.9999560135595468	0.3547028345597695	0.9999146174698702	0.9999316749064227
cg12402800	5	56909090.0	0.14164144381212296	0.04846314746065593	0.0035785425118166642	0.0491009940569474	0.00403415241952764	0.04859250858612114	0.004969884981140966	0.007546290890931156	0.16630476909188185	0.04715190684206812	0.000446946967862584	0.04879200281980877	0.0006897131862141901	0.045859763170224166	0.0005881650329278103	0.009363498857430857	0.1481845587796408	0.043264486649316654	0.000653462166046215	0.049056735126806035	0.002621554962786177	0.04548752697484271	0.0018372528441671539	0.007638400931953442	0.007058836899315221	0.0020669363852734834	0.0006773987402662021	0.0023443275886757143	0.0027051048078391682	0.002174326014944375	0.0019001603344562313	0.0003636542461039349	0.3911868338755093	0.4827557214916558	0.49465506397171155	0.45218610561182504	0.6997202897659299	0.6398553132680356	0.38260505249356536	0.9999575136988024	0.9999560135595468	0.38565329716058244	0.9999146174698702	0.9999316749064227
cg20384132	5	36302247.0	0.08182939512791415	0.021445067670589225	0.00014734113575273755	0.02179102686879426	0.0001870960402375544	0.022411468391899957	0.0005434031670207153	0.013869500836058295	0.07245672700839297	0.021370272513506757	0.0007356138846721321	0.02185992785124	0.0009637334131468811	0.021816197819186464	0.0015171778977769866	0.012314064087987823	0.0695482960078742	0.020580045632102428	0.0007700695653319744	0.023031208272262165	0.0026295518626183153	0.02531630959553112	0.007891891431168491	0.011804627717059044	0.003316932347745012	0.000983171554557624	0.000785901261592931	0.0011003807374488216	0.002676073702851241	0.0012102026155439533	0.008028998823136495	0.0005629996538477238	0.150229690058943	0.2144622210811623	0.2934431404131615	0.4925946839903084	0.7152483846604266	0.742603268260499	0.3965789680200669	0.9999575136988024	0.9999560135595468	0.4010763197351859	0.9999146174698702	0.9999316749064227
cg10475468	5	646144.0	-0.11466923250490908	0.03837279395603235	0.002900147129291215	0.04027839261737829	0.004539289495141497	0.03974510747799102	0.00540153268152634	-0.0025676400134918183	-0.11593384724337406	0.03885917515624815	0.0029466934190699925	0.04066799910728901	0.004486558945500992	0.03963062606753788	0.004825712426138343	-0.0026083264588091584	-0.12530611256713822	0.0392471770759564	0.0014776080604267299	0.04150308611879376	0.0026341916069715495	0.04374965888630562	0.0057259056242612745	-0.0028161327841157366	-0.005992452624975141	0.001874862589886194	0.0014602421939429256	0.001982315130862835	0.002602165290706097	0.0020881743627459053	0.005638328492315611	-0.00013481869972929142	0.3680032148701836	0.49173598105884275	0.5003145305082767	0.6039948442007769	0.8529426514864659	0.8326897594526024	0.4642201347881006	0.9999575136988024	0.9999560135595468	0.46432145796606383	0.9999146174698702	0.9999316749064227
cg16837898	20	3816161.0	-0.015683036540844117	0.013780666425896579	0.2554770832962242	0.014076288289672315	0.26558588699920344	0.012948989115767553	0.2305131590589632	-0.002043068928260402	-0.024763029527936947	0.011335619304030846	0.029244936630455496	0.011706405427866346	0.03474380958431514	0.010716737838431592	0.024246464793959963	-0.0032626476835334664	-0.0361255892493863	0.011406978256537399	0.0016127879414617715	0.01196698163183857	0.002637861985928733	0.012190420158998686	0.0043337493423209516	-0.0048358579771932315	-0.0017264236571821795	0.0005449257352368045	0.0016062000071769894	0.0005715658308542389	0.0026229319262941497	0.0005815943001450606	0.00427282811095942	-0.00023113222315040462	0.8567119083475945	0.8968745718390513	0.8731169062700462	0.7647270312118085	0.90366880157135	0.8768569685799025	0.4776528193903751	0.9999575136988024	0.9999560135595468	0.4765571455514072	0.9999146174698702	0.9999316749064227
cg13396682	3	33440477.0	0.14999900552623788	0.052318395279736064	0.004263476988442205	0.05346224725466574	0.00515533175042163	0.05627844524981366	0.009830323020626726	0.0014082112795814718	0.14969057873425162	0.05285102525556433	0.004750388023504492	0.05378255471579363	0.005522725870766936	0.05474508728701686	0.00817096836214027	0.0014070146990978957	0.15544571156063414	0.047649503571824785	0.0011633244160159622	0.051493995541595484	0.0026383489633458697	0.047971781298938046	0.0019350652641563395	0.0013814070707352428	0.007443147805031468	0.0022761738865509744	0.0011324146630296733	0.0024593816052085843	0.0025728670909010436	0.002288789598690982	0.0018688524764243768	6.615664457134441e-05	0.4083269385329604	0.5057660329449633	0.5556617987736793	0.6440261130667527	0.8573191498176632	0.8467010775793248	0.4392667416867437	0.9999575136988024	0.9999560135595468	0.4357245290353044	0.9999146174698702	0.9999316749064227
cg24931713	8	1126811.0	-0.0763718681729029	0.0239325295014642	0.0014782690220802599	0.02479819031498064	0.0021500928861145924	0.026387072585102256	0.005264916169790999	-0.006290341284554732	-0.07419592754193169	0.02216601184869139	0.0008584890887969337	0.022414472754169374	0.0009788197102467931	0.024161016798513932	0.0031854308069538166	-0.006179752289183776	-0.06754857173764717	0.021143040411645535	0.0014670908145859832	0.022377014663824687	0.0026388341573220695	0.024882885986139372	0.008615365363804178	-0.005722373936442116	-0.003226787045559161	0.0010101004346190039	0.0014686735998177005	0.0010683473741133634	0.002624316189460333	0.0011881155588047533	0.008587002609576518	-0.0002735808324649575	0.31022231591124294	0.4168023320296284	0.4988227574452173	0.4995320990494329	0.7152483846604266	0.8190901369798509	0.4628183377493848	0.9999575136988024	0.9999560135595468	0.464351039927688	0.9999146174698702	0.9999316749064227
cg11915205	2	86338055.0	-0.04184383659682603	0.014664774900563244	0.004449312877590358	0.014919787170033125	0.005172968337065561	0.014174370792055899	0.004475449037623096	-0.003555948157575409	-0.045261881346645716	0.014149042951231238	0.0014398019624089337	0.01481339648387267	0.0023300732232503945	0.013792335259463669	0.0017096657749510536	-0.0038617057989186686	-0.047425135396615796	0.013980982934264039	0.0007358092361900462	0.015717845489228926	0.0026507007272391944	0.014439696400602478	0.00169588675795294	-0.0039968869723149645	-0.0022685251202406035	0.0006679423168275767	0.0007248801333986219	0.000751051253128346	0.0026233537960786628	0.0006901898482295407	0.001683398373291395	-0.00019125294718680942	0.41369549066970457	0.5059975831453334	0.4836944409788824	0.5436541963321978	0.8143009462248806	0.768937379313347	0.3913837977039625	0.9999575136988024	0.9999560135595468	0.39427657462521937	0.9999146174698702	0.9999316749064227
cg25671686	5	16617181.0	-0.1056610866094839	0.04992704676426814	0.03465867857893467	0.04988722006156776	0.03451483697392179	0.04904649751114494	0.03517494913750027	-0.0017166248348873302	-0.09851714857707476	0.05051279830318412	0.05152324566846051	0.05032083727080527	0.05064165820096384	0.04897779145178216	0.04870010301174821	-0.0016530230557584317	-0.15116373159905658	0.04888182915022102	0.0020706550730373264	0.050101225632654255	0.002651677893028478	0.0539746882865461	0.006822416836387954	-0.0026433349928620367	-0.007243681327171049	0.002335015360183139	0.002004516475053052	0.0023944177628397764	0.0025828988651784963	0.0025808390859753693	0.006709748822251499	-0.00012665463498216957	0.6291987214072258	0.7066062742673975	0.6841891025572482	0.7937848086204624	0.9121015394608312	0.8966818093697856	0.5061388722398962	0.9999575136988024	0.9999560135595468	0.501641705011356	0.9999146174698702	0.9999316749064227
cg18806193	5	1338794.0	-0.062789244612449	0.018492742013184054	0.0007227556355956059	0.0179413072660326	0.0004942452648179572	0.016695589435751113	0.0003819855830506265	-0.008011642335381411	-0.04810378181044793	0.016016420305255963	0.0027622977052504305	0.015939721627353482	0.0026355004729656174	0.015175143360213387	0.0023851178308256266	-0.006201792300321108	-0.044178513157343946	0.014166879806846798	0.0018988424480245842	0.014643601852355094	0.002653839997617558	0.016425761286020257	0.00921421591404614	-0.005780384908310893	-0.0021142824375158724	0.0006767815314254776	0.0018636749325812928	0.0006994139538930025	0.0026023543365494488	0.0007838937092398255	0.009029575987875658	-0.0002766512769077085	0.2535174598607832	0.2875901168830965	0.26851509218893854	0.6028116505723614	0.8223114149954608	0.8005432428815005	0.4942995158866696	0.9999575136988024	0.9999560135595468	0.49368776565271333	0.9999146174698702	0.9999316749064227
cg05155047	5	168604.0	-0.08136200264005553	0.021573348524622817	0.00017555731402574187	0.022923775852467642	0.00041126060878707315	0.02672222377844699	0.003435417740363255	-0.011270762604247463	-0.07275632695245682	0.020239303652506452	0.0003467791367621512	0.021636050892994967	0.0008125544803734895	0.027153787350816732	0.009467783042947635	-0.010110365010771824	-0.05768667528849541	0.018077465884420604	0.0014859908317682864	0.01912304164695212	0.0026565179949570223	0.0221536727851781	0.011558320246802586	-0.008046910196969069	-0.0027536726048782803	0.0008640489622926403	0.0015070955175519349	0.0009140514910848523	0.0026913214208214792	0.0010596693482474568	0.011720364171413788	-0.0003842327998615858	0.15831954331236625	0.2715484118504043	0.46153292372965804	0.414071679398212	0.7095480377215632	0.8467010775793248	0.465556222653425	0.9999575136988024	0.9999560135595468	0.46604021763271575	0.9999146174698702	0.9999316749064227
cg19892195	2	236054818.0	0.06327916368156686	0.0191915555258796	0.001024004233234008	0.021795112984441086	0.003803910718630601	0.019290551821904263	0.0017166239190095358	0.010674122528972606	0.06488172560575318	0.0188685854260924	0.0006183606755455231	0.02233945649015255	0.003792815424878843	0.019270780351331625	0.0013206976221888055	0.010948734343371517	0.06659251584508546	0.018377355281361512	0.0003133065069436772	0.02207643094858863	0.002657837225549218	0.02077205343901754	0.0021443428641047474	0.011228982137194667	0.003186656220592216	0.000878061849656063	0.0003067503431371242	0.0010556468140694463	0.002638682061850935	0.000994063386155225	0.002145511077747459	0.0005373534935624046	0.2805525622372182	0.4769218240198087	0.3951132242263932	0.47703705721750767	0.8303142740997405	0.7288112796553561	0.32822431346820896	0.9999575136988024	0.9999560135595468	0.32495760599533313	0.9999146174698702	0.9999316749064227
cg20962215	19	54209646.0	-0.04987999167052873	0.014630853413234238	0.0006874961390049523	0.014498759045451141	0.0006143554492384129	0.014356305330333859	0.0009482261535978653	-0.008606821798989556	-0.027244923689384314	0.01076223726242308	0.011568273048203005	0.01109496811772614	0.014299814355631395	0.011662652092322642	0.02278978691614761	-0.004704888518931543	-0.03105053826953207	0.009451547952699596	0.0010739819387572528	0.010294149802330212	0.0026589126198535984	0.010685832014287864	0.005098547048619347	-0.005360167112585304	-0.0014880715854916904	0.0004514967816147942	0.0010348103144762293	0.0004919145041793433	0.0025843780694601902	0.0005104138847913077	0.004962370180905223	-0.00025688086076984605	0.2507087834548123	0.31146050002482073	0.34087551255044823	0.7090065849767057	0.8787275407817151	0.8759774301850706	0.42646676660716376	0.9999575136988024	0.9999560135595468	0.41955416498280984	0.9999146174698702	0.9999316749064227
cg04804052	19	10983982.0	-0.08850650166096839	0.023911318213787204	0.00023062321181168018	0.02399419323384036	0.0002422974807893954	0.022037183516568932	0.00016460624663620457	-0.014922272547862013	-0.04381203276632333	0.01823170321330083	0.016510133737154545	0.018241155293515325	0.01656597751688502	0.01758979645824153	0.015484661771870991	-0.007415446590824189	-0.05759479777520216	0.01774227455723191	0.0012299570764471542	0.01909640071403529	0.002661730997230912	0.019516717553657748	0.004488474781351711	-0.009749889680821713	-0.00274594029118095	0.0008476530874171427	0.0012588644081963933	0.0009121097340608714	0.002709422456926311	0.0009319581079950379	0.004547580162339797	-0.00046482012953424093	0.1764694811848154	0.22719299288863645	0.1977145707185246	0.7281935128392492	0.8842705155090363	0.8604667190555342	0.44700690210234645	0.9999575136988024	0.9999560135595468	0.45289722302860247	0.9999146174698702	0.9999316749064227
cg00564598	19	10106184.0	-0.009987190101198681	0.017220846849118107	0.5621300861953553	0.017454430112011653	0.5673729734630399	0.01663125644297071	0.550392904925884	-0.0007922977893418564	-0.020910855501783406	0.017114647662933597	0.2221791823280322	0.01723232581012613	0.22534931876853412	0.015632674438614505	0.1859805574739282	-0.001435004255918294	-0.039153413856794224	0.012235639219161867	0.001441722902408991	0.012982127621931898	0.0026622105378103105	0.013996837498004473	0.006885045959891436	-0.0026024502577906418	-0.0018697253415538885	0.0005845099987286148	0.0014474312999082691	0.0006200599586482668	0.0026670011474645627	0.000668759579679254	0.006913246511062455	-0.00012426171801079564	0.9423373796952946	0.9581360630046691	0.9533618209370337	0.8823680532076164	0.9390600954877655	0.9303569685743219	0.4628183377493848	0.9999575136988024	0.9999560135595468	0.4630165528446443	0.9999146174698702	0.9999316749064227
cg20157666	17	2034205.0	-0.06142836320570039	0.017357961221548295	0.00042739888565980434	0.017684212900415924	0.0005439746667871838	0.01812058181362287	0.0012304884754906296	-0.007189635339546531	-0.04304797347147968	0.015149944863814022	0.004617688203923109	0.015564113420702047	0.0058229794664282734	0.015465786346500941	0.007151120510728623	-0.005053253685623717	-0.04675888509231387	0.014201505030001203	0.0010469469098312338	0.015504634948025254	0.002663482726979186	0.014529220760463394	0.0020667933713394665	-0.0055603223842857295	-0.0022341634433241985	0.0006784767102627689	0.0010455536898973962	0.0007412429479559955	0.0026784451049340716	0.0006946236032102033	0.0020785051381053666	-0.0002657572682692777	0.21358494214078097	0.2974434480885527	0.3684246419692652	0.6416055881840527	0.8573191498176632	0.8429388508137053	0.4222098931108893	0.9999575136988024	0.9999560135595468	0.42130251651834105	0.9999146174698702	0.9999316749064227
cg00369061	11	129895686.0	-0.015202126503015612	0.01799608080505121	0.3985310536171154	0.016251195541026133	0.3498696330778185	0.01787160466067686	0.39830151222400856	-0.0008594736493373571	-0.021449993291821935	0.018124006246956193	0.23699658374848828	0.016301930699128254	0.1886617671065391	0.017214026823146007	0.21750080803511387	-0.001170328696018513	-0.04400841410158044	0.015422143874441874	0.004461116757540228	0.014595671232685525	0.0026689571719785087	0.015831301666466256	0.007221644100620144	-0.0022398172967292153	-0.002108785770900178	0.0007366982110750416	0.004339317359551852	0.0006971531941062339	0.0025861362741767466	0.000756332807954903	0.007059172371395038	-0.00010735136030766337	0.9060551910059044	0.9207248239401435	0.9261933011584255	0.8876299254283719	0.9320682554227024	0.9353377459849038	0.5741056737598174	0.9999575136988024	0.9999560135595468	0.5705547375334934	0.9999146174698702	0.9999316749064227
cg03357547	19	50661950.0	0.09585563761649248	0.029628989334484584	0.0012707638451914015	0.031166710115688872	0.002179902323917418	0.030180634724174222	0.002342167167371316	0.010761050745435879	0.09884913296569994	0.02956920365734751	0.0008717181536811875	0.03134412283192531	0.0016792773721002064	0.03075732196526804	0.0020941685914272552	0.01106820091505667	0.09710846599424638	0.0290412484179308	0.000874045440848386	0.0322086504887047	0.0026705888989185596	0.030248648807832876	0.002116065328597365	0.010903326092103566	0.004643496234150742	0.0013878467592474064	0.0008678235839655695	0.0015403710758185045	0.0026744979588167665	0.0014472738764103764	0.0021280245788640626	0.0005209306379867814	0.29767569534034205	0.4182689479426915	0.42705831194147004	0.4995320990494329	0.7771153132444778	0.7847356800150176	0.40951290212678265	0.9999575136988024	0.9999560135595468	0.4099232598499769	0.9999146174698702	0.9999316749064227
cg03768897	10	125899703.0	-0.07803241854200182	0.029489185599868347	0.008318250077061171	0.030149451754458476	0.00984151276098282	0.027773602795743618	0.006657046593743914	-0.0065346667559268625	-0.08927072966947777	0.025924510393959974	0.0006074944548397745	0.02662144803719848	0.0008402093694470196	0.021270106108896184	8.926191861482162e-05	-0.007489587212387866	-0.08407909202329936	0.025462984150068806	0.0010127590745466295	0.02788957294575562	0.0026729049925449536	0.02459971036758912	0.0011293984924185703	-0.007229964937382454	-0.004011901849440114	0.0012164996766006531	0.0010274349502223162	0.0013319811099122701	0.002696748395429924	0.0011745947447526974	0.001137515881201677	-0.00034518694672235425	0.4727158185827755	0.5719638579501486	0.5185689086550769	0.47703705721750767	0.7095480377215632	0.39705172750179496	0.4200283365493938	0.9999575136988024	0.9810328539842622	0.41955416498280984	0.9999146174698702	0.9859680748189688
cg19723218	14	35884328.0	-0.13017729718532084	0.03743544857249153	0.0005365398060289276	0.03785736925164031	0.0006180930765090252	0.03185153378402128	0.0001297366405447231	-0.008288380672688674	-0.14720602172035652	0.03586534888324162	4.5174355262525024e-05	0.0354658211327895	3.712133607757569e-05	0.028196526470554064	2.2684690010521443e-06	-0.009558779004843976	-0.10534852068000831	0.03198709838545706	0.0010435147717101426	0.03494806592533347	0.0026753698247510985	0.03093216765110403	0.0011722079083585396	-0.006842567757168372	-0.005031417358319724	0.001528112831394426	0.0010468040847033113	0.0016682013983673953	0.0026611225272757336	0.0014751602963347917	0.0011544453190634042	-0.00032699154015676686	0.23161819656896998	0.31146050002482073	0.17952824095476758	0.25481520717979755	0.34150194957930274	0.06680191997463622	0.4222098931108893	0.9999575136988024	0.9905930636798045	0.42130251651834105	0.9999146174698702	0.9875445325110325
cg08782022	16	4680135.0	-0.11174207844081482	0.03618978838330839	0.002094253276758481	0.03612336553997532	0.0020551123308883206	0.031745614031821925	0.0008228510116631095	-0.017620950227255003	-0.04757823273042679	0.020649217782207352	0.02149985923294583	0.02133615623311088	0.026059338097066228	0.023234608948037	0.044898629645454546	-0.007321093027894384	-0.06248090531176288	0.01897997384897902	0.0010491158316920574	0.020727598785510636	0.0026757908535537133	0.021459964976811293	0.005017128634390039	-0.009754552163802525	-0.0029919518348864357	0.0009066800294070595	0.0010202909890578238	0.0009910562780713718	0.0026363130858043956	0.0010271599119285545	0.004998456671688194	-0.0004671014354688473	0.3367970298474884	0.40979041114973747	0.33018607500686464	0.7448251077495209	0.8999932531887502	0.8956127523367542	0.4222098931108893	0.9999575136988024	0.9999560135595468	0.419550569113843	0.9999146174698702	0.9999316749064227
cg00804354	1	248817208.0	-0.05621452382639911	0.02524097110484729	0.026245960324016583	0.025592439095282103	0.028369998300534584	0.02769092654517196	0.046716652833491586	-0.007609709268329641	-0.03308179086239609	0.012236936350196024	0.007024533723952331	0.01289214670934448	0.010487834131733799	0.014383556190128688	0.024885437221816548	-0.0044757627347698295	-0.03959208236870964	0.012192403799421287	0.0012253559358513964	0.013136407634951271	0.0026798130663076725	0.014233991440883276	0.0071886068515761145	-0.005340609184983934	-0.0018916251037674398	0.0005824894531658897	0.001224469500848155	0.0006274365149160338	0.0026717514280689527	0.0006803453642285463	0.00721074076645051	-0.0002552469380076934	0.5991098293500593	0.6848984924008642	0.7165883324815445	0.6680465785864935	0.8712142145333529	0.8770837248288573	0.4467844908818387	0.9999575136988024	0.9999560135595468	0.448141444811771	0.9999146174698702	0.9999316749064227
cg21634064	22	31084948.0	-0.04862702729721452	0.028474710694080328	0.0881151458785448	0.02855317470075809	0.08899030161713133	0.02875808058531771	0.0959599346353903	-0.0008853263468983987	-0.04810587436176602	0.028719630453434373	0.09436508544423	0.02850168344039327	0.09187776577512391	0.028197843228772043	0.09309293448016727	-0.0008729739982815616	-0.08042421387523138	0.02590892218422436	0.0019917842989183414	0.02668715517410857	0.0026826659988977352	0.025562335485096746	0.0025574548664729748	-0.0014471845317482047	-0.003831162242574197	0.0012377499467787693	0.002051276562570206	0.0012744621891904828	0.0027487045606980815	0.0012201252138998686	0.002604606066449596	-6.89567096192046e-05	0.7359758419494931	0.7985770255930389	0.7869207341840677	0.8268392735135323	0.9176376464688996	0.9087716583083882	0.5001491463207587	0.9999575136988024	0.9999560135595468	0.5029338501228287	0.9999146174698702	0.9999316749064227
cg23876149	19	292271.0	0.09680514208538821	0.0318960422739826	0.0024912345357926235	0.03261003215142513	0.0030905184162071803	0.036095984020477936	0.00940576893878804	0.013745148362589736	0.1027612845246592	0.032259132215435214	0.0015074017866900644	0.033675712578951536	0.002360735125940988	0.03846750444555792	0.009672700596485164	0.014487069131588851	0.1106292378243692	0.033391611869671455	0.0009741506752120772	0.03672272411136028	0.0026917224613463987	0.041723913053285044	0.01019809644021264	0.015378247386931138	0.0052934893498203794	0.0015951621237711552	0.0009558876927599235	0.001755508654395226	0.00266730569559364	0.001994435292751726	0.010126180198950998	0.0007358423664876804	0.35318188707546033	0.45445035529227346	0.5498813130498081	0.5509677392980905	0.8143009462248806	0.8467010775793248	0.41574477347695715	0.9999575136988024	0.9999560135595468	0.4142851397316367	0.9999146174698702	0.9999316749064227
cg02928957	3	157496108.0	-0.06728305783280485	0.03811218365840119	0.07791831132428678	0.03949214177226283	0.08886427358673259	0.04003256488826486	0.09793389309985456	-0.002564751371552782	-0.1038287411754181	0.03373319759546415	0.0021634742982968103	0.034779235602181865	0.0029283899516469323	0.03290337111785951	0.00248802039576183	-0.004879711082740637	-0.11020792994389003	0.03464982944588316	0.0015398396996290872	0.036589554700654454	0.002696536564846654	0.037113184937797736	0.004259802656809781	-0.005289928375770379	-0.005257505556052805	0.0016554045446895255	0.0015643757249973781	0.0017454573801530932	0.0026956394603190703	0.0017732947794391295	0.004316799106769286	-0.0002526144093490402	0.7221689749686032	0.7984398678297351	0.7889132886315976	0.5752438163847702	0.8259355573115673	0.8050426537631182	0.4700610355467276	0.9999575136988024	0.9999560135595468	0.47397657117635755	0.9999146174698702	0.9999316749064227
cg25036357	8	83694233.0	-0.104875553683103	0.033688477507770875	0.0019241205144553016	0.03378090603936721	0.0019796362509715017	0.03325941346378728	0.0025049519047879746	-0.004774538297195072	-0.09447917503961867	0.03356480202491932	0.005013623865386779	0.033510299086595835	0.004943442874076159	0.03382693204826175	0.006966303858161245	-0.00436338944139257	-0.0789049237401717	0.026846162493496264	0.003408428586530648	0.02620519670984282	0.00270499326484015	0.02646530435580927	0.004117719909681561	-0.0037332572636262513	-0.003771759024629905	0.0012824334496184323	0.00338739026924165	0.0012508259009478178	0.002666823846206097	0.0012650060150745587	0.004115779337334925	-0.00017856736921077385	0.3276611023350814	0.4063832642003064	0.43247969133053016	0.649169878101067	0.8573191498176632	0.8424523148494593	0.5491601611366717	0.9999575136988024	0.9999560135595468	0.5478142670064171	0.9999146174698702	0.9999316749064227
cg04123310	1	27350581.0	-0.15853897054184796	0.03468812855475353	5.7213758472889925e-06	0.03575217776173306	1.0664748676298342e-05	0.041197796679869426	0.00028726894130520606	-0.0076306671523711615	-0.13346598681357316	0.03381024765814041	8.67194773242356e-05	0.036274823995171075	0.00025132009091976057	0.04219449851094052	0.0024333516354946402	-0.006929091497227765	-0.12468631846870884	0.032483505201672334	0.00013596727894810254	0.04141289553198598	0.00270703250472726	0.04683310979760597	0.009907594776293362	-0.0071857356704295786	-0.0059677238298949005	0.0015517098888353819	0.00013199024025883747	0.0019787182338278832	0.002662150401403983	0.00223829004273291	0.009806925058341244	-0.00034388203685430997	0.04140757200316469	0.07118586384758074	0.24377690538437152	0.2961243236921875	0.5702761030898944	0.8027541769115134	0.23124892048088147	0.9999575136988024	0.9999560135595468	0.23229306705518699	0.9999146174698702	0.9999316749064227
cg08552290	19	1954016.0	-0.06926493699145933	0.017759293066907673	0.00010504042723240245	0.018361705121278167	0.00017498069880158423	0.01595422710760008	5.424718637570372e-05	-0.006972551120604482	-0.05942652923951584	0.017578529513464152	0.0007622172077569853	0.018183782373968626	0.0011341086836670412	0.01568722806388298	0.0003494902484355685	-0.006028780237616536	-0.04723092470371628	0.01463861771257978	0.0013165179416555646	0.01568744701567128	0.002707582731301103	0.014493718322264761	0.0018316443814717484	-0.004810337097382768	-0.0022641550997106745	0.0006993035239513727	0.0012664146609707694	0.0007494211241953787	0.002617050312941025	0.0006941978372552204	0.001816202377832682	-0.00023056265916997692	0.12923580321098346	0.20882545912506853	0.12698917064563983	0.4925946839903084	0.7221039184026306	0.5985283726155515	0.45809246308145374	0.9999575136988024	0.9999560135595468	0.453276967124915	0.9999146174698702	0.9999316749064227
cg22817638	22	38089713.0	0.0848315747053619	0.030615939096399127	0.005734568081774712	0.03222314973920356	0.008653092670164165	0.03955071496023863	0.03595356876213459	0.010317970579930644	0.08886031033358632	0.03053241028025842	0.0037215393165549236	0.0325510517339912	0.006490653199892265	0.04040853512046176	0.03167593974322185	0.01075286560040547	0.10222774408935811	0.030095655700540784	0.0007236534867363277	0.03395443471952379	0.00270769877365262	0.04074109101661096	0.014772222329962432	0.012283580825373619	0.0048780462949971565	0.001437978200814766	0.0007353407537228125	0.001622970085024157	0.002752914142331021	0.0019469731217473928	0.014914792542074408	0.0005860728752064652	0.4350179295061869	0.5628633265416622	0.6870399841318114	0.6289836530993952	0.8573191498176632	0.8869810588221004	0.39079359721882073	0.9999575136988024	0.9999560135595468	0.39427657462521937	0.9999146174698702	0.9999316749064227
cg06991974	1	3067654.0	0.060861516379569935	0.018018941199613954	0.0007701459781034988	0.01828053685933857	0.0009146496042162418	0.01998264524691366	0.003425663993900013	0.007705051755914611	0.06730800162153686	0.01787664480819976	0.00018003525539430688	0.01823907766314197	0.00024087498204144577	0.01902074150998331	0.0007759247034181077	0.00861279075141767	0.06053073615715687	0.018620595751618566	0.0012107529445248859	0.020108398029070274	0.0027121992236456014	0.021247484433171215	0.005974349919080892	0.007740154532014532	0.002881442829782701	0.00088983005231491	0.0012643817887295439	0.0009605372620749018	0.002805180180500995	0.0010140859247930387	0.006098289139888249	0.0003685909399358119	0.25840626008555384	0.33382042558564734	0.46146694092411994	0.335656938932439	0.5702761030898944	0.6669319604818971	0.4454050545115412	0.9999575136988024	0.9999560135595468	0.453276967124915	0.9999146174698702	0.9999316749064227
cg22055511	11	61362774.0	-0.038787047064216984	0.01653292037077093	0.019242051333188008	0.0165831119688813	0.019608820986896286	0.016751681132903637	0.023969339923582005	-0.0022676577210653083	-0.033223702681123755	0.016460994655464595	0.04392734035175875	0.016478221977761668	0.04414798589132439	0.016878784158868346	0.05357456226522418	-0.0019300808617258192	-0.04805861215756743	0.01522848725002648	0.0016746650624774298	0.015965728795052755	0.002713176190192304	0.01620957629437188	0.004316735825475948	-0.0028134564118586633	-0.002291367250224423	0.0007275028745291906	0.0017100724829696868	0.0007635252791154675	0.0027941897266801036	0.0007749591345047132	0.00441655815041882	-0.00013413177111053215	0.5623860288466939	0.64348271608748	0.6434494491856393	0.7842178635334401	0.9089493664794194	0.898302401719214	0.48099879786878097	0.9999575136988024	0.9999560135595468	0.4820899876171286	0.9999146174698702	0.9999316749064227
cg01832005	3	62319104.0	-0.06385781238559841	0.03296815999062722	0.053139129716781905	0.0328827797499258	0.05252610238653268	0.034963685111803394	0.07268383353184904	-0.00589688782005582	-0.06500992654407223	0.027933978480981222	0.020227245036524306	0.028586352083483653	0.023249850169660042	0.02842781570726424	0.025688877247759378	-0.006077394759732029	-0.08600054559135392	0.027528432733261523	0.0018634408508566792	0.028576519703929073	0.002718712219860376	0.02582769960975128	0.0014783868417264031	-0.008073164457070386	-0.004106060463507871	0.001315358983229429	0.0018786890934168652	0.0013657353651478517	0.0027453007517095522	0.0012341711046978461	0.0014910002918072692	-0.0003856503651735883	0.6797211377562478	0.7479027411506021	0.7616140866900546	0.74098893531731	0.8955318394923875	0.8805688837214897	0.4942995158866696	0.9999575136988024	0.9999560135595468	0.4939106855129174	0.9999146174698702	0.9999316749064227
